82f10aaf34efa7b4b14b8447706f69bc2e9fa0a2,com.longevitysoft.android.appwidget.hstfeed.activity.BaseActivity,295,76,16
82f10aaf34efa7b4b14b8447706f69bc2e9fa0a2,com.longevitysoft.android.appwidget.hstfeed.activity.HSTFeedConfigureBase,255,60,11
82f10aaf34efa7b4b14b8447706f69bc2e9fa0a2,com.longevitysoft.android.appwidget.hstfeed.activity.HSTFeedConfigureImages,518,153,21
82f10aaf34efa7b4b14b8447706f69bc2e9fa0a2,com.longevitysoft.android.appwidget.hstfeed.activity.HSTFeedConfigureImagesOptions,128,0,12
82f10aaf34efa7b4b14b8447706f69bc2e9fa0a2,com.longevitysoft.android.appwidget.hstfeed.activity.HSTFeedConfigureLg,45,0,2
82f10aaf34efa7b4b14b8447706f69bc2e9fa0a2,com.longevitysoft.android.appwidget.hstfeed.activity.HSTFeedConfigureMed,45,0,2
82f10aaf34efa7b4b14b8447706f69bc2e9fa0a2,com.longevitysoft.android.appwidget.hstfeed.activity.HSTFeedConfigureSm,45,0,2
82f10aaf34efa7b4b14b8447706f69bc2e9fa0a2,com.longevitysoft.android.appwidget.hstfeed.activity.HSTFeedFullsizeDisplay,164,4,17
82f10aaf34efa7b4b14b8447706f69bc2e9fa0a2,com.longevitysoft.android.appwidget.hstfeed.activity.HSTFeedWidgetInfo,51,0,4
82f10aaf34efa7b4b14b8447706f69bc2e9fa0a2,com.longevitysoft.android.appwidget.hstfeed.activity.HSTFeedWidgetTouchOptions,298,0,19
82f10aaf34efa7b4b14b8447706f69bc2e9fa0a2,com.longevitysoft.android.appwidget.hstfeed.adapter.ImageAdapter,110,0,8
82f10aaf34efa7b4b14b8447706f69bc2e9fa0a2,com.longevitysoft.android.appwidget.hstfeed.appwidget.HSTFeedBase,101,3,8
82f10aaf34efa7b4b14b8447706f69bc2e9fa0a2,com.longevitysoft.android.appwidget.hstfeed.appwidget.HSTFeedLg,36,0,1
82f10aaf34efa7b4b14b8447706f69bc2e9fa0a2,com.longevitysoft.android.appwidget.hstfeed.appwidget.HSTFeedMed,36,0,1
82f10aaf34efa7b4b14b8447706f69bc2e9fa0a2,com.longevitysoft.android.appwidget.hstfeed.appwidget.HSTFeedSm,36,0,1
82f10aaf34efa7b4b14b8447706f69bc2e9fa0a2,com.longevitysoft.android.appwidget.hstfeed.async.BitmapCacheWorker,66,1,4
82f10aaf34efa7b4b14b8447706f69bc2e9fa0a2,com.longevitysoft.android.appwidget.hstfeed.async.DownloadHSTFeedXML,5,0,0
82f10aaf34efa7b4b14b8447706f69bc2e9fa0a2,com.longevitysoft.android.appwidget.hstfeed.async.HSTFeedXMLWorker,438,15,33
82f10aaf34efa7b4b14b8447706f69bc2e9fa0a2,com.longevitysoft.android.appwidget.hstfeed.Constants,86,0,0
82f10aaf34efa7b4b14b8447706f69bc2e9fa0a2,com.longevitysoft.android.appwidget.hstfeed.handler.HSTFeedXMLWorkerHandler,156,16,6
82f10aaf34efa7b4b14b8447706f69bc2e9fa0a2,com.longevitysoft.android.appwidget.hstfeed.provider.ImageDB,785,0,22
82f10aaf34efa7b4b14b8447706f69bc2e9fa0a2,com.longevitysoft.android.appwidget.hstfeed.provider.ImageDBUtil,77,1,0
82f10aaf34efa7b4b14b8447706f69bc2e9fa0a2,com.longevitysoft.android.appwidget.hstfeed.service.HSTFeedService,417,0,22
82f10aaf34efa7b4b14b8447706f69bc2e9fa0a2,com.longevitysoft.android.appwidget.hstfeed.service.HSTImage,171,135,1
82f10aaf34efa7b4b14b8447706f69bc2e9fa0a2,com.longevitysoft.android.appwidget.hstfeed.util.HSTFeedUtil,134,3,12
e0516410a1efb877441c11e244d80056bb7152aa,com.longevitysoft.android.appwidget.hstfeed.activity.BaseActivity,295,76,16
e0516410a1efb877441c11e244d80056bb7152aa,com.longevitysoft.android.appwidget.hstfeed.activity.HSTFeedConfigureBase,255,60,11
e0516410a1efb877441c11e244d80056bb7152aa,com.longevitysoft.android.appwidget.hstfeed.activity.HSTFeedConfigureImages,518,153,21
e0516410a1efb877441c11e244d80056bb7152aa,com.longevitysoft.android.appwidget.hstfeed.activity.HSTFeedConfigureImagesOptions,128,0,12
e0516410a1efb877441c11e244d80056bb7152aa,com.longevitysoft.android.appwidget.hstfeed.activity.HSTFeedConfigureLg,45,0,2
e0516410a1efb877441c11e244d80056bb7152aa,com.longevitysoft.android.appwidget.hstfeed.activity.HSTFeedConfigureMed,45,0,2
e0516410a1efb877441c11e244d80056bb7152aa,com.longevitysoft.android.appwidget.hstfeed.activity.HSTFeedConfigureSm,45,0,2
e0516410a1efb877441c11e244d80056bb7152aa,com.longevitysoft.android.appwidget.hstfeed.activity.HSTFeedFullsizeDisplay,164,4,17
e0516410a1efb877441c11e244d80056bb7152aa,com.longevitysoft.android.appwidget.hstfeed.activity.HSTFeedWidgetInfo,51,0,4
e0516410a1efb877441c11e244d80056bb7152aa,com.longevitysoft.android.appwidget.hstfeed.activity.HSTFeedWidgetTouchOptions,298,0,19
e0516410a1efb877441c11e244d80056bb7152aa,com.longevitysoft.android.appwidget.hstfeed.adapter.ImageAdapter,110,0,8
e0516410a1efb877441c11e244d80056bb7152aa,com.longevitysoft.android.appwidget.hstfeed.appwidget.HSTFeedBase,101,3,8
e0516410a1efb877441c11e244d80056bb7152aa,com.longevitysoft.android.appwidget.hstfeed.appwidget.HSTFeedLg,36,0,1
e0516410a1efb877441c11e244d80056bb7152aa,com.longevitysoft.android.appwidget.hstfeed.appwidget.HSTFeedMed,36,0,1
e0516410a1efb877441c11e244d80056bb7152aa,com.longevitysoft.android.appwidget.hstfeed.appwidget.HSTFeedSm,36,0,1
e0516410a1efb877441c11e244d80056bb7152aa,com.longevitysoft.android.appwidget.hstfeed.async.BitmapCacheWorker,66,1,4
e0516410a1efb877441c11e244d80056bb7152aa,com.longevitysoft.android.appwidget.hstfeed.async.DownloadHSTFeedXML,5,0,0
e0516410a1efb877441c11e244d80056bb7152aa,com.longevitysoft.android.appwidget.hstfeed.async.HSTFeedXMLWorker,438,15,33
e0516410a1efb877441c11e244d80056bb7152aa,com.longevitysoft.android.appwidget.hstfeed.Constants,86,0,0
e0516410a1efb877441c11e244d80056bb7152aa,com.longevitysoft.android.appwidget.hstfeed.handler.HSTFeedXMLWorkerHandler,156,16,6
e0516410a1efb877441c11e244d80056bb7152aa,com.longevitysoft.android.appwidget.hstfeed.provider.ImageDB,785,0,22
e0516410a1efb877441c11e244d80056bb7152aa,com.longevitysoft.android.appwidget.hstfeed.provider.ImageDBUtil,77,1,0
e0516410a1efb877441c11e244d80056bb7152aa,com.longevitysoft.android.appwidget.hstfeed.service.HSTFeedService,417,0,22
e0516410a1efb877441c11e244d80056bb7152aa,com.longevitysoft.android.appwidget.hstfeed.service.HSTImage,171,135,1
e0516410a1efb877441c11e244d80056bb7152aa,com.longevitysoft.android.appwidget.hstfeed.util.HSTFeedUtil,134,3,12
abb6213c6cbc5e871914184e74784d2b1807a024,com.longevitysoft.android.appwidget.hstfeed.activity.BaseActivity,295,76,16
abb6213c6cbc5e871914184e74784d2b1807a024,com.longevitysoft.android.appwidget.hstfeed.activity.HSTFeedConfigureBase,255,60,11
abb6213c6cbc5e871914184e74784d2b1807a024,com.longevitysoft.android.appwidget.hstfeed.activity.HSTFeedConfigureImages,518,153,21
abb6213c6cbc5e871914184e74784d2b1807a024,com.longevitysoft.android.appwidget.hstfeed.activity.HSTFeedConfigureImagesOptions,128,0,12
abb6213c6cbc5e871914184e74784d2b1807a024,com.longevitysoft.android.appwidget.hstfeed.activity.HSTFeedConfigureLg,45,0,2
abb6213c6cbc5e871914184e74784d2b1807a024,com.longevitysoft.android.appwidget.hstfeed.activity.HSTFeedConfigureMed,45,0,2
abb6213c6cbc5e871914184e74784d2b1807a024,com.longevitysoft.android.appwidget.hstfeed.activity.HSTFeedConfigureSm,45,0,2
abb6213c6cbc5e871914184e74784d2b1807a024,com.longevitysoft.android.appwidget.hstfeed.activity.HSTFeedFullsizeDisplay,164,4,17
abb6213c6cbc5e871914184e74784d2b1807a024,com.longevitysoft.android.appwidget.hstfeed.activity.HSTFeedWidgetInfo,51,0,4
abb6213c6cbc5e871914184e74784d2b1807a024,com.longevitysoft.android.appwidget.hstfeed.activity.HSTFeedWidgetTouchOptions,298,0,19
abb6213c6cbc5e871914184e74784d2b1807a024,com.longevitysoft.android.appwidget.hstfeed.adapter.ImageAdapter,110,0,8
abb6213c6cbc5e871914184e74784d2b1807a024,com.longevitysoft.android.appwidget.hstfeed.appwidget.HSTFeedBase,101,3,8
abb6213c6cbc5e871914184e74784d2b1807a024,com.longevitysoft.android.appwidget.hstfeed.appwidget.HSTFeedLg,36,0,1
abb6213c6cbc5e871914184e74784d2b1807a024,com.longevitysoft.android.appwidget.hstfeed.appwidget.HSTFeedMed,36,0,1
abb6213c6cbc5e871914184e74784d2b1807a024,com.longevitysoft.android.appwidget.hstfeed.appwidget.HSTFeedSm,36,0,1
abb6213c6cbc5e871914184e74784d2b1807a024,com.longevitysoft.android.appwidget.hstfeed.async.BitmapCacheWorker,66,1,4
abb6213c6cbc5e871914184e74784d2b1807a024,com.longevitysoft.android.appwidget.hstfeed.async.DownloadHSTFeedXML,5,0,0
abb6213c6cbc5e871914184e74784d2b1807a024,com.longevitysoft.android.appwidget.hstfeed.async.HSTFeedXMLWorker,438,15,33
abb6213c6cbc5e871914184e74784d2b1807a024,com.longevitysoft.android.appwidget.hstfeed.Constants,86,0,0
abb6213c6cbc5e871914184e74784d2b1807a024,com.longevitysoft.android.appwidget.hstfeed.handler.HSTFeedXMLWorkerHandler,156,16,6
abb6213c6cbc5e871914184e74784d2b1807a024,com.longevitysoft.android.appwidget.hstfeed.provider.ImageDB,785,0,22
abb6213c6cbc5e871914184e74784d2b1807a024,com.longevitysoft.android.appwidget.hstfeed.provider.ImageDBUtil,77,1,0
abb6213c6cbc5e871914184e74784d2b1807a024,com.longevitysoft.android.appwidget.hstfeed.service.HSTFeedService,417,0,22
abb6213c6cbc5e871914184e74784d2b1807a024,com.longevitysoft.android.appwidget.hstfeed.service.HSTImage,171,135,1
abb6213c6cbc5e871914184e74784d2b1807a024,com.longevitysoft.android.appwidget.hstfeed.util.HSTFeedUtil,134,3,12
35e95135776829a4708077ddf439638ac4be0a3e,com.longevitysoft.android.appwidget.hstfeed.activity.BaseActivity,295,76,16
35e95135776829a4708077ddf439638ac4be0a3e,com.longevitysoft.android.appwidget.hstfeed.activity.HSTFeedConfigureBase,255,60,11
35e95135776829a4708077ddf439638ac4be0a3e,com.longevitysoft.android.appwidget.hstfeed.activity.HSTFeedConfigureImages,518,153,21
35e95135776829a4708077ddf439638ac4be0a3e,com.longevitysoft.android.appwidget.hstfeed.activity.HSTFeedConfigureImagesOptions,128,0,12
35e95135776829a4708077ddf439638ac4be0a3e,com.longevitysoft.android.appwidget.hstfeed.activity.HSTFeedConfigureLg,45,0,2
35e95135776829a4708077ddf439638ac4be0a3e,com.longevitysoft.android.appwidget.hstfeed.activity.HSTFeedConfigureMed,45,0,2
35e95135776829a4708077ddf439638ac4be0a3e,com.longevitysoft.android.appwidget.hstfeed.activity.HSTFeedConfigureSm,45,0,2
35e95135776829a4708077ddf439638ac4be0a3e,com.longevitysoft.android.appwidget.hstfeed.activity.HSTFeedFullsizeDisplay,164,4,17
35e95135776829a4708077ddf439638ac4be0a3e,com.longevitysoft.android.appwidget.hstfeed.activity.HSTFeedWidgetInfo,51,0,4
35e95135776829a4708077ddf439638ac4be0a3e,com.longevitysoft.android.appwidget.hstfeed.activity.HSTFeedWidgetTouchOptions,298,0,19
35e95135776829a4708077ddf439638ac4be0a3e,com.longevitysoft.android.appwidget.hstfeed.adapter.ImageAdapter,110,0,8
35e95135776829a4708077ddf439638ac4be0a3e,com.longevitysoft.android.appwidget.hstfeed.appwidget.HSTFeedBase,101,3,8
35e95135776829a4708077ddf439638ac4be0a3e,com.longevitysoft.android.appwidget.hstfeed.appwidget.HSTFeedLg,36,0,1
35e95135776829a4708077ddf439638ac4be0a3e,com.longevitysoft.android.appwidget.hstfeed.appwidget.HSTFeedMed,36,0,1
35e95135776829a4708077ddf439638ac4be0a3e,com.longevitysoft.android.appwidget.hstfeed.appwidget.HSTFeedSm,36,0,1
35e95135776829a4708077ddf439638ac4be0a3e,com.longevitysoft.android.appwidget.hstfeed.async.BitmapCacheWorker,66,1,4
35e95135776829a4708077ddf439638ac4be0a3e,com.longevitysoft.android.appwidget.hstfeed.async.DownloadHSTFeedXML,5,0,0
35e95135776829a4708077ddf439638ac4be0a3e,com.longevitysoft.android.appwidget.hstfeed.async.HSTFeedXMLWorker,438,15,33
35e95135776829a4708077ddf439638ac4be0a3e,com.longevitysoft.android.appwidget.hstfeed.Constants,86,0,0
35e95135776829a4708077ddf439638ac4be0a3e,com.longevitysoft.android.appwidget.hstfeed.handler.HSTFeedXMLWorkerHandler,156,16,6
35e95135776829a4708077ddf439638ac4be0a3e,com.longevitysoft.android.appwidget.hstfeed.provider.ImageDB,785,0,22
35e95135776829a4708077ddf439638ac4be0a3e,com.longevitysoft.android.appwidget.hstfeed.provider.ImageDBUtil,77,1,0
35e95135776829a4708077ddf439638ac4be0a3e,com.longevitysoft.android.appwidget.hstfeed.service.HSTFeedService,417,0,22
35e95135776829a4708077ddf439638ac4be0a3e,com.longevitysoft.android.appwidget.hstfeed.service.HSTImage,171,135,1
35e95135776829a4708077ddf439638ac4be0a3e,com.longevitysoft.android.appwidget.hstfeed.util.HSTFeedUtil,134,3,12
87ef7d4c5f43c3b186cc35665e466045ce2be2ec,com.longevitysoft.android.appwidget.hstfeed.activity.BaseActivity,295,76,16
87ef7d4c5f43c3b186cc35665e466045ce2be2ec,com.longevitysoft.android.appwidget.hstfeed.activity.HSTFeedConfigureBase,255,60,11
87ef7d4c5f43c3b186cc35665e466045ce2be2ec,com.longevitysoft.android.appwidget.hstfeed.activity.HSTFeedConfigureImages,518,153,21
87ef7d4c5f43c3b186cc35665e466045ce2be2ec,com.longevitysoft.android.appwidget.hstfeed.activity.HSTFeedConfigureImagesOptions,128,0,12
87ef7d4c5f43c3b186cc35665e466045ce2be2ec,com.longevitysoft.android.appwidget.hstfeed.activity.HSTFeedConfigureLg,45,0,2
87ef7d4c5f43c3b186cc35665e466045ce2be2ec,com.longevitysoft.android.appwidget.hstfeed.activity.HSTFeedConfigureMed,45,0,2
87ef7d4c5f43c3b186cc35665e466045ce2be2ec,com.longevitysoft.android.appwidget.hstfeed.activity.HSTFeedConfigureSm,45,0,2
87ef7d4c5f43c3b186cc35665e466045ce2be2ec,com.longevitysoft.android.appwidget.hstfeed.activity.HSTFeedFullsizeDisplay,164,4,17
87ef7d4c5f43c3b186cc35665e466045ce2be2ec,com.longevitysoft.android.appwidget.hstfeed.activity.HSTFeedWidgetInfo,51,0,4
87ef7d4c5f43c3b186cc35665e466045ce2be2ec,com.longevitysoft.android.appwidget.hstfeed.activity.HSTFeedWidgetTouchOptions,298,0,19
87ef7d4c5f43c3b186cc35665e466045ce2be2ec,com.longevitysoft.android.appwidget.hstfeed.adapter.ImageAdapter,110,0,8
87ef7d4c5f43c3b186cc35665e466045ce2be2ec,com.longevitysoft.android.appwidget.hstfeed.appwidget.HSTFeedBase,101,3,8
87ef7d4c5f43c3b186cc35665e466045ce2be2ec,com.longevitysoft.android.appwidget.hstfeed.appwidget.HSTFeedLg,36,0,1
87ef7d4c5f43c3b186cc35665e466045ce2be2ec,com.longevitysoft.android.appwidget.hstfeed.appwidget.HSTFeedMed,36,0,1
87ef7d4c5f43c3b186cc35665e466045ce2be2ec,com.longevitysoft.android.appwidget.hstfeed.appwidget.HSTFeedSm,36,0,1
87ef7d4c5f43c3b186cc35665e466045ce2be2ec,com.longevitysoft.android.appwidget.hstfeed.async.BitmapCacheWorker,66,1,4
87ef7d4c5f43c3b186cc35665e466045ce2be2ec,com.longevitysoft.android.appwidget.hstfeed.async.DownloadHSTFeedXML,5,0,0
87ef7d4c5f43c3b186cc35665e466045ce2be2ec,com.longevitysoft.android.appwidget.hstfeed.async.HSTFeedXMLWorker,438,15,33
87ef7d4c5f43c3b186cc35665e466045ce2be2ec,com.longevitysoft.android.appwidget.hstfeed.Constants,86,0,0
87ef7d4c5f43c3b186cc35665e466045ce2be2ec,com.longevitysoft.android.appwidget.hstfeed.handler.HSTFeedXMLWorkerHandler,156,16,6
87ef7d4c5f43c3b186cc35665e466045ce2be2ec,com.longevitysoft.android.appwidget.hstfeed.provider.ImageDB,785,0,22
87ef7d4c5f43c3b186cc35665e466045ce2be2ec,com.longevitysoft.android.appwidget.hstfeed.provider.ImageDBUtil,77,1,0
87ef7d4c5f43c3b186cc35665e466045ce2be2ec,com.longevitysoft.android.appwidget.hstfeed.service.HSTFeedService,417,0,22
87ef7d4c5f43c3b186cc35665e466045ce2be2ec,com.longevitysoft.android.appwidget.hstfeed.service.HSTImage,171,135,1
87ef7d4c5f43c3b186cc35665e466045ce2be2ec,com.longevitysoft.android.appwidget.hstfeed.util.HSTFeedUtil,134,3,12
c81560debffef0509718aa6535fe8d1eef521dc3,com.longevitysoft.android.appwidget.hstfeed.activity.BaseActivity,295,76,16
c81560debffef0509718aa6535fe8d1eef521dc3,com.longevitysoft.android.appwidget.hstfeed.activity.HSTFeedConfigureBase,255,60,11
c81560debffef0509718aa6535fe8d1eef521dc3,com.longevitysoft.android.appwidget.hstfeed.activity.HSTFeedConfigureImages,518,153,21
c81560debffef0509718aa6535fe8d1eef521dc3,com.longevitysoft.android.appwidget.hstfeed.activity.HSTFeedConfigureImagesOptions,128,0,12
c81560debffef0509718aa6535fe8d1eef521dc3,com.longevitysoft.android.appwidget.hstfeed.activity.HSTFeedConfigureLg,45,0,2
c81560debffef0509718aa6535fe8d1eef521dc3,com.longevitysoft.android.appwidget.hstfeed.activity.HSTFeedConfigureMed,45,0,2
c81560debffef0509718aa6535fe8d1eef521dc3,com.longevitysoft.android.appwidget.hstfeed.activity.HSTFeedConfigureSm,45,0,2
c81560debffef0509718aa6535fe8d1eef521dc3,com.longevitysoft.android.appwidget.hstfeed.activity.HSTFeedFullsizeDisplay,164,4,17
c81560debffef0509718aa6535fe8d1eef521dc3,com.longevitysoft.android.appwidget.hstfeed.activity.HSTFeedWidgetInfo,51,0,4
c81560debffef0509718aa6535fe8d1eef521dc3,com.longevitysoft.android.appwidget.hstfeed.activity.HSTFeedWidgetTouchOptions,298,0,19
c81560debffef0509718aa6535fe8d1eef521dc3,com.longevitysoft.android.appwidget.hstfeed.adapter.ImageAdapter,110,0,8
c81560debffef0509718aa6535fe8d1eef521dc3,com.longevitysoft.android.appwidget.hstfeed.appwidget.HSTFeedBase,101,3,8
c81560debffef0509718aa6535fe8d1eef521dc3,com.longevitysoft.android.appwidget.hstfeed.appwidget.HSTFeedLg,36,0,1
c81560debffef0509718aa6535fe8d1eef521dc3,com.longevitysoft.android.appwidget.hstfeed.appwidget.HSTFeedMed,36,0,1
c81560debffef0509718aa6535fe8d1eef521dc3,com.longevitysoft.android.appwidget.hstfeed.appwidget.HSTFeedSm,36,0,1
c81560debffef0509718aa6535fe8d1eef521dc3,com.longevitysoft.android.appwidget.hstfeed.async.BitmapCacheWorker,66,1,4
c81560debffef0509718aa6535fe8d1eef521dc3,com.longevitysoft.android.appwidget.hstfeed.async.DownloadHSTFeedXML,5,0,0
c81560debffef0509718aa6535fe8d1eef521dc3,com.longevitysoft.android.appwidget.hstfeed.async.HSTFeedXMLWorker,438,15,33
c81560debffef0509718aa6535fe8d1eef521dc3,com.longevitysoft.android.appwidget.hstfeed.Constants,86,0,0
c81560debffef0509718aa6535fe8d1eef521dc3,com.longevitysoft.android.appwidget.hstfeed.handler.HSTFeedXMLWorkerHandler,156,16,6
c81560debffef0509718aa6535fe8d1eef521dc3,com.longevitysoft.android.appwidget.hstfeed.provider.ImageDB,785,0,22
c81560debffef0509718aa6535fe8d1eef521dc3,com.longevitysoft.android.appwidget.hstfeed.provider.ImageDBUtil,77,1,0
c81560debffef0509718aa6535fe8d1eef521dc3,com.longevitysoft.android.appwidget.hstfeed.service.HSTFeedService,417,0,22
c81560debffef0509718aa6535fe8d1eef521dc3,com.longevitysoft.android.appwidget.hstfeed.service.HSTImage,171,135,1
c81560debffef0509718aa6535fe8d1eef521dc3,com.longevitysoft.android.appwidget.hstfeed.util.HSTFeedUtil,134,3,12
194a4e51af826a2451dfd712d6366382a0173fca,com.longevitysoft.android.appwidget.hstfeed.activity.BaseActivity,295,76,16
194a4e51af826a2451dfd712d6366382a0173fca,com.longevitysoft.android.appwidget.hstfeed.activity.HSTFeedConfigureBase,255,60,11
194a4e51af826a2451dfd712d6366382a0173fca,com.longevitysoft.android.appwidget.hstfeed.activity.HSTFeedConfigureImages,518,153,21
194a4e51af826a2451dfd712d6366382a0173fca,com.longevitysoft.android.appwidget.hstfeed.activity.HSTFeedConfigureImagesOptions,128,0,12
194a4e51af826a2451dfd712d6366382a0173fca,com.longevitysoft.android.appwidget.hstfeed.activity.HSTFeedConfigureLg,45,0,2
194a4e51af826a2451dfd712d6366382a0173fca,com.longevitysoft.android.appwidget.hstfeed.activity.HSTFeedConfigureMed,45,0,2
194a4e51af826a2451dfd712d6366382a0173fca,com.longevitysoft.android.appwidget.hstfeed.activity.HSTFeedConfigureSm,45,0,2
194a4e51af826a2451dfd712d6366382a0173fca,com.longevitysoft.android.appwidget.hstfeed.activity.HSTFeedFullsizeDisplay,164,4,17
194a4e51af826a2451dfd712d6366382a0173fca,com.longevitysoft.android.appwidget.hstfeed.activity.HSTFeedWidgetInfo,51,0,4
194a4e51af826a2451dfd712d6366382a0173fca,com.longevitysoft.android.appwidget.hstfeed.activity.HSTFeedWidgetTouchOptions,298,0,19
194a4e51af826a2451dfd712d6366382a0173fca,com.longevitysoft.android.appwidget.hstfeed.adapter.ImageAdapter,110,0,8
194a4e51af826a2451dfd712d6366382a0173fca,com.longevitysoft.android.appwidget.hstfeed.appwidget.HSTFeedBase,101,3,8
194a4e51af826a2451dfd712d6366382a0173fca,com.longevitysoft.android.appwidget.hstfeed.appwidget.HSTFeedLg,36,0,1
194a4e51af826a2451dfd712d6366382a0173fca,com.longevitysoft.android.appwidget.hstfeed.appwidget.HSTFeedMed,36,0,1
194a4e51af826a2451dfd712d6366382a0173fca,com.longevitysoft.android.appwidget.hstfeed.appwidget.HSTFeedSm,36,0,1
194a4e51af826a2451dfd712d6366382a0173fca,com.longevitysoft.android.appwidget.hstfeed.async.BitmapCacheWorker,66,1,4
194a4e51af826a2451dfd712d6366382a0173fca,com.longevitysoft.android.appwidget.hstfeed.async.DownloadHSTFeedXML,5,0,0
194a4e51af826a2451dfd712d6366382a0173fca,com.longevitysoft.android.appwidget.hstfeed.async.HSTFeedXMLWorker,438,15,33
194a4e51af826a2451dfd712d6366382a0173fca,com.longevitysoft.android.appwidget.hstfeed.Constants,86,0,0
194a4e51af826a2451dfd712d6366382a0173fca,com.longevitysoft.android.appwidget.hstfeed.handler.HSTFeedXMLWorkerHandler,156,16,6
194a4e51af826a2451dfd712d6366382a0173fca,com.longevitysoft.android.appwidget.hstfeed.provider.ImageDB,785,0,22
194a4e51af826a2451dfd712d6366382a0173fca,com.longevitysoft.android.appwidget.hstfeed.provider.ImageDBUtil,77,1,0
194a4e51af826a2451dfd712d6366382a0173fca,com.longevitysoft.android.appwidget.hstfeed.service.HSTFeedService,417,0,22
194a4e51af826a2451dfd712d6366382a0173fca,com.longevitysoft.android.appwidget.hstfeed.service.HSTImage,171,135,1
194a4e51af826a2451dfd712d6366382a0173fca,com.longevitysoft.android.appwidget.hstfeed.util.HSTFeedUtil,134,3,12
dfb9be50da92acda0bec6633469613b4ea60e2b0,com.longevitysoft.android.appwidget.hstfeed.activity.BaseActivity,295,76,16
dfb9be50da92acda0bec6633469613b4ea60e2b0,com.longevitysoft.android.appwidget.hstfeed.activity.HSTFeedConfigureBase,255,60,11
dfb9be50da92acda0bec6633469613b4ea60e2b0,com.longevitysoft.android.appwidget.hstfeed.activity.HSTFeedConfigureImages,518,153,21
dfb9be50da92acda0bec6633469613b4ea60e2b0,com.longevitysoft.android.appwidget.hstfeed.activity.HSTFeedConfigureImagesOptions,128,0,12
dfb9be50da92acda0bec6633469613b4ea60e2b0,com.longevitysoft.android.appwidget.hstfeed.activity.HSTFeedConfigureLg,45,0,2
dfb9be50da92acda0bec6633469613b4ea60e2b0,com.longevitysoft.android.appwidget.hstfeed.activity.HSTFeedConfigureMed,45,0,2
dfb9be50da92acda0bec6633469613b4ea60e2b0,com.longevitysoft.android.appwidget.hstfeed.activity.HSTFeedConfigureSm,45,0,2
dfb9be50da92acda0bec6633469613b4ea60e2b0,com.longevitysoft.android.appwidget.hstfeed.activity.HSTFeedFullsizeDisplay,164,4,17
dfb9be50da92acda0bec6633469613b4ea60e2b0,com.longevitysoft.android.appwidget.hstfeed.activity.HSTFeedWidgetInfo,51,0,4
dfb9be50da92acda0bec6633469613b4ea60e2b0,com.longevitysoft.android.appwidget.hstfeed.activity.HSTFeedWidgetTouchOptions,298,0,19
dfb9be50da92acda0bec6633469613b4ea60e2b0,com.longevitysoft.android.appwidget.hstfeed.adapter.ImageAdapter,110,0,8
dfb9be50da92acda0bec6633469613b4ea60e2b0,com.longevitysoft.android.appwidget.hstfeed.appwidget.HSTFeedBase,101,3,8
dfb9be50da92acda0bec6633469613b4ea60e2b0,com.longevitysoft.android.appwidget.hstfeed.appwidget.HSTFeedLg,36,0,1
dfb9be50da92acda0bec6633469613b4ea60e2b0,com.longevitysoft.android.appwidget.hstfeed.appwidget.HSTFeedMed,36,0,1
dfb9be50da92acda0bec6633469613b4ea60e2b0,com.longevitysoft.android.appwidget.hstfeed.appwidget.HSTFeedSm,36,0,1
dfb9be50da92acda0bec6633469613b4ea60e2b0,com.longevitysoft.android.appwidget.hstfeed.async.BitmapCacheWorker,66,1,4
dfb9be50da92acda0bec6633469613b4ea60e2b0,com.longevitysoft.android.appwidget.hstfeed.async.DownloadHSTFeedXML,5,0,0
dfb9be50da92acda0bec6633469613b4ea60e2b0,com.longevitysoft.android.appwidget.hstfeed.async.HSTFeedXMLWorker,438,15,33
dfb9be50da92acda0bec6633469613b4ea60e2b0,com.longevitysoft.android.appwidget.hstfeed.Constants,86,0,0
dfb9be50da92acda0bec6633469613b4ea60e2b0,com.longevitysoft.android.appwidget.hstfeed.handler.HSTFeedXMLWorkerHandler,156,16,6
dfb9be50da92acda0bec6633469613b4ea60e2b0,com.longevitysoft.android.appwidget.hstfeed.provider.ImageDB,785,0,22
dfb9be50da92acda0bec6633469613b4ea60e2b0,com.longevitysoft.android.appwidget.hstfeed.provider.ImageDBUtil,77,1,0
dfb9be50da92acda0bec6633469613b4ea60e2b0,com.longevitysoft.android.appwidget.hstfeed.service.HSTFeedService,417,0,22
dfb9be50da92acda0bec6633469613b4ea60e2b0,com.longevitysoft.android.appwidget.hstfeed.service.HSTImage,171,135,1
dfb9be50da92acda0bec6633469613b4ea60e2b0,com.longevitysoft.android.appwidget.hstfeed.util.HSTFeedUtil,134,3,12
9e729cccdfe04c714e6a5f7bbd11651c29663485,com.longevitysoft.android.appwidget.hstfeed.activity.BaseActivity,295,76,16
9e729cccdfe04c714e6a5f7bbd11651c29663485,com.longevitysoft.android.appwidget.hstfeed.activity.HSTFeedConfigureBase,255,60,11
9e729cccdfe04c714e6a5f7bbd11651c29663485,com.longevitysoft.android.appwidget.hstfeed.activity.HSTFeedConfigureImages,518,153,21
9e729cccdfe04c714e6a5f7bbd11651c29663485,com.longevitysoft.android.appwidget.hstfeed.activity.HSTFeedConfigureImagesOptions,128,0,12
9e729cccdfe04c714e6a5f7bbd11651c29663485,com.longevitysoft.android.appwidget.hstfeed.activity.HSTFeedConfigureLg,45,0,2
9e729cccdfe04c714e6a5f7bbd11651c29663485,com.longevitysoft.android.appwidget.hstfeed.activity.HSTFeedConfigureMed,45,0,2
9e729cccdfe04c714e6a5f7bbd11651c29663485,com.longevitysoft.android.appwidget.hstfeed.activity.HSTFeedConfigureSm,45,0,2
9e729cccdfe04c714e6a5f7bbd11651c29663485,com.longevitysoft.android.appwidget.hstfeed.activity.HSTFeedFullsizeDisplay,164,4,17
9e729cccdfe04c714e6a5f7bbd11651c29663485,com.longevitysoft.android.appwidget.hstfeed.activity.HSTFeedWidgetInfo,51,0,4
9e729cccdfe04c714e6a5f7bbd11651c29663485,com.longevitysoft.android.appwidget.hstfeed.activity.HSTFeedWidgetTouchOptions,298,0,19
9e729cccdfe04c714e6a5f7bbd11651c29663485,com.longevitysoft.android.appwidget.hstfeed.adapter.ImageAdapter,110,0,8
9e729cccdfe04c714e6a5f7bbd11651c29663485,com.longevitysoft.android.appwidget.hstfeed.appwidget.HSTFeedBase,101,3,8
9e729cccdfe04c714e6a5f7bbd11651c29663485,com.longevitysoft.android.appwidget.hstfeed.appwidget.HSTFeedLg,36,0,1
9e729cccdfe04c714e6a5f7bbd11651c29663485,com.longevitysoft.android.appwidget.hstfeed.appwidget.HSTFeedMed,36,0,1
9e729cccdfe04c714e6a5f7bbd11651c29663485,com.longevitysoft.android.appwidget.hstfeed.appwidget.HSTFeedSm,36,0,1
9e729cccdfe04c714e6a5f7bbd11651c29663485,com.longevitysoft.android.appwidget.hstfeed.async.BitmapCacheWorker,66,1,4
9e729cccdfe04c714e6a5f7bbd11651c29663485,com.longevitysoft.android.appwidget.hstfeed.async.DownloadHSTFeedXML,5,0,0
9e729cccdfe04c714e6a5f7bbd11651c29663485,com.longevitysoft.android.appwidget.hstfeed.async.HSTFeedXMLWorker,438,15,33
9e729cccdfe04c714e6a5f7bbd11651c29663485,com.longevitysoft.android.appwidget.hstfeed.Constants,86,0,0
9e729cccdfe04c714e6a5f7bbd11651c29663485,com.longevitysoft.android.appwidget.hstfeed.handler.HSTFeedXMLWorkerHandler,156,16,6
9e729cccdfe04c714e6a5f7bbd11651c29663485,com.longevitysoft.android.appwidget.hstfeed.provider.ImageDB,785,0,22
9e729cccdfe04c714e6a5f7bbd11651c29663485,com.longevitysoft.android.appwidget.hstfeed.provider.ImageDBUtil,77,1,0
9e729cccdfe04c714e6a5f7bbd11651c29663485,com.longevitysoft.android.appwidget.hstfeed.service.HSTFeedService,417,0,22
9e729cccdfe04c714e6a5f7bbd11651c29663485,com.longevitysoft.android.appwidget.hstfeed.service.HSTImage,171,135,1
9e729cccdfe04c714e6a5f7bbd11651c29663485,com.longevitysoft.android.appwidget.hstfeed.util.HSTFeedUtil,134,3,12
55b4947d03402748b223a4668b4584c4228b36d4,com.longevitysoft.android.appwidget.hstfeed.activity.BaseActivity,295,76,16
55b4947d03402748b223a4668b4584c4228b36d4,com.longevitysoft.android.appwidget.hstfeed.activity.HSTFeedConfigureBase,255,60,11
55b4947d03402748b223a4668b4584c4228b36d4,com.longevitysoft.android.appwidget.hstfeed.activity.HSTFeedConfigureImages,518,153,21
55b4947d03402748b223a4668b4584c4228b36d4,com.longevitysoft.android.appwidget.hstfeed.activity.HSTFeedConfigureImagesOptions,128,0,12
55b4947d03402748b223a4668b4584c4228b36d4,com.longevitysoft.android.appwidget.hstfeed.activity.HSTFeedConfigureLg,45,0,2
55b4947d03402748b223a4668b4584c4228b36d4,com.longevitysoft.android.appwidget.hstfeed.activity.HSTFeedConfigureMed,45,0,2
55b4947d03402748b223a4668b4584c4228b36d4,com.longevitysoft.android.appwidget.hstfeed.activity.HSTFeedConfigureSm,45,0,2
55b4947d03402748b223a4668b4584c4228b36d4,com.longevitysoft.android.appwidget.hstfeed.activity.HSTFeedFullsizeDisplay,164,4,17
55b4947d03402748b223a4668b4584c4228b36d4,com.longevitysoft.android.appwidget.hstfeed.activity.HSTFeedWidgetInfo,51,0,4
55b4947d03402748b223a4668b4584c4228b36d4,com.longevitysoft.android.appwidget.hstfeed.activity.HSTFeedWidgetTouchOptions,298,0,19
55b4947d03402748b223a4668b4584c4228b36d4,com.longevitysoft.android.appwidget.hstfeed.adapter.ImageAdapter,110,0,8
55b4947d03402748b223a4668b4584c4228b36d4,com.longevitysoft.android.appwidget.hstfeed.appwidget.HSTFeedBase,101,3,8
55b4947d03402748b223a4668b4584c4228b36d4,com.longevitysoft.android.appwidget.hstfeed.appwidget.HSTFeedLg,36,0,1
55b4947d03402748b223a4668b4584c4228b36d4,com.longevitysoft.android.appwidget.hstfeed.appwidget.HSTFeedMed,36,0,1
55b4947d03402748b223a4668b4584c4228b36d4,com.longevitysoft.android.appwidget.hstfeed.appwidget.HSTFeedSm,36,0,1
55b4947d03402748b223a4668b4584c4228b36d4,com.longevitysoft.android.appwidget.hstfeed.async.BitmapCacheWorker,66,1,4
55b4947d03402748b223a4668b4584c4228b36d4,com.longevitysoft.android.appwidget.hstfeed.async.DownloadHSTFeedXML,5,0,0
55b4947d03402748b223a4668b4584c4228b36d4,com.longevitysoft.android.appwidget.hstfeed.async.HSTFeedXMLWorker,438,15,33
55b4947d03402748b223a4668b4584c4228b36d4,com.longevitysoft.android.appwidget.hstfeed.Constants,86,0,0
55b4947d03402748b223a4668b4584c4228b36d4,com.longevitysoft.android.appwidget.hstfeed.handler.HSTFeedXMLWorkerHandler,156,16,6
55b4947d03402748b223a4668b4584c4228b36d4,com.longevitysoft.android.appwidget.hstfeed.provider.ImageDB,785,0,22
55b4947d03402748b223a4668b4584c4228b36d4,com.longevitysoft.android.appwidget.hstfeed.provider.ImageDBUtil,77,1,0
55b4947d03402748b223a4668b4584c4228b36d4,com.longevitysoft.android.appwidget.hstfeed.service.HSTFeedService,417,0,22
55b4947d03402748b223a4668b4584c4228b36d4,com.longevitysoft.android.appwidget.hstfeed.service.HSTImage,171,135,1
55b4947d03402748b223a4668b4584c4228b36d4,com.longevitysoft.android.appwidget.hstfeed.util.HSTFeedUtil,134,3,12
0f63ecdd904857b735eee8fe048a9ee36f9f0236,com.longevitysoft.android.appwidget.hstfeed.activity.BaseActivity,295,76,16
0f63ecdd904857b735eee8fe048a9ee36f9f0236,com.longevitysoft.android.appwidget.hstfeed.activity.HSTFeedConfigureBase,255,60,11
0f63ecdd904857b735eee8fe048a9ee36f9f0236,com.longevitysoft.android.appwidget.hstfeed.activity.HSTFeedConfigureImages,518,153,21
0f63ecdd904857b735eee8fe048a9ee36f9f0236,com.longevitysoft.android.appwidget.hstfeed.activity.HSTFeedConfigureImagesOptions,128,0,12
0f63ecdd904857b735eee8fe048a9ee36f9f0236,com.longevitysoft.android.appwidget.hstfeed.activity.HSTFeedConfigureLg,45,0,2
0f63ecdd904857b735eee8fe048a9ee36f9f0236,com.longevitysoft.android.appwidget.hstfeed.activity.HSTFeedConfigureMed,45,0,2
0f63ecdd904857b735eee8fe048a9ee36f9f0236,com.longevitysoft.android.appwidget.hstfeed.activity.HSTFeedConfigureSm,45,0,2
0f63ecdd904857b735eee8fe048a9ee36f9f0236,com.longevitysoft.android.appwidget.hstfeed.activity.HSTFeedFullsizeDisplay,164,4,17
0f63ecdd904857b735eee8fe048a9ee36f9f0236,com.longevitysoft.android.appwidget.hstfeed.activity.HSTFeedWidgetInfo,51,0,4
0f63ecdd904857b735eee8fe048a9ee36f9f0236,com.longevitysoft.android.appwidget.hstfeed.activity.HSTFeedWidgetTouchOptions,298,0,19
0f63ecdd904857b735eee8fe048a9ee36f9f0236,com.longevitysoft.android.appwidget.hstfeed.adapter.ImageAdapter,110,0,8
0f63ecdd904857b735eee8fe048a9ee36f9f0236,com.longevitysoft.android.appwidget.hstfeed.appwidget.HSTFeedBase,101,3,8
0f63ecdd904857b735eee8fe048a9ee36f9f0236,com.longevitysoft.android.appwidget.hstfeed.appwidget.HSTFeedLg,36,0,1
0f63ecdd904857b735eee8fe048a9ee36f9f0236,com.longevitysoft.android.appwidget.hstfeed.appwidget.HSTFeedMed,36,0,1
0f63ecdd904857b735eee8fe048a9ee36f9f0236,com.longevitysoft.android.appwidget.hstfeed.appwidget.HSTFeedSm,36,0,1
0f63ecdd904857b735eee8fe048a9ee36f9f0236,com.longevitysoft.android.appwidget.hstfeed.async.BitmapCacheWorker,66,1,4
0f63ecdd904857b735eee8fe048a9ee36f9f0236,com.longevitysoft.android.appwidget.hstfeed.async.DownloadHSTFeedXML,5,0,0
0f63ecdd904857b735eee8fe048a9ee36f9f0236,com.longevitysoft.android.appwidget.hstfeed.async.HSTFeedXMLWorker,438,15,33
0f63ecdd904857b735eee8fe048a9ee36f9f0236,com.longevitysoft.android.appwidget.hstfeed.Constants,86,0,0
0f63ecdd904857b735eee8fe048a9ee36f9f0236,com.longevitysoft.android.appwidget.hstfeed.handler.HSTFeedXMLWorkerHandler,156,16,6
0f63ecdd904857b735eee8fe048a9ee36f9f0236,com.longevitysoft.android.appwidget.hstfeed.provider.ImageDB,785,0,22
0f63ecdd904857b735eee8fe048a9ee36f9f0236,com.longevitysoft.android.appwidget.hstfeed.provider.ImageDBUtil,77,1,0
0f63ecdd904857b735eee8fe048a9ee36f9f0236,com.longevitysoft.android.appwidget.hstfeed.service.HSTFeedService,417,0,22
0f63ecdd904857b735eee8fe048a9ee36f9f0236,com.longevitysoft.android.appwidget.hstfeed.service.HSTImage,171,135,1
0f63ecdd904857b735eee8fe048a9ee36f9f0236,com.longevitysoft.android.appwidget.hstfeed.util.HSTFeedUtil,134,3,12
cab43335a7b8e582ba5d2bcda9722b0ef6e3ec73,com.longevitysoft.android.appwidget.hstfeed.activity.BaseActivity,295,76,16
cab43335a7b8e582ba5d2bcda9722b0ef6e3ec73,com.longevitysoft.android.appwidget.hstfeed.activity.HSTFeedConfigureBase,255,60,11
cab43335a7b8e582ba5d2bcda9722b0ef6e3ec73,com.longevitysoft.android.appwidget.hstfeed.activity.HSTFeedConfigureImages,518,153,21
cab43335a7b8e582ba5d2bcda9722b0ef6e3ec73,com.longevitysoft.android.appwidget.hstfeed.activity.HSTFeedConfigureImagesOptions,128,0,12
cab43335a7b8e582ba5d2bcda9722b0ef6e3ec73,com.longevitysoft.android.appwidget.hstfeed.activity.HSTFeedConfigureLg,45,0,2
cab43335a7b8e582ba5d2bcda9722b0ef6e3ec73,com.longevitysoft.android.appwidget.hstfeed.activity.HSTFeedConfigureMed,45,0,2
cab43335a7b8e582ba5d2bcda9722b0ef6e3ec73,com.longevitysoft.android.appwidget.hstfeed.activity.HSTFeedConfigureSm,45,0,2
cab43335a7b8e582ba5d2bcda9722b0ef6e3ec73,com.longevitysoft.android.appwidget.hstfeed.activity.HSTFeedFullsizeDisplay,164,4,17
cab43335a7b8e582ba5d2bcda9722b0ef6e3ec73,com.longevitysoft.android.appwidget.hstfeed.activity.HSTFeedWidgetInfo,51,0,4
cab43335a7b8e582ba5d2bcda9722b0ef6e3ec73,com.longevitysoft.android.appwidget.hstfeed.activity.HSTFeedWidgetTouchOptions,298,0,19
cab43335a7b8e582ba5d2bcda9722b0ef6e3ec73,com.longevitysoft.android.appwidget.hstfeed.adapter.ImageAdapter,110,0,8
cab43335a7b8e582ba5d2bcda9722b0ef6e3ec73,com.longevitysoft.android.appwidget.hstfeed.appwidget.HSTFeedBase,101,3,8
cab43335a7b8e582ba5d2bcda9722b0ef6e3ec73,com.longevitysoft.android.appwidget.hstfeed.appwidget.HSTFeedLg,36,0,1
cab43335a7b8e582ba5d2bcda9722b0ef6e3ec73,com.longevitysoft.android.appwidget.hstfeed.appwidget.HSTFeedMed,36,0,1
cab43335a7b8e582ba5d2bcda9722b0ef6e3ec73,com.longevitysoft.android.appwidget.hstfeed.appwidget.HSTFeedSm,36,0,1
cab43335a7b8e582ba5d2bcda9722b0ef6e3ec73,com.longevitysoft.android.appwidget.hstfeed.async.BitmapCacheWorker,66,1,4
cab43335a7b8e582ba5d2bcda9722b0ef6e3ec73,com.longevitysoft.android.appwidget.hstfeed.async.DownloadHSTFeedXML,5,0,0
cab43335a7b8e582ba5d2bcda9722b0ef6e3ec73,com.longevitysoft.android.appwidget.hstfeed.async.HSTFeedXMLWorker,438,15,33
cab43335a7b8e582ba5d2bcda9722b0ef6e3ec73,com.longevitysoft.android.appwidget.hstfeed.Constants,86,0,0
cab43335a7b8e582ba5d2bcda9722b0ef6e3ec73,com.longevitysoft.android.appwidget.hstfeed.handler.HSTFeedXMLWorkerHandler,156,16,6
cab43335a7b8e582ba5d2bcda9722b0ef6e3ec73,com.longevitysoft.android.appwidget.hstfeed.provider.ImageDB,785,0,22
cab43335a7b8e582ba5d2bcda9722b0ef6e3ec73,com.longevitysoft.android.appwidget.hstfeed.provider.ImageDBUtil,77,1,0
cab43335a7b8e582ba5d2bcda9722b0ef6e3ec73,com.longevitysoft.android.appwidget.hstfeed.service.HSTFeedService,417,0,22
cab43335a7b8e582ba5d2bcda9722b0ef6e3ec73,com.longevitysoft.android.appwidget.hstfeed.service.HSTImage,171,135,1
cab43335a7b8e582ba5d2bcda9722b0ef6e3ec73,com.longevitysoft.android.appwidget.hstfeed.util.HSTFeedUtil,134,3,12
4e976122297945f42fea207fa59f6655b3791ffe,com.longevitysoft.android.appwidget.hstfeed.activity.BaseActivity,295,76,16
4e976122297945f42fea207fa59f6655b3791ffe,com.longevitysoft.android.appwidget.hstfeed.activity.HSTFeedConfigureBase,255,60,11
4e976122297945f42fea207fa59f6655b3791ffe,com.longevitysoft.android.appwidget.hstfeed.activity.HSTFeedConfigureImages,518,153,21
4e976122297945f42fea207fa59f6655b3791ffe,com.longevitysoft.android.appwidget.hstfeed.activity.HSTFeedConfigureImagesOptions,128,0,12
4e976122297945f42fea207fa59f6655b3791ffe,com.longevitysoft.android.appwidget.hstfeed.activity.HSTFeedConfigureLg,45,0,2
4e976122297945f42fea207fa59f6655b3791ffe,com.longevitysoft.android.appwidget.hstfeed.activity.HSTFeedConfigureMed,45,0,2
4e976122297945f42fea207fa59f6655b3791ffe,com.longevitysoft.android.appwidget.hstfeed.activity.HSTFeedConfigureSm,45,0,2
4e976122297945f42fea207fa59f6655b3791ffe,com.longevitysoft.android.appwidget.hstfeed.activity.HSTFeedFullsizeDisplay,164,4,17
4e976122297945f42fea207fa59f6655b3791ffe,com.longevitysoft.android.appwidget.hstfeed.activity.HSTFeedWidgetInfo,51,0,4
4e976122297945f42fea207fa59f6655b3791ffe,com.longevitysoft.android.appwidget.hstfeed.activity.HSTFeedWidgetTouchOptions,298,0,19
4e976122297945f42fea207fa59f6655b3791ffe,com.longevitysoft.android.appwidget.hstfeed.adapter.ImageAdapter,110,0,8
4e976122297945f42fea207fa59f6655b3791ffe,com.longevitysoft.android.appwidget.hstfeed.appwidget.HSTFeedBase,101,3,8
4e976122297945f42fea207fa59f6655b3791ffe,com.longevitysoft.android.appwidget.hstfeed.appwidget.HSTFeedLg,36,0,1
4e976122297945f42fea207fa59f6655b3791ffe,com.longevitysoft.android.appwidget.hstfeed.appwidget.HSTFeedMed,36,0,1
4e976122297945f42fea207fa59f6655b3791ffe,com.longevitysoft.android.appwidget.hstfeed.appwidget.HSTFeedSm,36,0,1
4e976122297945f42fea207fa59f6655b3791ffe,com.longevitysoft.android.appwidget.hstfeed.async.BitmapCacheWorker,66,1,4
4e976122297945f42fea207fa59f6655b3791ffe,com.longevitysoft.android.appwidget.hstfeed.async.DownloadHSTFeedXML,5,0,0
4e976122297945f42fea207fa59f6655b3791ffe,com.longevitysoft.android.appwidget.hstfeed.async.HSTFeedXMLWorker,438,15,33
4e976122297945f42fea207fa59f6655b3791ffe,com.longevitysoft.android.appwidget.hstfeed.Constants,86,0,0
4e976122297945f42fea207fa59f6655b3791ffe,com.longevitysoft.android.appwidget.hstfeed.handler.HSTFeedXMLWorkerHandler,156,16,6
4e976122297945f42fea207fa59f6655b3791ffe,com.longevitysoft.android.appwidget.hstfeed.provider.ImageDB,785,0,22
4e976122297945f42fea207fa59f6655b3791ffe,com.longevitysoft.android.appwidget.hstfeed.provider.ImageDBUtil,77,1,0
4e976122297945f42fea207fa59f6655b3791ffe,com.longevitysoft.android.appwidget.hstfeed.service.HSTFeedService,417,0,22
4e976122297945f42fea207fa59f6655b3791ffe,com.longevitysoft.android.appwidget.hstfeed.service.HSTImage,171,135,1
4e976122297945f42fea207fa59f6655b3791ffe,com.longevitysoft.android.appwidget.hstfeed.util.HSTFeedUtil,134,3,12
a07487e238812dbe926c042b3faafd3abec64d96,com.longevitysoft.android.appwidget.hstfeed.activity.BaseActivity,295,76,16
a07487e238812dbe926c042b3faafd3abec64d96,com.longevitysoft.android.appwidget.hstfeed.activity.HSTFeedConfigureBase,255,60,11
a07487e238812dbe926c042b3faafd3abec64d96,com.longevitysoft.android.appwidget.hstfeed.activity.HSTFeedConfigureImages,518,153,21
a07487e238812dbe926c042b3faafd3abec64d96,com.longevitysoft.android.appwidget.hstfeed.activity.HSTFeedConfigureImagesOptions,128,0,12
a07487e238812dbe926c042b3faafd3abec64d96,com.longevitysoft.android.appwidget.hstfeed.activity.HSTFeedConfigureLg,45,0,2
a07487e238812dbe926c042b3faafd3abec64d96,com.longevitysoft.android.appwidget.hstfeed.activity.HSTFeedConfigureMed,45,0,2
a07487e238812dbe926c042b3faafd3abec64d96,com.longevitysoft.android.appwidget.hstfeed.activity.HSTFeedConfigureSm,45,0,2
a07487e238812dbe926c042b3faafd3abec64d96,com.longevitysoft.android.appwidget.hstfeed.activity.HSTFeedFullsizeDisplay,164,4,17
a07487e238812dbe926c042b3faafd3abec64d96,com.longevitysoft.android.appwidget.hstfeed.activity.HSTFeedWidgetInfo,51,0,4
a07487e238812dbe926c042b3faafd3abec64d96,com.longevitysoft.android.appwidget.hstfeed.activity.HSTFeedWidgetTouchOptions,298,0,19
a07487e238812dbe926c042b3faafd3abec64d96,com.longevitysoft.android.appwidget.hstfeed.adapter.ImageAdapter,110,0,8
a07487e238812dbe926c042b3faafd3abec64d96,com.longevitysoft.android.appwidget.hstfeed.appwidget.HSTFeedBase,101,3,8
a07487e238812dbe926c042b3faafd3abec64d96,com.longevitysoft.android.appwidget.hstfeed.appwidget.HSTFeedLg,36,0,1
a07487e238812dbe926c042b3faafd3abec64d96,com.longevitysoft.android.appwidget.hstfeed.appwidget.HSTFeedMed,36,0,1
a07487e238812dbe926c042b3faafd3abec64d96,com.longevitysoft.android.appwidget.hstfeed.appwidget.HSTFeedSm,36,0,1
a07487e238812dbe926c042b3faafd3abec64d96,com.longevitysoft.android.appwidget.hstfeed.async.BitmapCacheWorker,66,1,4
a07487e238812dbe926c042b3faafd3abec64d96,com.longevitysoft.android.appwidget.hstfeed.async.DownloadHSTFeedXML,5,0,0
a07487e238812dbe926c042b3faafd3abec64d96,com.longevitysoft.android.appwidget.hstfeed.async.HSTFeedXMLWorker,438,15,33
a07487e238812dbe926c042b3faafd3abec64d96,com.longevitysoft.android.appwidget.hstfeed.Constants,86,0,0
a07487e238812dbe926c042b3faafd3abec64d96,com.longevitysoft.android.appwidget.hstfeed.handler.HSTFeedXMLWorkerHandler,156,16,6
a07487e238812dbe926c042b3faafd3abec64d96,com.longevitysoft.android.appwidget.hstfeed.provider.ImageDB,785,0,22
a07487e238812dbe926c042b3faafd3abec64d96,com.longevitysoft.android.appwidget.hstfeed.provider.ImageDBUtil,77,1,0
a07487e238812dbe926c042b3faafd3abec64d96,com.longevitysoft.android.appwidget.hstfeed.service.HSTFeedService,417,0,22
a07487e238812dbe926c042b3faafd3abec64d96,com.longevitysoft.android.appwidget.hstfeed.service.HSTImage,171,135,1
a07487e238812dbe926c042b3faafd3abec64d96,com.longevitysoft.android.appwidget.hstfeed.util.HSTFeedUtil,134,3,12
d3f557f6e4b3baf427f8b8d2c8651ebaec227884,com.longevitysoft.android.appwidget.hstfeed.activity.BaseActivity,295,76,16
d3f557f6e4b3baf427f8b8d2c8651ebaec227884,com.longevitysoft.android.appwidget.hstfeed.activity.HSTFeedConfigureBase,255,60,11
d3f557f6e4b3baf427f8b8d2c8651ebaec227884,com.longevitysoft.android.appwidget.hstfeed.activity.HSTFeedConfigureImages,518,153,21
d3f557f6e4b3baf427f8b8d2c8651ebaec227884,com.longevitysoft.android.appwidget.hstfeed.activity.HSTFeedConfigureImagesOptions,128,0,12
d3f557f6e4b3baf427f8b8d2c8651ebaec227884,com.longevitysoft.android.appwidget.hstfeed.activity.HSTFeedConfigureLg,45,0,2
d3f557f6e4b3baf427f8b8d2c8651ebaec227884,com.longevitysoft.android.appwidget.hstfeed.activity.HSTFeedConfigureMed,45,0,2
d3f557f6e4b3baf427f8b8d2c8651ebaec227884,com.longevitysoft.android.appwidget.hstfeed.activity.HSTFeedConfigureSm,45,0,2
d3f557f6e4b3baf427f8b8d2c8651ebaec227884,com.longevitysoft.android.appwidget.hstfeed.activity.HSTFeedFullsizeDisplay,164,4,17
d3f557f6e4b3baf427f8b8d2c8651ebaec227884,com.longevitysoft.android.appwidget.hstfeed.activity.HSTFeedWidgetInfo,51,0,4
d3f557f6e4b3baf427f8b8d2c8651ebaec227884,com.longevitysoft.android.appwidget.hstfeed.activity.HSTFeedWidgetTouchOptions,298,0,19
d3f557f6e4b3baf427f8b8d2c8651ebaec227884,com.longevitysoft.android.appwidget.hstfeed.adapter.ImageAdapter,110,0,8
d3f557f6e4b3baf427f8b8d2c8651ebaec227884,com.longevitysoft.android.appwidget.hstfeed.appwidget.HSTFeedBase,101,3,8
d3f557f6e4b3baf427f8b8d2c8651ebaec227884,com.longevitysoft.android.appwidget.hstfeed.appwidget.HSTFeedLg,36,0,1
d3f557f6e4b3baf427f8b8d2c8651ebaec227884,com.longevitysoft.android.appwidget.hstfeed.appwidget.HSTFeedMed,36,0,1
d3f557f6e4b3baf427f8b8d2c8651ebaec227884,com.longevitysoft.android.appwidget.hstfeed.appwidget.HSTFeedSm,36,0,1
d3f557f6e4b3baf427f8b8d2c8651ebaec227884,com.longevitysoft.android.appwidget.hstfeed.async.BitmapCacheWorker,66,1,4
d3f557f6e4b3baf427f8b8d2c8651ebaec227884,com.longevitysoft.android.appwidget.hstfeed.async.DownloadHSTFeedXML,5,0,0
d3f557f6e4b3baf427f8b8d2c8651ebaec227884,com.longevitysoft.android.appwidget.hstfeed.async.HSTFeedXMLWorker,438,15,33
d3f557f6e4b3baf427f8b8d2c8651ebaec227884,com.longevitysoft.android.appwidget.hstfeed.Constants,86,0,0
d3f557f6e4b3baf427f8b8d2c8651ebaec227884,com.longevitysoft.android.appwidget.hstfeed.handler.HSTFeedXMLWorkerHandler,156,16,6
d3f557f6e4b3baf427f8b8d2c8651ebaec227884,com.longevitysoft.android.appwidget.hstfeed.provider.ImageDB,785,0,22
d3f557f6e4b3baf427f8b8d2c8651ebaec227884,com.longevitysoft.android.appwidget.hstfeed.provider.ImageDBUtil,77,1,0
d3f557f6e4b3baf427f8b8d2c8651ebaec227884,com.longevitysoft.android.appwidget.hstfeed.service.HSTFeedService,417,0,22
d3f557f6e4b3baf427f8b8d2c8651ebaec227884,com.longevitysoft.android.appwidget.hstfeed.service.HSTImage,171,135,1
d3f557f6e4b3baf427f8b8d2c8651ebaec227884,com.longevitysoft.android.appwidget.hstfeed.util.HSTFeedUtil,134,3,12
5688972c73c0802d6836b51ff0313a234e636562,com.longevitysoft.android.appwidget.hstfeed.activity.BaseActivity,295,76,16
5688972c73c0802d6836b51ff0313a234e636562,com.longevitysoft.android.appwidget.hstfeed.activity.HSTFeedConfigureBase,255,60,11
5688972c73c0802d6836b51ff0313a234e636562,com.longevitysoft.android.appwidget.hstfeed.activity.HSTFeedConfigureImages,518,153,21
5688972c73c0802d6836b51ff0313a234e636562,com.longevitysoft.android.appwidget.hstfeed.activity.HSTFeedConfigureImagesOptions,128,0,12
5688972c73c0802d6836b51ff0313a234e636562,com.longevitysoft.android.appwidget.hstfeed.activity.HSTFeedConfigureLg,45,0,2
5688972c73c0802d6836b51ff0313a234e636562,com.longevitysoft.android.appwidget.hstfeed.activity.HSTFeedConfigureMed,45,0,2
5688972c73c0802d6836b51ff0313a234e636562,com.longevitysoft.android.appwidget.hstfeed.activity.HSTFeedConfigureSm,45,0,2
5688972c73c0802d6836b51ff0313a234e636562,com.longevitysoft.android.appwidget.hstfeed.activity.HSTFeedFullsizeDisplay,164,4,17
5688972c73c0802d6836b51ff0313a234e636562,com.longevitysoft.android.appwidget.hstfeed.activity.HSTFeedWidgetInfo,51,0,4
5688972c73c0802d6836b51ff0313a234e636562,com.longevitysoft.android.appwidget.hstfeed.activity.HSTFeedWidgetTouchOptions,298,0,19
5688972c73c0802d6836b51ff0313a234e636562,com.longevitysoft.android.appwidget.hstfeed.adapter.ImageAdapter,110,0,8
5688972c73c0802d6836b51ff0313a234e636562,com.longevitysoft.android.appwidget.hstfeed.appwidget.HSTFeedBase,101,3,8
5688972c73c0802d6836b51ff0313a234e636562,com.longevitysoft.android.appwidget.hstfeed.appwidget.HSTFeedLg,36,0,1
5688972c73c0802d6836b51ff0313a234e636562,com.longevitysoft.android.appwidget.hstfeed.appwidget.HSTFeedMed,36,0,1
5688972c73c0802d6836b51ff0313a234e636562,com.longevitysoft.android.appwidget.hstfeed.appwidget.HSTFeedSm,36,0,1
5688972c73c0802d6836b51ff0313a234e636562,com.longevitysoft.android.appwidget.hstfeed.async.BitmapCacheWorker,66,1,4
5688972c73c0802d6836b51ff0313a234e636562,com.longevitysoft.android.appwidget.hstfeed.async.DownloadHSTFeedXML,5,0,0
5688972c73c0802d6836b51ff0313a234e636562,com.longevitysoft.android.appwidget.hstfeed.async.HSTFeedXMLWorker,438,15,33
5688972c73c0802d6836b51ff0313a234e636562,com.longevitysoft.android.appwidget.hstfeed.Constants,86,0,0
5688972c73c0802d6836b51ff0313a234e636562,com.longevitysoft.android.appwidget.hstfeed.handler.HSTFeedXMLWorkerHandler,156,16,6
5688972c73c0802d6836b51ff0313a234e636562,com.longevitysoft.android.appwidget.hstfeed.provider.ImageDB,785,0,22
5688972c73c0802d6836b51ff0313a234e636562,com.longevitysoft.android.appwidget.hstfeed.provider.ImageDBUtil,77,1,0
5688972c73c0802d6836b51ff0313a234e636562,com.longevitysoft.android.appwidget.hstfeed.service.HSTFeedService,417,0,22
5688972c73c0802d6836b51ff0313a234e636562,com.longevitysoft.android.appwidget.hstfeed.service.HSTImage,171,135,1
5688972c73c0802d6836b51ff0313a234e636562,com.longevitysoft.android.appwidget.hstfeed.util.HSTFeedUtil,134,3,12
fc625cc8a28e76c2d255bfe797ef6cb7b6530e8e,com.longevitysoft.android.appwidget.hstfeed.activity.BaseActivity,295,76,16
fc625cc8a28e76c2d255bfe797ef6cb7b6530e8e,com.longevitysoft.android.appwidget.hstfeed.activity.HSTFeedConfigureBase,255,60,11
fc625cc8a28e76c2d255bfe797ef6cb7b6530e8e,com.longevitysoft.android.appwidget.hstfeed.activity.HSTFeedConfigureImages,518,153,21
fc625cc8a28e76c2d255bfe797ef6cb7b6530e8e,com.longevitysoft.android.appwidget.hstfeed.activity.HSTFeedConfigureImagesOptions,128,0,12
fc625cc8a28e76c2d255bfe797ef6cb7b6530e8e,com.longevitysoft.android.appwidget.hstfeed.activity.HSTFeedConfigureLg,45,0,2
fc625cc8a28e76c2d255bfe797ef6cb7b6530e8e,com.longevitysoft.android.appwidget.hstfeed.activity.HSTFeedConfigureMed,45,0,2
fc625cc8a28e76c2d255bfe797ef6cb7b6530e8e,com.longevitysoft.android.appwidget.hstfeed.activity.HSTFeedConfigureSm,45,0,2
fc625cc8a28e76c2d255bfe797ef6cb7b6530e8e,com.longevitysoft.android.appwidget.hstfeed.activity.HSTFeedFullsizeDisplay,164,4,17
fc625cc8a28e76c2d255bfe797ef6cb7b6530e8e,com.longevitysoft.android.appwidget.hstfeed.activity.HSTFeedWidgetInfo,51,0,4
fc625cc8a28e76c2d255bfe797ef6cb7b6530e8e,com.longevitysoft.android.appwidget.hstfeed.activity.HSTFeedWidgetTouchOptions,298,0,19
fc625cc8a28e76c2d255bfe797ef6cb7b6530e8e,com.longevitysoft.android.appwidget.hstfeed.adapter.ImageAdapter,110,0,8
fc625cc8a28e76c2d255bfe797ef6cb7b6530e8e,com.longevitysoft.android.appwidget.hstfeed.appwidget.HSTFeedBase,101,3,8
fc625cc8a28e76c2d255bfe797ef6cb7b6530e8e,com.longevitysoft.android.appwidget.hstfeed.appwidget.HSTFeedLg,36,0,1
fc625cc8a28e76c2d255bfe797ef6cb7b6530e8e,com.longevitysoft.android.appwidget.hstfeed.appwidget.HSTFeedMed,36,0,1
fc625cc8a28e76c2d255bfe797ef6cb7b6530e8e,com.longevitysoft.android.appwidget.hstfeed.appwidget.HSTFeedSm,36,0,1
fc625cc8a28e76c2d255bfe797ef6cb7b6530e8e,com.longevitysoft.android.appwidget.hstfeed.async.BitmapCacheWorker,66,1,4
fc625cc8a28e76c2d255bfe797ef6cb7b6530e8e,com.longevitysoft.android.appwidget.hstfeed.async.DownloadHSTFeedXML,5,0,0
fc625cc8a28e76c2d255bfe797ef6cb7b6530e8e,com.longevitysoft.android.appwidget.hstfeed.async.HSTFeedXMLWorker,438,15,33
fc625cc8a28e76c2d255bfe797ef6cb7b6530e8e,com.longevitysoft.android.appwidget.hstfeed.Constants,86,0,0
fc625cc8a28e76c2d255bfe797ef6cb7b6530e8e,com.longevitysoft.android.appwidget.hstfeed.handler.HSTFeedXMLWorkerHandler,156,16,6
fc625cc8a28e76c2d255bfe797ef6cb7b6530e8e,com.longevitysoft.android.appwidget.hstfeed.provider.ImageDB,785,0,22
fc625cc8a28e76c2d255bfe797ef6cb7b6530e8e,com.longevitysoft.android.appwidget.hstfeed.provider.ImageDBUtil,77,1,0
fc625cc8a28e76c2d255bfe797ef6cb7b6530e8e,com.longevitysoft.android.appwidget.hstfeed.service.HSTFeedService,417,0,22
fc625cc8a28e76c2d255bfe797ef6cb7b6530e8e,com.longevitysoft.android.appwidget.hstfeed.service.HSTImage,171,135,1
fc625cc8a28e76c2d255bfe797ef6cb7b6530e8e,com.longevitysoft.android.appwidget.hstfeed.util.HSTFeedUtil,134,3,12
602257c9189dd4bc5dc5d3b64128966caf17473d,com.longevitysoft.android.appwidget.hstfeed.activity.BaseActivity,295,76,16
602257c9189dd4bc5dc5d3b64128966caf17473d,com.longevitysoft.android.appwidget.hstfeed.activity.HSTFeedConfigureBase,255,60,11
602257c9189dd4bc5dc5d3b64128966caf17473d,com.longevitysoft.android.appwidget.hstfeed.activity.HSTFeedConfigureImages,518,153,21
602257c9189dd4bc5dc5d3b64128966caf17473d,com.longevitysoft.android.appwidget.hstfeed.activity.HSTFeedConfigureImagesOptions,128,0,12
602257c9189dd4bc5dc5d3b64128966caf17473d,com.longevitysoft.android.appwidget.hstfeed.activity.HSTFeedConfigureLg,45,0,2
602257c9189dd4bc5dc5d3b64128966caf17473d,com.longevitysoft.android.appwidget.hstfeed.activity.HSTFeedConfigureMed,45,0,2
602257c9189dd4bc5dc5d3b64128966caf17473d,com.longevitysoft.android.appwidget.hstfeed.activity.HSTFeedConfigureSm,45,0,2
602257c9189dd4bc5dc5d3b64128966caf17473d,com.longevitysoft.android.appwidget.hstfeed.activity.HSTFeedFullsizeDisplay,164,4,17
602257c9189dd4bc5dc5d3b64128966caf17473d,com.longevitysoft.android.appwidget.hstfeed.activity.HSTFeedWidgetInfo,51,0,4
602257c9189dd4bc5dc5d3b64128966caf17473d,com.longevitysoft.android.appwidget.hstfeed.activity.HSTFeedWidgetTouchOptions,298,0,19
602257c9189dd4bc5dc5d3b64128966caf17473d,com.longevitysoft.android.appwidget.hstfeed.adapter.ImageAdapter,110,0,8
602257c9189dd4bc5dc5d3b64128966caf17473d,com.longevitysoft.android.appwidget.hstfeed.appwidget.HSTFeedBase,101,3,8
602257c9189dd4bc5dc5d3b64128966caf17473d,com.longevitysoft.android.appwidget.hstfeed.appwidget.HSTFeedLg,36,0,1
602257c9189dd4bc5dc5d3b64128966caf17473d,com.longevitysoft.android.appwidget.hstfeed.appwidget.HSTFeedMed,36,0,1
602257c9189dd4bc5dc5d3b64128966caf17473d,com.longevitysoft.android.appwidget.hstfeed.appwidget.HSTFeedSm,36,0,1
602257c9189dd4bc5dc5d3b64128966caf17473d,com.longevitysoft.android.appwidget.hstfeed.async.BitmapCacheWorker,66,1,4
602257c9189dd4bc5dc5d3b64128966caf17473d,com.longevitysoft.android.appwidget.hstfeed.async.DownloadHSTFeedXML,5,0,0
602257c9189dd4bc5dc5d3b64128966caf17473d,com.longevitysoft.android.appwidget.hstfeed.async.HSTFeedXMLWorker,438,15,33
602257c9189dd4bc5dc5d3b64128966caf17473d,com.longevitysoft.android.appwidget.hstfeed.Constants,86,0,0
602257c9189dd4bc5dc5d3b64128966caf17473d,com.longevitysoft.android.appwidget.hstfeed.handler.HSTFeedXMLWorkerHandler,156,16,6
602257c9189dd4bc5dc5d3b64128966caf17473d,com.longevitysoft.android.appwidget.hstfeed.provider.ImageDB,785,0,22
602257c9189dd4bc5dc5d3b64128966caf17473d,com.longevitysoft.android.appwidget.hstfeed.provider.ImageDBUtil,77,1,0
602257c9189dd4bc5dc5d3b64128966caf17473d,com.longevitysoft.android.appwidget.hstfeed.service.HSTFeedService,417,0,22
602257c9189dd4bc5dc5d3b64128966caf17473d,com.longevitysoft.android.appwidget.hstfeed.service.HSTImage,171,135,1
602257c9189dd4bc5dc5d3b64128966caf17473d,com.longevitysoft.android.appwidget.hstfeed.util.HSTFeedUtil,134,3,12
67c54465a04a1a6d3c63e491fefb6848c5dc37bb,com.longevitysoft.android.appwidget.hstfeed.activity.BaseActivity,295,76,16
67c54465a04a1a6d3c63e491fefb6848c5dc37bb,com.longevitysoft.android.appwidget.hstfeed.activity.HSTFeedConfigureBase,255,60,11
67c54465a04a1a6d3c63e491fefb6848c5dc37bb,com.longevitysoft.android.appwidget.hstfeed.activity.HSTFeedConfigureImages,518,153,21
67c54465a04a1a6d3c63e491fefb6848c5dc37bb,com.longevitysoft.android.appwidget.hstfeed.activity.HSTFeedConfigureImagesOptions,128,0,12
67c54465a04a1a6d3c63e491fefb6848c5dc37bb,com.longevitysoft.android.appwidget.hstfeed.activity.HSTFeedConfigureLg,45,0,2
67c54465a04a1a6d3c63e491fefb6848c5dc37bb,com.longevitysoft.android.appwidget.hstfeed.activity.HSTFeedConfigureMed,45,0,2
67c54465a04a1a6d3c63e491fefb6848c5dc37bb,com.longevitysoft.android.appwidget.hstfeed.activity.HSTFeedConfigureSm,45,0,2
67c54465a04a1a6d3c63e491fefb6848c5dc37bb,com.longevitysoft.android.appwidget.hstfeed.activity.HSTFeedFullsizeDisplay,164,4,17
67c54465a04a1a6d3c63e491fefb6848c5dc37bb,com.longevitysoft.android.appwidget.hstfeed.activity.HSTFeedWidgetInfo,51,0,4
67c54465a04a1a6d3c63e491fefb6848c5dc37bb,com.longevitysoft.android.appwidget.hstfeed.activity.HSTFeedWidgetTouchOptions,298,0,19
67c54465a04a1a6d3c63e491fefb6848c5dc37bb,com.longevitysoft.android.appwidget.hstfeed.adapter.ImageAdapter,110,0,8
67c54465a04a1a6d3c63e491fefb6848c5dc37bb,com.longevitysoft.android.appwidget.hstfeed.appwidget.HSTFeedBase,101,3,8
67c54465a04a1a6d3c63e491fefb6848c5dc37bb,com.longevitysoft.android.appwidget.hstfeed.appwidget.HSTFeedLg,36,0,1
67c54465a04a1a6d3c63e491fefb6848c5dc37bb,com.longevitysoft.android.appwidget.hstfeed.appwidget.HSTFeedMed,36,0,1
67c54465a04a1a6d3c63e491fefb6848c5dc37bb,com.longevitysoft.android.appwidget.hstfeed.appwidget.HSTFeedSm,36,0,1
67c54465a04a1a6d3c63e491fefb6848c5dc37bb,com.longevitysoft.android.appwidget.hstfeed.async.BitmapCacheWorker,66,1,4
67c54465a04a1a6d3c63e491fefb6848c5dc37bb,com.longevitysoft.android.appwidget.hstfeed.async.DownloadHSTFeedXML,5,0,0
67c54465a04a1a6d3c63e491fefb6848c5dc37bb,com.longevitysoft.android.appwidget.hstfeed.async.HSTFeedXMLWorker,438,15,33
67c54465a04a1a6d3c63e491fefb6848c5dc37bb,com.longevitysoft.android.appwidget.hstfeed.Constants,86,0,0
67c54465a04a1a6d3c63e491fefb6848c5dc37bb,com.longevitysoft.android.appwidget.hstfeed.handler.HSTFeedXMLWorkerHandler,156,16,6
67c54465a04a1a6d3c63e491fefb6848c5dc37bb,com.longevitysoft.android.appwidget.hstfeed.provider.ImageDB,785,0,22
67c54465a04a1a6d3c63e491fefb6848c5dc37bb,com.longevitysoft.android.appwidget.hstfeed.provider.ImageDBUtil,77,1,0
67c54465a04a1a6d3c63e491fefb6848c5dc37bb,com.longevitysoft.android.appwidget.hstfeed.service.HSTFeedService,417,0,22
67c54465a04a1a6d3c63e491fefb6848c5dc37bb,com.longevitysoft.android.appwidget.hstfeed.service.HSTImage,171,135,1
67c54465a04a1a6d3c63e491fefb6848c5dc37bb,com.longevitysoft.android.appwidget.hstfeed.util.HSTFeedUtil,134,3,12
58bec1e405a59b72795d809df1ff39da1ec68d7a,com.longevitysoft.android.appwidget.hstfeed.activity.BaseActivity,295,76,16
58bec1e405a59b72795d809df1ff39da1ec68d7a,com.longevitysoft.android.appwidget.hstfeed.activity.HSTFeedConfigureBase,255,60,11
58bec1e405a59b72795d809df1ff39da1ec68d7a,com.longevitysoft.android.appwidget.hstfeed.activity.HSTFeedConfigureImages,518,153,21
58bec1e405a59b72795d809df1ff39da1ec68d7a,com.longevitysoft.android.appwidget.hstfeed.activity.HSTFeedConfigureImagesOptions,128,0,12
58bec1e405a59b72795d809df1ff39da1ec68d7a,com.longevitysoft.android.appwidget.hstfeed.activity.HSTFeedConfigureLg,45,0,2
58bec1e405a59b72795d809df1ff39da1ec68d7a,com.longevitysoft.android.appwidget.hstfeed.activity.HSTFeedConfigureMed,45,0,2
58bec1e405a59b72795d809df1ff39da1ec68d7a,com.longevitysoft.android.appwidget.hstfeed.activity.HSTFeedConfigureSm,45,0,2
58bec1e405a59b72795d809df1ff39da1ec68d7a,com.longevitysoft.android.appwidget.hstfeed.activity.HSTFeedFullsizeDisplay,164,4,17
58bec1e405a59b72795d809df1ff39da1ec68d7a,com.longevitysoft.android.appwidget.hstfeed.activity.HSTFeedWidgetInfo,51,0,4
58bec1e405a59b72795d809df1ff39da1ec68d7a,com.longevitysoft.android.appwidget.hstfeed.activity.HSTFeedWidgetTouchOptions,298,0,19
58bec1e405a59b72795d809df1ff39da1ec68d7a,com.longevitysoft.android.appwidget.hstfeed.adapter.ImageAdapter,110,0,8
58bec1e405a59b72795d809df1ff39da1ec68d7a,com.longevitysoft.android.appwidget.hstfeed.appwidget.HSTFeedBase,101,3,8
58bec1e405a59b72795d809df1ff39da1ec68d7a,com.longevitysoft.android.appwidget.hstfeed.appwidget.HSTFeedLg,36,0,1
58bec1e405a59b72795d809df1ff39da1ec68d7a,com.longevitysoft.android.appwidget.hstfeed.appwidget.HSTFeedMed,36,0,1
58bec1e405a59b72795d809df1ff39da1ec68d7a,com.longevitysoft.android.appwidget.hstfeed.appwidget.HSTFeedSm,36,0,1
58bec1e405a59b72795d809df1ff39da1ec68d7a,com.longevitysoft.android.appwidget.hstfeed.async.BitmapCacheWorker,66,1,4
58bec1e405a59b72795d809df1ff39da1ec68d7a,com.longevitysoft.android.appwidget.hstfeed.async.DownloadHSTFeedXML,5,0,0
58bec1e405a59b72795d809df1ff39da1ec68d7a,com.longevitysoft.android.appwidget.hstfeed.async.HSTFeedXMLWorker,438,15,33
58bec1e405a59b72795d809df1ff39da1ec68d7a,com.longevitysoft.android.appwidget.hstfeed.Constants,86,0,0
58bec1e405a59b72795d809df1ff39da1ec68d7a,com.longevitysoft.android.appwidget.hstfeed.handler.HSTFeedXMLWorkerHandler,156,16,6
58bec1e405a59b72795d809df1ff39da1ec68d7a,com.longevitysoft.android.appwidget.hstfeed.provider.ImageDB,785,0,22
58bec1e405a59b72795d809df1ff39da1ec68d7a,com.longevitysoft.android.appwidget.hstfeed.provider.ImageDBUtil,77,1,0
58bec1e405a59b72795d809df1ff39da1ec68d7a,com.longevitysoft.android.appwidget.hstfeed.service.HSTFeedService,417,0,22
58bec1e405a59b72795d809df1ff39da1ec68d7a,com.longevitysoft.android.appwidget.hstfeed.service.HSTImage,171,135,1
58bec1e405a59b72795d809df1ff39da1ec68d7a,com.longevitysoft.android.appwidget.hstfeed.util.HSTFeedUtil,134,3,12
