ef942bcdcfd061f72680fb455368a03dd0e42ee8,com.provider.JSSEProvider,48,1,2
ef942bcdcfd061f72680fb455368a03dd0e42ee8,de.grobox.blitzmail.crypto.Crypto,52,0,9
ef942bcdcfd061f72680fb455368a03dd0e42ee8,de.grobox.blitzmail.crypto.EncryptedEditTextPreference,54,0,3
ef942bcdcfd061f72680fb455368a03dd0e42ee8,de.grobox.blitzmail.MailStorage,107,3,9
ef942bcdcfd061f72680fb455368a03dd0e42ee8,de.grobox.blitzmail.NoteActivity,149,16,15
ef942bcdcfd061f72680fb455368a03dd0e42ee8,de.grobox.blitzmail.preferences.PrefFragment,144,36,17
ef942bcdcfd061f72680fb455368a03dd0e42ee8,de.grobox.blitzmail.send.MailSender,130,0,20
ef942bcdcfd061f72680fb455368a03dd0e42ee8,de.grobox.blitzmail.send.SendActivity,327,50,43
fcd2523e115f52611d647b09a6c90fd763eb7de4,com.provider.JSSEProvider,48,1,2
fcd2523e115f52611d647b09a6c90fd763eb7de4,de.grobox.blitzmail.crypto.Crypto,52,0,9
fcd2523e115f52611d647b09a6c90fd763eb7de4,de.grobox.blitzmail.crypto.EncryptedEditTextPreference,54,0,3
fcd2523e115f52611d647b09a6c90fd763eb7de4,de.grobox.blitzmail.MailStorage,107,3,9
fcd2523e115f52611d647b09a6c90fd763eb7de4,de.grobox.blitzmail.NoteActivity,149,16,15
fcd2523e115f52611d647b09a6c90fd763eb7de4,de.grobox.blitzmail.preferences.PrefFragment,144,36,17
fcd2523e115f52611d647b09a6c90fd763eb7de4,de.grobox.blitzmail.send.MailSender,130,0,20
fcd2523e115f52611d647b09a6c90fd763eb7de4,de.grobox.blitzmail.send.SendActivity,327,50,43
3dac72e4a06016b4109b2fbcc8f382786f8b2f42,com.provider.JSSEProvider,48,1,2
3dac72e4a06016b4109b2fbcc8f382786f8b2f42,de.grobox.blitzmail.crypto.Crypto,52,0,9
3dac72e4a06016b4109b2fbcc8f382786f8b2f42,de.grobox.blitzmail.crypto.EncryptedEditTextPreference,54,0,3
3dac72e4a06016b4109b2fbcc8f382786f8b2f42,de.grobox.blitzmail.MailStorage,107,3,9
3dac72e4a06016b4109b2fbcc8f382786f8b2f42,de.grobox.blitzmail.NoteActivity,149,16,15
3dac72e4a06016b4109b2fbcc8f382786f8b2f42,de.grobox.blitzmail.preferences.PrefFragment,144,36,17
3dac72e4a06016b4109b2fbcc8f382786f8b2f42,de.grobox.blitzmail.send.MailSender,130,0,20
3dac72e4a06016b4109b2fbcc8f382786f8b2f42,de.grobox.blitzmail.send.SendActivity,327,50,43
543c205774016a234d9da9b3affba38df6dc4633,com.provider.JSSEProvider,48,1,2
543c205774016a234d9da9b3affba38df6dc4633,de.grobox.blitzmail.crypto.Crypto,52,0,9
543c205774016a234d9da9b3affba38df6dc4633,de.grobox.blitzmail.crypto.EncryptedEditTextPreference,54,0,3
543c205774016a234d9da9b3affba38df6dc4633,de.grobox.blitzmail.MailStorage,107,3,9
543c205774016a234d9da9b3affba38df6dc4633,de.grobox.blitzmail.NoteActivity,149,16,15
543c205774016a234d9da9b3affba38df6dc4633,de.grobox.blitzmail.preferences.PrefFragment,144,36,17
543c205774016a234d9da9b3affba38df6dc4633,de.grobox.blitzmail.send.MailSender,130,0,20
543c205774016a234d9da9b3affba38df6dc4633,de.grobox.blitzmail.send.SendActivity,327,50,43
ecc8baf189c0e7b9b5a4711129824a9ed4e00960,com.provider.JSSEProvider,48,1,2
ecc8baf189c0e7b9b5a4711129824a9ed4e00960,de.grobox.blitzmail.crypto.Crypto,52,0,9
ecc8baf189c0e7b9b5a4711129824a9ed4e00960,de.grobox.blitzmail.crypto.EncryptedEditTextPreference,54,0,3
ecc8baf189c0e7b9b5a4711129824a9ed4e00960,de.grobox.blitzmail.MailStorage,107,3,9
ecc8baf189c0e7b9b5a4711129824a9ed4e00960,de.grobox.blitzmail.NoteActivity,149,16,15
ecc8baf189c0e7b9b5a4711129824a9ed4e00960,de.grobox.blitzmail.preferences.PrefFragment,144,36,17
ecc8baf189c0e7b9b5a4711129824a9ed4e00960,de.grobox.blitzmail.send.MailSender,130,0,20
ecc8baf189c0e7b9b5a4711129824a9ed4e00960,de.grobox.blitzmail.send.SendActivity,327,50,43
325d89939d47bdf0e13623c663e86c5bd26058c1,com.provider.JSSEProvider,48,1,2
325d89939d47bdf0e13623c663e86c5bd26058c1,de.grobox.blitzmail.crypto.Crypto,52,0,9
325d89939d47bdf0e13623c663e86c5bd26058c1,de.grobox.blitzmail.crypto.EncryptedEditTextPreference,54,0,3
325d89939d47bdf0e13623c663e86c5bd26058c1,de.grobox.blitzmail.MailStorage,107,3,9
325d89939d47bdf0e13623c663e86c5bd26058c1,de.grobox.blitzmail.NoteActivity,149,16,15
325d89939d47bdf0e13623c663e86c5bd26058c1,de.grobox.blitzmail.preferences.PrefFragment,144,36,17
325d89939d47bdf0e13623c663e86c5bd26058c1,de.grobox.blitzmail.send.MailSender,130,0,20
325d89939d47bdf0e13623c663e86c5bd26058c1,de.grobox.blitzmail.send.SendActivity,327,50,43
8606e8780e18b80e2885addad199d2455c5effc7,com.provider.JSSEProvider,48,1,2
8606e8780e18b80e2885addad199d2455c5effc7,de.grobox.blitzmail.crypto.Crypto,52,0,9
8606e8780e18b80e2885addad199d2455c5effc7,de.grobox.blitzmail.crypto.EncryptedEditTextPreference,54,0,3
8606e8780e18b80e2885addad199d2455c5effc7,de.grobox.blitzmail.MailStorage,107,3,9
8606e8780e18b80e2885addad199d2455c5effc7,de.grobox.blitzmail.NoteActivity,149,16,15
8606e8780e18b80e2885addad199d2455c5effc7,de.grobox.blitzmail.preferences.PrefFragment,144,36,17
8606e8780e18b80e2885addad199d2455c5effc7,de.grobox.blitzmail.send.MailSender,130,0,20
8606e8780e18b80e2885addad199d2455c5effc7,de.grobox.blitzmail.send.SendActivity,327,50,43
f6d71c2befd0f10ff67e1e469d11da529684b074,com.provider.JSSEProvider,48,1,2
f6d71c2befd0f10ff67e1e469d11da529684b074,de.grobox.blitzmail.crypto.Crypto,52,0,9
f6d71c2befd0f10ff67e1e469d11da529684b074,de.grobox.blitzmail.crypto.EncryptedEditTextPreference,54,0,3
f6d71c2befd0f10ff67e1e469d11da529684b074,de.grobox.blitzmail.MailStorage,107,3,9
f6d71c2befd0f10ff67e1e469d11da529684b074,de.grobox.blitzmail.NoteActivity,149,16,15
f6d71c2befd0f10ff67e1e469d11da529684b074,de.grobox.blitzmail.preferences.PrefFragment,144,36,17
f6d71c2befd0f10ff67e1e469d11da529684b074,de.grobox.blitzmail.send.MailSender,130,0,20
f6d71c2befd0f10ff67e1e469d11da529684b074,de.grobox.blitzmail.send.SendActivity,327,50,43
208983324097312a5e5533bd26dd4530f966d97a,com.provider.JSSEProvider,48,1,2
208983324097312a5e5533bd26dd4530f966d97a,de.grobox.blitzmail.crypto.Crypto,52,0,9
208983324097312a5e5533bd26dd4530f966d97a,de.grobox.blitzmail.crypto.EncryptedEditTextPreference,54,0,3
208983324097312a5e5533bd26dd4530f966d97a,de.grobox.blitzmail.MailStorage,107,3,9
208983324097312a5e5533bd26dd4530f966d97a,de.grobox.blitzmail.NoteActivity,149,16,15
208983324097312a5e5533bd26dd4530f966d97a,de.grobox.blitzmail.preferences.PrefFragment,144,36,17
208983324097312a5e5533bd26dd4530f966d97a,de.grobox.blitzmail.send.MailSender,130,0,20
208983324097312a5e5533bd26dd4530f966d97a,de.grobox.blitzmail.send.SendActivity,327,50,43
acb516728898aa14e65fc410f139bc5ef54f312f,com.provider.JSSEProvider,48,1,2
acb516728898aa14e65fc410f139bc5ef54f312f,de.grobox.blitzmail.crypto.Crypto,52,0,9
acb516728898aa14e65fc410f139bc5ef54f312f,de.grobox.blitzmail.crypto.EncryptedEditTextPreference,54,0,3
acb516728898aa14e65fc410f139bc5ef54f312f,de.grobox.blitzmail.MailStorage,107,3,9
acb516728898aa14e65fc410f139bc5ef54f312f,de.grobox.blitzmail.NoteActivity,149,16,15
acb516728898aa14e65fc410f139bc5ef54f312f,de.grobox.blitzmail.preferences.PrefFragment,144,36,17
acb516728898aa14e65fc410f139bc5ef54f312f,de.grobox.blitzmail.send.MailSender,130,0,20
acb516728898aa14e65fc410f139bc5ef54f312f,de.grobox.blitzmail.send.SendActivity,327,50,43
fe5e93f691199dc8f72e3024aeecc0b6703009d4,com.provider.JSSEProvider,48,1,2
fe5e93f691199dc8f72e3024aeecc0b6703009d4,de.grobox.blitzmail.crypto.Crypto,52,0,9
fe5e93f691199dc8f72e3024aeecc0b6703009d4,de.grobox.blitzmail.crypto.EncryptedEditTextPreference,54,0,3
fe5e93f691199dc8f72e3024aeecc0b6703009d4,de.grobox.blitzmail.MailStorage,107,3,9
fe5e93f691199dc8f72e3024aeecc0b6703009d4,de.grobox.blitzmail.NoteActivity,149,16,15
fe5e93f691199dc8f72e3024aeecc0b6703009d4,de.grobox.blitzmail.preferences.PrefFragment,144,36,17
fe5e93f691199dc8f72e3024aeecc0b6703009d4,de.grobox.blitzmail.send.MailSender,130,0,20
fe5e93f691199dc8f72e3024aeecc0b6703009d4,de.grobox.blitzmail.send.SendActivity,327,50,43
72090b720de8297be42dbf1255c9339ec6314521,com.provider.JSSEProvider,48,1,2
72090b720de8297be42dbf1255c9339ec6314521,de.grobox.blitzmail.crypto.Crypto,52,0,9
72090b720de8297be42dbf1255c9339ec6314521,de.grobox.blitzmail.crypto.EncryptedEditTextPreference,54,0,3
72090b720de8297be42dbf1255c9339ec6314521,de.grobox.blitzmail.MailStorage,107,3,9
72090b720de8297be42dbf1255c9339ec6314521,de.grobox.blitzmail.NoteActivity,149,16,15
72090b720de8297be42dbf1255c9339ec6314521,de.grobox.blitzmail.preferences.PrefFragment,144,36,17
72090b720de8297be42dbf1255c9339ec6314521,de.grobox.blitzmail.send.MailSender,130,0,20
72090b720de8297be42dbf1255c9339ec6314521,de.grobox.blitzmail.send.SendActivity,327,50,43
2215591bd0f638f8bba39bb2a6103afc8e569a67,com.provider.JSSEProvider,48,1,2
2215591bd0f638f8bba39bb2a6103afc8e569a67,de.grobox.blitzmail.crypto.Crypto,52,0,9
2215591bd0f638f8bba39bb2a6103afc8e569a67,de.grobox.blitzmail.crypto.EncryptedEditTextPreference,54,0,3
2215591bd0f638f8bba39bb2a6103afc8e569a67,de.grobox.blitzmail.MailStorage,107,3,9
2215591bd0f638f8bba39bb2a6103afc8e569a67,de.grobox.blitzmail.NoteActivity,149,16,15
2215591bd0f638f8bba39bb2a6103afc8e569a67,de.grobox.blitzmail.preferences.PrefFragment,144,36,17
2215591bd0f638f8bba39bb2a6103afc8e569a67,de.grobox.blitzmail.send.MailSender,130,0,20
2215591bd0f638f8bba39bb2a6103afc8e569a67,de.grobox.blitzmail.send.SendActivity,327,50,43
088e22eb41c33e839a5a5b555d5963c89c854040,com.provider.JSSEProvider,48,1,2
088e22eb41c33e839a5a5b555d5963c89c854040,de.grobox.blitzmail.crypto.Crypto,52,0,9
088e22eb41c33e839a5a5b555d5963c89c854040,de.grobox.blitzmail.crypto.EncryptedEditTextPreference,54,0,3
088e22eb41c33e839a5a5b555d5963c89c854040,de.grobox.blitzmail.MailStorage,107,3,9
088e22eb41c33e839a5a5b555d5963c89c854040,de.grobox.blitzmail.NoteActivity,149,16,15
088e22eb41c33e839a5a5b555d5963c89c854040,de.grobox.blitzmail.preferences.PrefFragment,144,36,17
088e22eb41c33e839a5a5b555d5963c89c854040,de.grobox.blitzmail.send.MailSender,130,0,20
088e22eb41c33e839a5a5b555d5963c89c854040,de.grobox.blitzmail.send.SendActivity,327,50,43
92011be372549b6b453121b43cb33866293f6ee7,com.provider.JSSEProvider,48,1,2
92011be372549b6b453121b43cb33866293f6ee7,de.grobox.blitzmail.crypto.Crypto,52,0,9
92011be372549b6b453121b43cb33866293f6ee7,de.grobox.blitzmail.crypto.EncryptedEditTextPreference,54,0,3
92011be372549b6b453121b43cb33866293f6ee7,de.grobox.blitzmail.MailStorage,107,3,9
92011be372549b6b453121b43cb33866293f6ee7,de.grobox.blitzmail.NoteActivity,149,16,15
92011be372549b6b453121b43cb33866293f6ee7,de.grobox.blitzmail.preferences.PrefFragment,144,36,17
92011be372549b6b453121b43cb33866293f6ee7,de.grobox.blitzmail.send.MailSender,130,0,20
92011be372549b6b453121b43cb33866293f6ee7,de.grobox.blitzmail.send.SendActivity,327,50,43
16da11b4f07273bf7b351c98c7ca1f862aa940b4,com.provider.JSSEProvider,48,1,2
16da11b4f07273bf7b351c98c7ca1f862aa940b4,de.grobox.blitzmail.crypto.Crypto,52,0,9
16da11b4f07273bf7b351c98c7ca1f862aa940b4,de.grobox.blitzmail.crypto.EncryptedEditTextPreference,54,0,3
16da11b4f07273bf7b351c98c7ca1f862aa940b4,de.grobox.blitzmail.MailStorage,107,3,9
16da11b4f07273bf7b351c98c7ca1f862aa940b4,de.grobox.blitzmail.NoteActivity,149,16,15
16da11b4f07273bf7b351c98c7ca1f862aa940b4,de.grobox.blitzmail.preferences.PrefFragment,144,36,17
16da11b4f07273bf7b351c98c7ca1f862aa940b4,de.grobox.blitzmail.send.MailSender,130,0,20
16da11b4f07273bf7b351c98c7ca1f862aa940b4,de.grobox.blitzmail.send.SendActivity,327,50,43
ae51a26595cff613539fd61cdce124a0b30a1e75,com.provider.JSSEProvider,48,1,2
ae51a26595cff613539fd61cdce124a0b30a1e75,de.grobox.blitzmail.crypto.Crypto,52,0,9
ae51a26595cff613539fd61cdce124a0b30a1e75,de.grobox.blitzmail.crypto.EncryptedEditTextPreference,54,0,3
ae51a26595cff613539fd61cdce124a0b30a1e75,de.grobox.blitzmail.MailStorage,107,3,9
ae51a26595cff613539fd61cdce124a0b30a1e75,de.grobox.blitzmail.NoteActivity,149,16,15
ae51a26595cff613539fd61cdce124a0b30a1e75,de.grobox.blitzmail.preferences.PrefFragment,144,36,17
ae51a26595cff613539fd61cdce124a0b30a1e75,de.grobox.blitzmail.send.MailSender,130,0,20
ae51a26595cff613539fd61cdce124a0b30a1e75,de.grobox.blitzmail.send.SendActivity,327,50,43
d8e5efc16a2e93ad818a7e08a11fcdba8201f7dd,com.provider.JSSEProvider,48,1,2
d8e5efc16a2e93ad818a7e08a11fcdba8201f7dd,de.grobox.blitzmail.crypto.Crypto,52,0,9
d8e5efc16a2e93ad818a7e08a11fcdba8201f7dd,de.grobox.blitzmail.crypto.EncryptedEditTextPreference,54,0,3
d8e5efc16a2e93ad818a7e08a11fcdba8201f7dd,de.grobox.blitzmail.MailStorage,107,3,9
d8e5efc16a2e93ad818a7e08a11fcdba8201f7dd,de.grobox.blitzmail.NoteActivity,149,16,15
d8e5efc16a2e93ad818a7e08a11fcdba8201f7dd,de.grobox.blitzmail.preferences.PrefFragment,144,36,17
d8e5efc16a2e93ad818a7e08a11fcdba8201f7dd,de.grobox.blitzmail.send.MailSender,130,0,20
d8e5efc16a2e93ad818a7e08a11fcdba8201f7dd,de.grobox.blitzmail.send.SendActivity,327,50,43
624e69a881b1be07bc6cf7ee980a6063e031bab1,com.provider.JSSEProvider,48,1,2
624e69a881b1be07bc6cf7ee980a6063e031bab1,de.grobox.blitzmail.crypto.Crypto,52,0,9
624e69a881b1be07bc6cf7ee980a6063e031bab1,de.grobox.blitzmail.crypto.EncryptedEditTextPreference,54,0,3
624e69a881b1be07bc6cf7ee980a6063e031bab1,de.grobox.blitzmail.MailStorage,107,3,9
624e69a881b1be07bc6cf7ee980a6063e031bab1,de.grobox.blitzmail.NoteActivity,149,16,15
624e69a881b1be07bc6cf7ee980a6063e031bab1,de.grobox.blitzmail.preferences.PrefFragment,144,36,17
624e69a881b1be07bc6cf7ee980a6063e031bab1,de.grobox.blitzmail.send.MailSender,130,0,20
624e69a881b1be07bc6cf7ee980a6063e031bab1,de.grobox.blitzmail.send.SendActivity,327,50,43
a03e68c91d771193a8078f698f8e6a8c55243d13,com.provider.JSSEProvider,48,1,2
a03e68c91d771193a8078f698f8e6a8c55243d13,de.grobox.blitzmail.crypto.Crypto,52,0,9
a03e68c91d771193a8078f698f8e6a8c55243d13,de.grobox.blitzmail.crypto.EncryptedEditTextPreference,54,0,3
a03e68c91d771193a8078f698f8e6a8c55243d13,de.grobox.blitzmail.MailStorage,107,3,9
a03e68c91d771193a8078f698f8e6a8c55243d13,de.grobox.blitzmail.NoteActivity,149,16,15
a03e68c91d771193a8078f698f8e6a8c55243d13,de.grobox.blitzmail.preferences.PrefFragment,144,36,17
a03e68c91d771193a8078f698f8e6a8c55243d13,de.grobox.blitzmail.send.MailSender,130,0,20
a03e68c91d771193a8078f698f8e6a8c55243d13,de.grobox.blitzmail.send.SendActivity,327,50,43
cdcf36a8988d230cbcc61104ba865f9f4615a139,com.provider.JSSEProvider,48,1,2
cdcf36a8988d230cbcc61104ba865f9f4615a139,de.grobox.blitzmail.crypto.Crypto,52,0,9
cdcf36a8988d230cbcc61104ba865f9f4615a139,de.grobox.blitzmail.crypto.EncryptedEditTextPreference,54,0,3
cdcf36a8988d230cbcc61104ba865f9f4615a139,de.grobox.blitzmail.MailStorage,107,3,9
cdcf36a8988d230cbcc61104ba865f9f4615a139,de.grobox.blitzmail.NoteActivity,149,16,15
cdcf36a8988d230cbcc61104ba865f9f4615a139,de.grobox.blitzmail.preferences.PrefFragment,144,36,17
cdcf36a8988d230cbcc61104ba865f9f4615a139,de.grobox.blitzmail.send.MailSender,130,0,20
cdcf36a8988d230cbcc61104ba865f9f4615a139,de.grobox.blitzmail.send.SendActivity,327,50,43
2ecbbef2a6831d2c5473f55fca5fabd50469c5b7,com.provider.JSSEProvider,48,1,2
2ecbbef2a6831d2c5473f55fca5fabd50469c5b7,de.grobox.blitzmail.crypto.Crypto,52,0,9
2ecbbef2a6831d2c5473f55fca5fabd50469c5b7,de.grobox.blitzmail.crypto.EncryptedEditTextPreference,54,0,3
2ecbbef2a6831d2c5473f55fca5fabd50469c5b7,de.grobox.blitzmail.MailStorage,107,3,9
2ecbbef2a6831d2c5473f55fca5fabd50469c5b7,de.grobox.blitzmail.NoteActivity,149,16,15
2ecbbef2a6831d2c5473f55fca5fabd50469c5b7,de.grobox.blitzmail.preferences.PrefFragment,144,36,17
2ecbbef2a6831d2c5473f55fca5fabd50469c5b7,de.grobox.blitzmail.send.MailSender,130,0,20
2ecbbef2a6831d2c5473f55fca5fabd50469c5b7,de.grobox.blitzmail.send.SendActivity,327,50,43
73de8070a3a72a1ea2b53831d6fb4b1f0842c3da,com.provider.JSSEProvider,48,1,2
73de8070a3a72a1ea2b53831d6fb4b1f0842c3da,de.grobox.blitzmail.crypto.Crypto,52,0,9
73de8070a3a72a1ea2b53831d6fb4b1f0842c3da,de.grobox.blitzmail.crypto.EncryptedEditTextPreference,54,0,3
73de8070a3a72a1ea2b53831d6fb4b1f0842c3da,de.grobox.blitzmail.MailStorage,107,3,9
73de8070a3a72a1ea2b53831d6fb4b1f0842c3da,de.grobox.blitzmail.NoteActivity,149,16,15
73de8070a3a72a1ea2b53831d6fb4b1f0842c3da,de.grobox.blitzmail.preferences.PrefFragment,144,36,17
73de8070a3a72a1ea2b53831d6fb4b1f0842c3da,de.grobox.blitzmail.send.MailSender,130,0,20
73de8070a3a72a1ea2b53831d6fb4b1f0842c3da,de.grobox.blitzmail.send.SendActivity,327,50,43
7c3abc3601e2fbec75f020bfe0d2268e167fa729,com.provider.JSSEProvider,48,1,2
7c3abc3601e2fbec75f020bfe0d2268e167fa729,de.grobox.blitzmail.crypto.Crypto,52,0,9
7c3abc3601e2fbec75f020bfe0d2268e167fa729,de.grobox.blitzmail.crypto.EncryptedEditTextPreference,54,0,3
7c3abc3601e2fbec75f020bfe0d2268e167fa729,de.grobox.blitzmail.MailStorage,107,3,9
7c3abc3601e2fbec75f020bfe0d2268e167fa729,de.grobox.blitzmail.NoteActivity,149,16,15
7c3abc3601e2fbec75f020bfe0d2268e167fa729,de.grobox.blitzmail.preferences.PrefFragment,144,36,17
7c3abc3601e2fbec75f020bfe0d2268e167fa729,de.grobox.blitzmail.send.MailSender,130,0,20
7c3abc3601e2fbec75f020bfe0d2268e167fa729,de.grobox.blitzmail.send.SendActivity,327,50,43
4376483b2e2c6f379c5d8c8445995768629dc74e,com.provider.JSSEProvider,48,1,2
4376483b2e2c6f379c5d8c8445995768629dc74e,de.grobox.blitzmail.crypto.Crypto,52,0,9
4376483b2e2c6f379c5d8c8445995768629dc74e,de.grobox.blitzmail.crypto.EncryptedEditTextPreference,54,0,3
4376483b2e2c6f379c5d8c8445995768629dc74e,de.grobox.blitzmail.MailStorage,107,3,9
4376483b2e2c6f379c5d8c8445995768629dc74e,de.grobox.blitzmail.NoteActivity,149,16,15
4376483b2e2c6f379c5d8c8445995768629dc74e,de.grobox.blitzmail.preferences.PrefFragment,144,36,17
4376483b2e2c6f379c5d8c8445995768629dc74e,de.grobox.blitzmail.send.MailSender,130,0,20
4376483b2e2c6f379c5d8c8445995768629dc74e,de.grobox.blitzmail.send.SendActivity,327,50,43
61f67ae490740ae9353986222c70013c2084a5c8,com.provider.JSSEProvider,48,1,2
61f67ae490740ae9353986222c70013c2084a5c8,de.grobox.blitzmail.crypto.Crypto,52,0,9
61f67ae490740ae9353986222c70013c2084a5c8,de.grobox.blitzmail.crypto.EncryptedEditTextPreference,54,0,3
61f67ae490740ae9353986222c70013c2084a5c8,de.grobox.blitzmail.MailStorage,107,3,9
61f67ae490740ae9353986222c70013c2084a5c8,de.grobox.blitzmail.NoteActivity,149,16,15
61f67ae490740ae9353986222c70013c2084a5c8,de.grobox.blitzmail.preferences.PrefFragment,144,36,17
61f67ae490740ae9353986222c70013c2084a5c8,de.grobox.blitzmail.send.MailSender,130,0,20
61f67ae490740ae9353986222c70013c2084a5c8,de.grobox.blitzmail.send.SendActivity,327,50,43
ff0dd0d70f561867f230192b71c3582bb958fe1c,com.provider.JSSEProvider,48,1,2
ff0dd0d70f561867f230192b71c3582bb958fe1c,de.grobox.blitzmail.crypto.Crypto,52,0,9
ff0dd0d70f561867f230192b71c3582bb958fe1c,de.grobox.blitzmail.crypto.EncryptedEditTextPreference,54,0,3
ff0dd0d70f561867f230192b71c3582bb958fe1c,de.grobox.blitzmail.MailStorage,107,3,9
ff0dd0d70f561867f230192b71c3582bb958fe1c,de.grobox.blitzmail.NoteActivity,149,16,15
ff0dd0d70f561867f230192b71c3582bb958fe1c,de.grobox.blitzmail.preferences.PrefFragment,144,36,17
ff0dd0d70f561867f230192b71c3582bb958fe1c,de.grobox.blitzmail.send.MailSender,130,0,20
ff0dd0d70f561867f230192b71c3582bb958fe1c,de.grobox.blitzmail.send.SendActivity,327,50,43
316bcd84fc108b360d409968bbf74e1d3c49de42,com.provider.JSSEProvider,48,1,2
316bcd84fc108b360d409968bbf74e1d3c49de42,de.grobox.blitzmail.crypto.Crypto,52,0,9
316bcd84fc108b360d409968bbf74e1d3c49de42,de.grobox.blitzmail.crypto.EncryptedEditTextPreference,54,0,3
316bcd84fc108b360d409968bbf74e1d3c49de42,de.grobox.blitzmail.MailStorage,107,3,9
316bcd84fc108b360d409968bbf74e1d3c49de42,de.grobox.blitzmail.NoteActivity,149,16,15
316bcd84fc108b360d409968bbf74e1d3c49de42,de.grobox.blitzmail.preferences.PrefFragment,144,36,17
316bcd84fc108b360d409968bbf74e1d3c49de42,de.grobox.blitzmail.send.MailSender,130,0,20
316bcd84fc108b360d409968bbf74e1d3c49de42,de.grobox.blitzmail.send.SendActivity,327,50,43
834a5381e06e970c103b851a9d7faf01f171d0ab,com.provider.JSSEProvider,48,1,2
834a5381e06e970c103b851a9d7faf01f171d0ab,de.grobox.blitzmail.crypto.Crypto,52,0,9
834a5381e06e970c103b851a9d7faf01f171d0ab,de.grobox.blitzmail.crypto.EncryptedEditTextPreference,54,0,3
834a5381e06e970c103b851a9d7faf01f171d0ab,de.grobox.blitzmail.MailStorage,107,3,9
834a5381e06e970c103b851a9d7faf01f171d0ab,de.grobox.blitzmail.NoteActivity,149,16,15
834a5381e06e970c103b851a9d7faf01f171d0ab,de.grobox.blitzmail.preferences.PrefFragment,144,36,17
834a5381e06e970c103b851a9d7faf01f171d0ab,de.grobox.blitzmail.send.MailSender,130,0,20
834a5381e06e970c103b851a9d7faf01f171d0ab,de.grobox.blitzmail.send.SendActivity,327,50,43
b7dc60ef85b4bd3d395d6e4751ec1cbfccf60da2,com.provider.JSSEProvider,48,1,2
b7dc60ef85b4bd3d395d6e4751ec1cbfccf60da2,de.grobox.blitzmail.crypto.Crypto,52,0,9
b7dc60ef85b4bd3d395d6e4751ec1cbfccf60da2,de.grobox.blitzmail.crypto.EncryptedEditTextPreference,54,0,3
b7dc60ef85b4bd3d395d6e4751ec1cbfccf60da2,de.grobox.blitzmail.MailStorage,107,3,9
b7dc60ef85b4bd3d395d6e4751ec1cbfccf60da2,de.grobox.blitzmail.NoteActivity,149,16,15
b7dc60ef85b4bd3d395d6e4751ec1cbfccf60da2,de.grobox.blitzmail.preferences.PrefFragment,144,36,17
b7dc60ef85b4bd3d395d6e4751ec1cbfccf60da2,de.grobox.blitzmail.send.MailSender,130,0,20
b7dc60ef85b4bd3d395d6e4751ec1cbfccf60da2,de.grobox.blitzmail.send.SendActivity,327,50,43
5465db494baa94df4b7ee7d8255270b81e879bea,com.provider.JSSEProvider,48,1,2
5465db494baa94df4b7ee7d8255270b81e879bea,de.grobox.blitzmail.crypto.Crypto,52,0,9
5465db494baa94df4b7ee7d8255270b81e879bea,de.grobox.blitzmail.crypto.EncryptedEditTextPreference,54,0,3
5465db494baa94df4b7ee7d8255270b81e879bea,de.grobox.blitzmail.MailStorage,107,3,9
5465db494baa94df4b7ee7d8255270b81e879bea,de.grobox.blitzmail.NoteActivity,149,16,15
5465db494baa94df4b7ee7d8255270b81e879bea,de.grobox.blitzmail.preferences.PrefFragment,144,36,17
5465db494baa94df4b7ee7d8255270b81e879bea,de.grobox.blitzmail.send.MailSender,130,0,20
5465db494baa94df4b7ee7d8255270b81e879bea,de.grobox.blitzmail.send.SendActivity,327,50,43
9da86e8d1eb519037b821475bf47d200344156cc,com.provider.JSSEProvider,48,1,2
9da86e8d1eb519037b821475bf47d200344156cc,de.grobox.blitzmail.crypto.Crypto,52,0,9
9da86e8d1eb519037b821475bf47d200344156cc,de.grobox.blitzmail.crypto.EncryptedEditTextPreference,54,0,3
9da86e8d1eb519037b821475bf47d200344156cc,de.grobox.blitzmail.MailStorage,107,3,9
9da86e8d1eb519037b821475bf47d200344156cc,de.grobox.blitzmail.NoteActivity,149,16,15
9da86e8d1eb519037b821475bf47d200344156cc,de.grobox.blitzmail.preferences.PrefFragment,144,36,17
9da86e8d1eb519037b821475bf47d200344156cc,de.grobox.blitzmail.send.MailSender,130,0,20
9da86e8d1eb519037b821475bf47d200344156cc,de.grobox.blitzmail.send.SendActivity,327,50,43
088956a537fe3a90f4ec125b66919638fdf964a3,com.provider.JSSEProvider,48,1,2
088956a537fe3a90f4ec125b66919638fdf964a3,de.grobox.blitzmail.crypto.Crypto,52,0,9
088956a537fe3a90f4ec125b66919638fdf964a3,de.grobox.blitzmail.crypto.EncryptedEditTextPreference,54,0,3
088956a537fe3a90f4ec125b66919638fdf964a3,de.grobox.blitzmail.MailStorage,107,3,9
088956a537fe3a90f4ec125b66919638fdf964a3,de.grobox.blitzmail.NoteActivity,149,16,15
088956a537fe3a90f4ec125b66919638fdf964a3,de.grobox.blitzmail.preferences.PrefFragment,144,36,17
088956a537fe3a90f4ec125b66919638fdf964a3,de.grobox.blitzmail.send.MailSender,130,0,20
088956a537fe3a90f4ec125b66919638fdf964a3,de.grobox.blitzmail.send.SendActivity,327,50,43
290f4d8dfc6dcf828469f34023d778a933c6d533,com.provider.JSSEProvider,48,1,2
290f4d8dfc6dcf828469f34023d778a933c6d533,de.grobox.blitzmail.crypto.Crypto,52,0,9
290f4d8dfc6dcf828469f34023d778a933c6d533,de.grobox.blitzmail.crypto.EncryptedEditTextPreference,54,0,3
290f4d8dfc6dcf828469f34023d778a933c6d533,de.grobox.blitzmail.MailStorage,107,3,9
290f4d8dfc6dcf828469f34023d778a933c6d533,de.grobox.blitzmail.NoteActivity,149,16,15
290f4d8dfc6dcf828469f34023d778a933c6d533,de.grobox.blitzmail.preferences.PrefFragment,144,36,17
290f4d8dfc6dcf828469f34023d778a933c6d533,de.grobox.blitzmail.send.MailSender,130,0,20
290f4d8dfc6dcf828469f34023d778a933c6d533,de.grobox.blitzmail.send.SendActivity,327,50,43
41be2bf683aaf1c6d3e194b8ecd96b769ba4db4a,com.provider.JSSEProvider,48,1,2
41be2bf683aaf1c6d3e194b8ecd96b769ba4db4a,de.grobox.blitzmail.crypto.Crypto,52,0,9
41be2bf683aaf1c6d3e194b8ecd96b769ba4db4a,de.grobox.blitzmail.crypto.EncryptedEditTextPreference,54,0,3
41be2bf683aaf1c6d3e194b8ecd96b769ba4db4a,de.grobox.blitzmail.MailStorage,107,3,9
41be2bf683aaf1c6d3e194b8ecd96b769ba4db4a,de.grobox.blitzmail.NoteActivity,149,16,15
41be2bf683aaf1c6d3e194b8ecd96b769ba4db4a,de.grobox.blitzmail.preferences.PrefFragment,144,36,17
41be2bf683aaf1c6d3e194b8ecd96b769ba4db4a,de.grobox.blitzmail.send.MailSender,130,0,20
41be2bf683aaf1c6d3e194b8ecd96b769ba4db4a,de.grobox.blitzmail.send.SendActivity,327,50,43
383fa860a09a6de2073ac4855e81be2fee333814,com.provider.JSSEProvider,48,1,2
383fa860a09a6de2073ac4855e81be2fee333814,de.grobox.blitzmail.crypto.Crypto,52,0,9
383fa860a09a6de2073ac4855e81be2fee333814,de.grobox.blitzmail.crypto.EncryptedEditTextPreference,54,0,3
383fa860a09a6de2073ac4855e81be2fee333814,de.grobox.blitzmail.MailStorage,107,3,9
383fa860a09a6de2073ac4855e81be2fee333814,de.grobox.blitzmail.NoteActivity,149,16,15
383fa860a09a6de2073ac4855e81be2fee333814,de.grobox.blitzmail.preferences.PrefFragment,144,36,17
383fa860a09a6de2073ac4855e81be2fee333814,de.grobox.blitzmail.send.MailSender,130,0,20
383fa860a09a6de2073ac4855e81be2fee333814,de.grobox.blitzmail.send.SendActivity,327,50,43
a880d900dea70ad45461ec21fbd1d185860a997d,com.provider.JSSEProvider,48,1,2
a880d900dea70ad45461ec21fbd1d185860a997d,de.grobox.blitzmail.crypto.Crypto,52,0,9
a880d900dea70ad45461ec21fbd1d185860a997d,de.grobox.blitzmail.crypto.EncryptedEditTextPreference,54,0,3
a880d900dea70ad45461ec21fbd1d185860a997d,de.grobox.blitzmail.MailStorage,107,3,9
a880d900dea70ad45461ec21fbd1d185860a997d,de.grobox.blitzmail.NoteActivity,149,16,15
a880d900dea70ad45461ec21fbd1d185860a997d,de.grobox.blitzmail.preferences.PrefFragment,144,36,17
a880d900dea70ad45461ec21fbd1d185860a997d,de.grobox.blitzmail.send.MailSender,130,0,20
a880d900dea70ad45461ec21fbd1d185860a997d,de.grobox.blitzmail.send.SendActivity,327,50,43
42355b1fdf17781e97124f676c3e5bdc07de2a2c,com.provider.JSSEProvider,48,1,2
42355b1fdf17781e97124f676c3e5bdc07de2a2c,de.grobox.blitzmail.crypto.Crypto,52,0,9
42355b1fdf17781e97124f676c3e5bdc07de2a2c,de.grobox.blitzmail.crypto.EncryptedEditTextPreference,54,0,3
42355b1fdf17781e97124f676c3e5bdc07de2a2c,de.grobox.blitzmail.MailStorage,107,3,9
42355b1fdf17781e97124f676c3e5bdc07de2a2c,de.grobox.blitzmail.NoteActivity,149,16,15
42355b1fdf17781e97124f676c3e5bdc07de2a2c,de.grobox.blitzmail.preferences.PrefFragment,144,36,17
42355b1fdf17781e97124f676c3e5bdc07de2a2c,de.grobox.blitzmail.send.MailSender,130,0,20
42355b1fdf17781e97124f676c3e5bdc07de2a2c,de.grobox.blitzmail.send.SendActivity,327,50,43
095107ced05f897b287cbb5faa5eb14cc3f3439f,com.provider.JSSEProvider,48,1,2
095107ced05f897b287cbb5faa5eb14cc3f3439f,de.grobox.blitzmail.crypto.Crypto,52,0,9
095107ced05f897b287cbb5faa5eb14cc3f3439f,de.grobox.blitzmail.crypto.EncryptedEditTextPreference,54,0,3
095107ced05f897b287cbb5faa5eb14cc3f3439f,de.grobox.blitzmail.MailStorage,107,3,9
095107ced05f897b287cbb5faa5eb14cc3f3439f,de.grobox.blitzmail.NoteActivity,149,16,15
095107ced05f897b287cbb5faa5eb14cc3f3439f,de.grobox.blitzmail.preferences.PrefFragment,144,36,17
095107ced05f897b287cbb5faa5eb14cc3f3439f,de.grobox.blitzmail.send.MailSender,130,0,20
095107ced05f897b287cbb5faa5eb14cc3f3439f,de.grobox.blitzmail.send.SendActivity,327,50,43
f543f4198c7bd1de45dccdb5da36feecfd55687a,com.provider.JSSEProvider,48,1,2
f543f4198c7bd1de45dccdb5da36feecfd55687a,de.grobox.blitzmail.crypto.Crypto,52,0,9
f543f4198c7bd1de45dccdb5da36feecfd55687a,de.grobox.blitzmail.crypto.EncryptedEditTextPreference,54,0,3
f543f4198c7bd1de45dccdb5da36feecfd55687a,de.grobox.blitzmail.MailStorage,107,3,9
f543f4198c7bd1de45dccdb5da36feecfd55687a,de.grobox.blitzmail.NoteActivity,149,16,15
f543f4198c7bd1de45dccdb5da36feecfd55687a,de.grobox.blitzmail.preferences.PrefFragment,144,36,17
f543f4198c7bd1de45dccdb5da36feecfd55687a,de.grobox.blitzmail.send.MailSender,130,0,20
f543f4198c7bd1de45dccdb5da36feecfd55687a,de.grobox.blitzmail.send.SendActivity,327,50,43
0afd8d6f679ccc82922bc8bea636f71dad074cc7,com.provider.JSSEProvider,48,1,2
0afd8d6f679ccc82922bc8bea636f71dad074cc7,de.grobox.blitzmail.crypto.Crypto,52,0,9
0afd8d6f679ccc82922bc8bea636f71dad074cc7,de.grobox.blitzmail.crypto.EncryptedEditTextPreference,54,0,3
0afd8d6f679ccc82922bc8bea636f71dad074cc7,de.grobox.blitzmail.MailStorage,107,3,9
0afd8d6f679ccc82922bc8bea636f71dad074cc7,de.grobox.blitzmail.NoteActivity,149,16,15
0afd8d6f679ccc82922bc8bea636f71dad074cc7,de.grobox.blitzmail.preferences.PrefFragment,144,36,17
0afd8d6f679ccc82922bc8bea636f71dad074cc7,de.grobox.blitzmail.send.MailSender,130,0,20
0afd8d6f679ccc82922bc8bea636f71dad074cc7,de.grobox.blitzmail.send.SendActivity,327,50,43
b58402ad3719942e77bc0ca1843aacf89e10ce40,com.provider.JSSEProvider,48,1,2
b58402ad3719942e77bc0ca1843aacf89e10ce40,de.grobox.blitzmail.crypto.Crypto,52,0,9
b58402ad3719942e77bc0ca1843aacf89e10ce40,de.grobox.blitzmail.crypto.EncryptedEditTextPreference,54,0,3
b58402ad3719942e77bc0ca1843aacf89e10ce40,de.grobox.blitzmail.MailStorage,107,3,9
b58402ad3719942e77bc0ca1843aacf89e10ce40,de.grobox.blitzmail.NoteActivity,149,16,15
b58402ad3719942e77bc0ca1843aacf89e10ce40,de.grobox.blitzmail.preferences.PrefFragment,144,36,17
b58402ad3719942e77bc0ca1843aacf89e10ce40,de.grobox.blitzmail.send.MailSender,130,0,20
b58402ad3719942e77bc0ca1843aacf89e10ce40,de.grobox.blitzmail.send.SendActivity,327,50,43
c65aecd12e4139debf20c7e84f96c27314b2a5bb,com.provider.JSSEProvider,48,1,2
c65aecd12e4139debf20c7e84f96c27314b2a5bb,de.grobox.blitzmail.crypto.Crypto,52,0,9
c65aecd12e4139debf20c7e84f96c27314b2a5bb,de.grobox.blitzmail.crypto.EncryptedEditTextPreference,54,0,3
c65aecd12e4139debf20c7e84f96c27314b2a5bb,de.grobox.blitzmail.MailStorage,107,3,9
c65aecd12e4139debf20c7e84f96c27314b2a5bb,de.grobox.blitzmail.NoteActivity,149,16,15
c65aecd12e4139debf20c7e84f96c27314b2a5bb,de.grobox.blitzmail.preferences.PrefFragment,144,36,17
c65aecd12e4139debf20c7e84f96c27314b2a5bb,de.grobox.blitzmail.send.MailSender,130,0,20
c65aecd12e4139debf20c7e84f96c27314b2a5bb,de.grobox.blitzmail.send.SendActivity,327,50,43
35f5c1f2f1a0fee9b88d014df6d8b77e7fb9f8db,com.provider.JSSEProvider,48,1,2
35f5c1f2f1a0fee9b88d014df6d8b77e7fb9f8db,de.grobox.blitzmail.crypto.Crypto,52,0,9
35f5c1f2f1a0fee9b88d014df6d8b77e7fb9f8db,de.grobox.blitzmail.crypto.EncryptedEditTextPreference,54,0,3
35f5c1f2f1a0fee9b88d014df6d8b77e7fb9f8db,de.grobox.blitzmail.MailStorage,107,3,9
35f5c1f2f1a0fee9b88d014df6d8b77e7fb9f8db,de.grobox.blitzmail.NoteActivity,149,16,15
35f5c1f2f1a0fee9b88d014df6d8b77e7fb9f8db,de.grobox.blitzmail.preferences.PrefFragment,144,36,17
35f5c1f2f1a0fee9b88d014df6d8b77e7fb9f8db,de.grobox.blitzmail.send.MailSender,130,0,20
35f5c1f2f1a0fee9b88d014df6d8b77e7fb9f8db,de.grobox.blitzmail.send.SendActivity,327,50,43
4bc092f872331ee9244c05d7078d091ca2031897,com.provider.JSSEProvider,48,1,2
4bc092f872331ee9244c05d7078d091ca2031897,de.grobox.blitzmail.crypto.Crypto,52,0,9
4bc092f872331ee9244c05d7078d091ca2031897,de.grobox.blitzmail.crypto.EncryptedEditTextPreference,54,0,3
4bc092f872331ee9244c05d7078d091ca2031897,de.grobox.blitzmail.MailStorage,107,3,9
4bc092f872331ee9244c05d7078d091ca2031897,de.grobox.blitzmail.NoteActivity,149,16,15
4bc092f872331ee9244c05d7078d091ca2031897,de.grobox.blitzmail.preferences.PrefFragment,144,36,17
4bc092f872331ee9244c05d7078d091ca2031897,de.grobox.blitzmail.send.MailSender,130,0,20
4bc092f872331ee9244c05d7078d091ca2031897,de.grobox.blitzmail.send.SendActivity,327,50,43
6ab01475e13ae6f96280a44297cb34f997183f14,com.provider.JSSEProvider,48,1,2
6ab01475e13ae6f96280a44297cb34f997183f14,de.grobox.blitzmail.crypto.Crypto,52,0,9
6ab01475e13ae6f96280a44297cb34f997183f14,de.grobox.blitzmail.crypto.EncryptedEditTextPreference,54,0,3
6ab01475e13ae6f96280a44297cb34f997183f14,de.grobox.blitzmail.MailStorage,107,3,9
6ab01475e13ae6f96280a44297cb34f997183f14,de.grobox.blitzmail.NoteActivity,149,16,15
6ab01475e13ae6f96280a44297cb34f997183f14,de.grobox.blitzmail.preferences.PrefFragment,144,36,17
6ab01475e13ae6f96280a44297cb34f997183f14,de.grobox.blitzmail.send.MailSender,130,0,20
6ab01475e13ae6f96280a44297cb34f997183f14,de.grobox.blitzmail.send.SendActivity,327,50,43
3df8f7e6da24fb3ba161ae1e6244e6797e2ff770,com.provider.JSSEProvider,48,1,2
3df8f7e6da24fb3ba161ae1e6244e6797e2ff770,de.grobox.blitzmail.crypto.Crypto,52,0,9
3df8f7e6da24fb3ba161ae1e6244e6797e2ff770,de.grobox.blitzmail.crypto.EncryptedEditTextPreference,54,0,3
3df8f7e6da24fb3ba161ae1e6244e6797e2ff770,de.grobox.blitzmail.MailStorage,107,3,9
3df8f7e6da24fb3ba161ae1e6244e6797e2ff770,de.grobox.blitzmail.NoteActivity,149,16,15
3df8f7e6da24fb3ba161ae1e6244e6797e2ff770,de.grobox.blitzmail.preferences.PrefFragment,144,36,17
3df8f7e6da24fb3ba161ae1e6244e6797e2ff770,de.grobox.blitzmail.send.MailSender,130,0,20
3df8f7e6da24fb3ba161ae1e6244e6797e2ff770,de.grobox.blitzmail.send.SendActivity,327,50,43
77b58854ed363ebcdca1607f97aaa825d36fc3c1,com.provider.JSSEProvider,48,1,2
77b58854ed363ebcdca1607f97aaa825d36fc3c1,de.grobox.blitzmail.crypto.Crypto,52,0,9
77b58854ed363ebcdca1607f97aaa825d36fc3c1,de.grobox.blitzmail.crypto.EncryptedEditTextPreference,54,0,3
77b58854ed363ebcdca1607f97aaa825d36fc3c1,de.grobox.blitzmail.MailStorage,107,3,9
77b58854ed363ebcdca1607f97aaa825d36fc3c1,de.grobox.blitzmail.NoteActivity,149,16,15
77b58854ed363ebcdca1607f97aaa825d36fc3c1,de.grobox.blitzmail.preferences.PrefFragment,144,36,17
77b58854ed363ebcdca1607f97aaa825d36fc3c1,de.grobox.blitzmail.send.MailSender,130,0,20
77b58854ed363ebcdca1607f97aaa825d36fc3c1,de.grobox.blitzmail.send.SendActivity,327,50,43
fe9a885246f2d42cefa478ec02301164de7afb3e,com.provider.JSSEProvider,48,1,2
fe9a885246f2d42cefa478ec02301164de7afb3e,de.grobox.blitzmail.crypto.Crypto,52,0,9
fe9a885246f2d42cefa478ec02301164de7afb3e,de.grobox.blitzmail.crypto.EncryptedEditTextPreference,54,0,3
fe9a885246f2d42cefa478ec02301164de7afb3e,de.grobox.blitzmail.MailStorage,107,3,9
fe9a885246f2d42cefa478ec02301164de7afb3e,de.grobox.blitzmail.NoteActivity,149,16,15
fe9a885246f2d42cefa478ec02301164de7afb3e,de.grobox.blitzmail.preferences.PrefFragment,144,36,17
fe9a885246f2d42cefa478ec02301164de7afb3e,de.grobox.blitzmail.send.MailSender,130,0,20
fe9a885246f2d42cefa478ec02301164de7afb3e,de.grobox.blitzmail.send.SendActivity,327,50,43
0f13322cd52e6cf75bef64a47becb584946cf680,com.provider.JSSEProvider,48,1,2
0f13322cd52e6cf75bef64a47becb584946cf680,de.grobox.blitzmail.crypto.Crypto,52,0,9
0f13322cd52e6cf75bef64a47becb584946cf680,de.grobox.blitzmail.crypto.EncryptedEditTextPreference,54,0,3
0f13322cd52e6cf75bef64a47becb584946cf680,de.grobox.blitzmail.MailStorage,107,3,9
0f13322cd52e6cf75bef64a47becb584946cf680,de.grobox.blitzmail.NoteActivity,149,16,15
0f13322cd52e6cf75bef64a47becb584946cf680,de.grobox.blitzmail.preferences.PrefFragment,144,36,17
0f13322cd52e6cf75bef64a47becb584946cf680,de.grobox.blitzmail.send.MailSender,130,0,20
0f13322cd52e6cf75bef64a47becb584946cf680,de.grobox.blitzmail.send.SendActivity,327,50,43
4e032cf80e3ad47f0808141659ecb3c7cae43183,com.provider.JSSEProvider,48,1,2
4e032cf80e3ad47f0808141659ecb3c7cae43183,de.grobox.blitzmail.crypto.Crypto,52,0,9
4e032cf80e3ad47f0808141659ecb3c7cae43183,de.grobox.blitzmail.crypto.EncryptedEditTextPreference,54,0,3
4e032cf80e3ad47f0808141659ecb3c7cae43183,de.grobox.blitzmail.MailStorage,107,3,9
4e032cf80e3ad47f0808141659ecb3c7cae43183,de.grobox.blitzmail.NoteActivity,149,16,15
4e032cf80e3ad47f0808141659ecb3c7cae43183,de.grobox.blitzmail.preferences.PrefFragment,144,36,17
4e032cf80e3ad47f0808141659ecb3c7cae43183,de.grobox.blitzmail.send.MailSender,130,0,20
4e032cf80e3ad47f0808141659ecb3c7cae43183,de.grobox.blitzmail.send.SendActivity,327,50,43
cbb6be9d79c1fbc6eae33588186e7aeb1d9be977,com.provider.JSSEProvider,48,1,2
cbb6be9d79c1fbc6eae33588186e7aeb1d9be977,de.grobox.blitzmail.crypto.Crypto,52,0,9
cbb6be9d79c1fbc6eae33588186e7aeb1d9be977,de.grobox.blitzmail.crypto.EncryptedEditTextPreference,54,0,3
cbb6be9d79c1fbc6eae33588186e7aeb1d9be977,de.grobox.blitzmail.MailStorage,107,3,9
cbb6be9d79c1fbc6eae33588186e7aeb1d9be977,de.grobox.blitzmail.NoteActivity,149,16,15
cbb6be9d79c1fbc6eae33588186e7aeb1d9be977,de.grobox.blitzmail.preferences.PrefFragment,144,36,17
cbb6be9d79c1fbc6eae33588186e7aeb1d9be977,de.grobox.blitzmail.send.MailSender,130,0,20
cbb6be9d79c1fbc6eae33588186e7aeb1d9be977,de.grobox.blitzmail.send.SendActivity,327,50,43
d3eeb0b6d819abd712b591f6817964cd069e127d,com.provider.JSSEProvider,48,1,2
d3eeb0b6d819abd712b591f6817964cd069e127d,de.grobox.blitzmail.crypto.Crypto,52,0,9
d3eeb0b6d819abd712b591f6817964cd069e127d,de.grobox.blitzmail.crypto.EncryptedEditTextPreference,54,0,3
d3eeb0b6d819abd712b591f6817964cd069e127d,de.grobox.blitzmail.MailStorage,107,3,9
d3eeb0b6d819abd712b591f6817964cd069e127d,de.grobox.blitzmail.NoteActivity,149,16,15
d3eeb0b6d819abd712b591f6817964cd069e127d,de.grobox.blitzmail.preferences.PrefFragment,144,36,17
d3eeb0b6d819abd712b591f6817964cd069e127d,de.grobox.blitzmail.send.MailSender,130,0,20
d3eeb0b6d819abd712b591f6817964cd069e127d,de.grobox.blitzmail.send.SendActivity,327,50,43
4a442b3fb9dcc18298094ff1e3d7132a5a24d3d1,com.provider.JSSEProvider,48,1,2
4a442b3fb9dcc18298094ff1e3d7132a5a24d3d1,de.grobox.blitzmail.crypto.Crypto,52,0,9
4a442b3fb9dcc18298094ff1e3d7132a5a24d3d1,de.grobox.blitzmail.crypto.EncryptedEditTextPreference,54,0,3
4a442b3fb9dcc18298094ff1e3d7132a5a24d3d1,de.grobox.blitzmail.MailStorage,107,3,9
4a442b3fb9dcc18298094ff1e3d7132a5a24d3d1,de.grobox.blitzmail.NoteActivity,149,16,15
4a442b3fb9dcc18298094ff1e3d7132a5a24d3d1,de.grobox.blitzmail.preferences.PrefFragment,144,36,17
4a442b3fb9dcc18298094ff1e3d7132a5a24d3d1,de.grobox.blitzmail.send.MailSender,130,0,20
4a442b3fb9dcc18298094ff1e3d7132a5a24d3d1,de.grobox.blitzmail.send.SendActivity,327,50,43
8f7bb3fd96474f36ee8e75c00a4a9274101e38a3,com.provider.JSSEProvider,48,1,2
8f7bb3fd96474f36ee8e75c00a4a9274101e38a3,de.grobox.blitzmail.crypto.Crypto,52,0,9
8f7bb3fd96474f36ee8e75c00a4a9274101e38a3,de.grobox.blitzmail.crypto.EncryptedEditTextPreference,54,0,3
8f7bb3fd96474f36ee8e75c00a4a9274101e38a3,de.grobox.blitzmail.MailStorage,107,3,9
8f7bb3fd96474f36ee8e75c00a4a9274101e38a3,de.grobox.blitzmail.NoteActivity,149,16,15
8f7bb3fd96474f36ee8e75c00a4a9274101e38a3,de.grobox.blitzmail.preferences.PrefFragment,144,36,17
8f7bb3fd96474f36ee8e75c00a4a9274101e38a3,de.grobox.blitzmail.send.MailSender,130,0,20
8f7bb3fd96474f36ee8e75c00a4a9274101e38a3,de.grobox.blitzmail.send.SendActivity,327,50,43
445f78cef6699efdd7a13d498be62d2329904a6a,com.provider.JSSEProvider,48,1,2
445f78cef6699efdd7a13d498be62d2329904a6a,de.grobox.blitzmail.crypto.Crypto,52,0,9
445f78cef6699efdd7a13d498be62d2329904a6a,de.grobox.blitzmail.crypto.EncryptedEditTextPreference,54,0,3
445f78cef6699efdd7a13d498be62d2329904a6a,de.grobox.blitzmail.MailStorage,107,3,9
445f78cef6699efdd7a13d498be62d2329904a6a,de.grobox.blitzmail.NoteActivity,149,16,15
445f78cef6699efdd7a13d498be62d2329904a6a,de.grobox.blitzmail.preferences.PrefFragment,144,36,17
445f78cef6699efdd7a13d498be62d2329904a6a,de.grobox.blitzmail.send.MailSender,130,0,20
445f78cef6699efdd7a13d498be62d2329904a6a,de.grobox.blitzmail.send.SendActivity,327,50,43
b74defd32d4e633a957fe57875ff9e8232bcbd23,com.provider.JSSEProvider,48,1,2
b74defd32d4e633a957fe57875ff9e8232bcbd23,de.grobox.blitzmail.crypto.Crypto,52,0,9
b74defd32d4e633a957fe57875ff9e8232bcbd23,de.grobox.blitzmail.crypto.EncryptedEditTextPreference,54,0,3
b74defd32d4e633a957fe57875ff9e8232bcbd23,de.grobox.blitzmail.MailStorage,107,3,9
b74defd32d4e633a957fe57875ff9e8232bcbd23,de.grobox.blitzmail.NoteActivity,149,16,15
b74defd32d4e633a957fe57875ff9e8232bcbd23,de.grobox.blitzmail.preferences.PrefFragment,144,36,17
b74defd32d4e633a957fe57875ff9e8232bcbd23,de.grobox.blitzmail.send.MailSender,130,0,20
b74defd32d4e633a957fe57875ff9e8232bcbd23,de.grobox.blitzmail.send.SendActivity,327,50,43
a58475b2ab7ac57b87da0babe9b08779873a29ed,com.provider.JSSEProvider,48,1,2
a58475b2ab7ac57b87da0babe9b08779873a29ed,de.grobox.blitzmail.crypto.Crypto,52,0,9
a58475b2ab7ac57b87da0babe9b08779873a29ed,de.grobox.blitzmail.crypto.EncryptedEditTextPreference,54,0,3
a58475b2ab7ac57b87da0babe9b08779873a29ed,de.grobox.blitzmail.MailStorage,107,3,9
a58475b2ab7ac57b87da0babe9b08779873a29ed,de.grobox.blitzmail.NoteActivity,149,16,15
a58475b2ab7ac57b87da0babe9b08779873a29ed,de.grobox.blitzmail.preferences.PrefFragment,144,36,17
a58475b2ab7ac57b87da0babe9b08779873a29ed,de.grobox.blitzmail.send.MailSender,130,0,20
a58475b2ab7ac57b87da0babe9b08779873a29ed,de.grobox.blitzmail.send.SendActivity,327,50,43
0161c5ee5ebe59b28d4801349722c881f52b9bc5,com.provider.JSSEProvider,48,1,2
0161c5ee5ebe59b28d4801349722c881f52b9bc5,de.grobox.blitzmail.crypto.Crypto,52,0,9
0161c5ee5ebe59b28d4801349722c881f52b9bc5,de.grobox.blitzmail.crypto.EncryptedEditTextPreference,54,0,3
0161c5ee5ebe59b28d4801349722c881f52b9bc5,de.grobox.blitzmail.MailStorage,107,3,9
0161c5ee5ebe59b28d4801349722c881f52b9bc5,de.grobox.blitzmail.NoteActivity,149,16,15
0161c5ee5ebe59b28d4801349722c881f52b9bc5,de.grobox.blitzmail.preferences.PrefFragment,144,36,17
0161c5ee5ebe59b28d4801349722c881f52b9bc5,de.grobox.blitzmail.send.MailSender,130,0,20
0161c5ee5ebe59b28d4801349722c881f52b9bc5,de.grobox.blitzmail.send.SendActivity,327,50,43
cc5e34bafd2f73dcadb1741bbfee1e096102b2bb,com.provider.JSSEProvider,48,1,2
cc5e34bafd2f73dcadb1741bbfee1e096102b2bb,de.grobox.blitzmail.crypto.Crypto,52,0,9
cc5e34bafd2f73dcadb1741bbfee1e096102b2bb,de.grobox.blitzmail.crypto.EncryptedEditTextPreference,54,0,3
cc5e34bafd2f73dcadb1741bbfee1e096102b2bb,de.grobox.blitzmail.MailStorage,107,3,9
cc5e34bafd2f73dcadb1741bbfee1e096102b2bb,de.grobox.blitzmail.NoteActivity,149,16,15
cc5e34bafd2f73dcadb1741bbfee1e096102b2bb,de.grobox.blitzmail.preferences.PrefFragment,144,36,17
cc5e34bafd2f73dcadb1741bbfee1e096102b2bb,de.grobox.blitzmail.send.MailSender,130,0,20
cc5e34bafd2f73dcadb1741bbfee1e096102b2bb,de.grobox.blitzmail.send.SendActivity,327,50,43
532c58ea5b840517dc5b134dbd863635595e3797,com.provider.JSSEProvider,48,1,2
532c58ea5b840517dc5b134dbd863635595e3797,de.grobox.blitzmail.crypto.Crypto,52,0,9
532c58ea5b840517dc5b134dbd863635595e3797,de.grobox.blitzmail.crypto.EncryptedEditTextPreference,54,0,3
532c58ea5b840517dc5b134dbd863635595e3797,de.grobox.blitzmail.MailStorage,107,3,9
532c58ea5b840517dc5b134dbd863635595e3797,de.grobox.blitzmail.NoteActivity,149,16,15
532c58ea5b840517dc5b134dbd863635595e3797,de.grobox.blitzmail.preferences.PrefFragment,144,36,17
532c58ea5b840517dc5b134dbd863635595e3797,de.grobox.blitzmail.send.MailSender,130,0,20
532c58ea5b840517dc5b134dbd863635595e3797,de.grobox.blitzmail.send.SendActivity,327,50,43
ba68b4f9fc21cae6fcb8a5be9dbffc91b34c637f,com.provider.JSSEProvider,48,1,2
ba68b4f9fc21cae6fcb8a5be9dbffc91b34c637f,de.grobox.blitzmail.crypto.Crypto,52,0,9
ba68b4f9fc21cae6fcb8a5be9dbffc91b34c637f,de.grobox.blitzmail.crypto.EncryptedEditTextPreference,54,0,3
ba68b4f9fc21cae6fcb8a5be9dbffc91b34c637f,de.grobox.blitzmail.MailStorage,107,3,9
ba68b4f9fc21cae6fcb8a5be9dbffc91b34c637f,de.grobox.blitzmail.NoteActivity,149,16,15
ba68b4f9fc21cae6fcb8a5be9dbffc91b34c637f,de.grobox.blitzmail.preferences.PrefFragment,144,36,17
ba68b4f9fc21cae6fcb8a5be9dbffc91b34c637f,de.grobox.blitzmail.send.MailSender,130,0,20
ba68b4f9fc21cae6fcb8a5be9dbffc91b34c637f,de.grobox.blitzmail.send.SendActivity,327,50,43
11a702a5213a82712c6f793c03878a6b196cbe7e,com.provider.JSSEProvider,48,1,2
11a702a5213a82712c6f793c03878a6b196cbe7e,de.grobox.blitzmail.crypto.Crypto,52,0,9
11a702a5213a82712c6f793c03878a6b196cbe7e,de.grobox.blitzmail.crypto.EncryptedEditTextPreference,54,0,3
11a702a5213a82712c6f793c03878a6b196cbe7e,de.grobox.blitzmail.MailStorage,107,3,9
11a702a5213a82712c6f793c03878a6b196cbe7e,de.grobox.blitzmail.NoteActivity,149,16,15
11a702a5213a82712c6f793c03878a6b196cbe7e,de.grobox.blitzmail.preferences.PrefFragment,144,36,17
11a702a5213a82712c6f793c03878a6b196cbe7e,de.grobox.blitzmail.send.MailSender,130,0,20
11a702a5213a82712c6f793c03878a6b196cbe7e,de.grobox.blitzmail.send.SendActivity,327,50,43
4c661d2a9090750d188fb0923227a4c99b10b241,com.provider.JSSEProvider,48,1,2
4c661d2a9090750d188fb0923227a4c99b10b241,de.grobox.blitzmail.crypto.Crypto,52,0,9
4c661d2a9090750d188fb0923227a4c99b10b241,de.grobox.blitzmail.crypto.EncryptedEditTextPreference,54,0,3
4c661d2a9090750d188fb0923227a4c99b10b241,de.grobox.blitzmail.MailStorage,107,3,9
4c661d2a9090750d188fb0923227a4c99b10b241,de.grobox.blitzmail.NoteActivity,149,16,15
4c661d2a9090750d188fb0923227a4c99b10b241,de.grobox.blitzmail.preferences.PrefFragment,144,36,17
4c661d2a9090750d188fb0923227a4c99b10b241,de.grobox.blitzmail.send.MailSender,130,0,20
4c661d2a9090750d188fb0923227a4c99b10b241,de.grobox.blitzmail.send.SendActivity,327,50,43
a0ac0516d41aea1374bb53a5efb8c15ffca8125e,com.provider.JSSEProvider,48,1,2
a0ac0516d41aea1374bb53a5efb8c15ffca8125e,de.grobox.blitzmail.crypto.Crypto,52,0,9
a0ac0516d41aea1374bb53a5efb8c15ffca8125e,de.grobox.blitzmail.crypto.EncryptedEditTextPreference,54,0,3
a0ac0516d41aea1374bb53a5efb8c15ffca8125e,de.grobox.blitzmail.MailStorage,107,3,9
a0ac0516d41aea1374bb53a5efb8c15ffca8125e,de.grobox.blitzmail.NoteActivity,149,16,15
a0ac0516d41aea1374bb53a5efb8c15ffca8125e,de.grobox.blitzmail.preferences.PrefFragment,144,36,17
a0ac0516d41aea1374bb53a5efb8c15ffca8125e,de.grobox.blitzmail.send.MailSender,130,0,20
a0ac0516d41aea1374bb53a5efb8c15ffca8125e,de.grobox.blitzmail.send.SendActivity,327,50,43
ecc5abe103bbe56e623863f3fc21fab866fa4cd3,com.provider.JSSEProvider,48,1,2
ecc5abe103bbe56e623863f3fc21fab866fa4cd3,de.grobox.blitzmail.crypto.Crypto,52,0,9
ecc5abe103bbe56e623863f3fc21fab866fa4cd3,de.grobox.blitzmail.crypto.EncryptedEditTextPreference,54,0,3
ecc5abe103bbe56e623863f3fc21fab866fa4cd3,de.grobox.blitzmail.MailStorage,107,3,9
ecc5abe103bbe56e623863f3fc21fab866fa4cd3,de.grobox.blitzmail.NoteActivity,149,16,15
ecc5abe103bbe56e623863f3fc21fab866fa4cd3,de.grobox.blitzmail.preferences.PrefFragment,144,36,17
ecc5abe103bbe56e623863f3fc21fab866fa4cd3,de.grobox.blitzmail.send.MailSender,130,0,20
ecc5abe103bbe56e623863f3fc21fab866fa4cd3,de.grobox.blitzmail.send.SendActivity,327,50,43
eed977a1cf6646dc19c54c7c24fe330cd96d6ff4,com.provider.JSSEProvider,48,1,2
eed977a1cf6646dc19c54c7c24fe330cd96d6ff4,de.grobox.blitzmail.crypto.Crypto,52,0,9
eed977a1cf6646dc19c54c7c24fe330cd96d6ff4,de.grobox.blitzmail.crypto.EncryptedEditTextPreference,54,0,3
eed977a1cf6646dc19c54c7c24fe330cd96d6ff4,de.grobox.blitzmail.MailStorage,107,3,9
eed977a1cf6646dc19c54c7c24fe330cd96d6ff4,de.grobox.blitzmail.NoteActivity,149,16,15
eed977a1cf6646dc19c54c7c24fe330cd96d6ff4,de.grobox.blitzmail.preferences.PrefFragment,144,36,17
eed977a1cf6646dc19c54c7c24fe330cd96d6ff4,de.grobox.blitzmail.send.MailSender,130,0,20
eed977a1cf6646dc19c54c7c24fe330cd96d6ff4,de.grobox.blitzmail.send.SendActivity,327,50,43
3d87aed6af84e05d772cdc19be7372f64a9e31cf,com.provider.JSSEProvider,48,1,2
3d87aed6af84e05d772cdc19be7372f64a9e31cf,de.grobox.blitzmail.crypto.Crypto,52,0,9
3d87aed6af84e05d772cdc19be7372f64a9e31cf,de.grobox.blitzmail.crypto.EncryptedEditTextPreference,54,0,3
3d87aed6af84e05d772cdc19be7372f64a9e31cf,de.grobox.blitzmail.MailStorage,107,3,9
3d87aed6af84e05d772cdc19be7372f64a9e31cf,de.grobox.blitzmail.NoteActivity,149,16,15
3d87aed6af84e05d772cdc19be7372f64a9e31cf,de.grobox.blitzmail.preferences.PrefFragment,144,36,17
3d87aed6af84e05d772cdc19be7372f64a9e31cf,de.grobox.blitzmail.send.MailSender,130,0,20
3d87aed6af84e05d772cdc19be7372f64a9e31cf,de.grobox.blitzmail.send.SendActivity,327,50,43
7eb6b3f9e1354647c09a6278e80425bac00d656c,com.provider.JSSEProvider,48,1,2
7eb6b3f9e1354647c09a6278e80425bac00d656c,de.grobox.blitzmail.crypto.Crypto,52,0,9
7eb6b3f9e1354647c09a6278e80425bac00d656c,de.grobox.blitzmail.crypto.EncryptedEditTextPreference,54,0,3
7eb6b3f9e1354647c09a6278e80425bac00d656c,de.grobox.blitzmail.MailStorage,107,3,9
7eb6b3f9e1354647c09a6278e80425bac00d656c,de.grobox.blitzmail.NoteActivity,149,16,15
7eb6b3f9e1354647c09a6278e80425bac00d656c,de.grobox.blitzmail.preferences.PrefFragment,144,36,17
7eb6b3f9e1354647c09a6278e80425bac00d656c,de.grobox.blitzmail.send.MailSender,130,0,20
7eb6b3f9e1354647c09a6278e80425bac00d656c,de.grobox.blitzmail.send.SendActivity,327,50,43
697f0f899c44b0c4d504672fd5a160f400281f4f,com.provider.JSSEProvider,48,1,2
697f0f899c44b0c4d504672fd5a160f400281f4f,de.grobox.blitzmail.crypto.Crypto,52,0,9
697f0f899c44b0c4d504672fd5a160f400281f4f,de.grobox.blitzmail.crypto.EncryptedEditTextPreference,54,0,3
697f0f899c44b0c4d504672fd5a160f400281f4f,de.grobox.blitzmail.MailStorage,107,3,9
697f0f899c44b0c4d504672fd5a160f400281f4f,de.grobox.blitzmail.NoteActivity,149,16,15
697f0f899c44b0c4d504672fd5a160f400281f4f,de.grobox.blitzmail.preferences.PrefFragment,144,36,17
697f0f899c44b0c4d504672fd5a160f400281f4f,de.grobox.blitzmail.send.MailSender,130,0,20
697f0f899c44b0c4d504672fd5a160f400281f4f,de.grobox.blitzmail.send.SendActivity,327,50,43
956cc0fc210344286dfc10ff7c12376492954be6,com.provider.JSSEProvider,48,1,2
956cc0fc210344286dfc10ff7c12376492954be6,de.grobox.blitzmail.crypto.Crypto,52,0,9
956cc0fc210344286dfc10ff7c12376492954be6,de.grobox.blitzmail.crypto.EncryptedEditTextPreference,54,0,3
956cc0fc210344286dfc10ff7c12376492954be6,de.grobox.blitzmail.MailStorage,107,3,9
956cc0fc210344286dfc10ff7c12376492954be6,de.grobox.blitzmail.NoteActivity,149,16,15
956cc0fc210344286dfc10ff7c12376492954be6,de.grobox.blitzmail.preferences.PrefFragment,144,36,17
956cc0fc210344286dfc10ff7c12376492954be6,de.grobox.blitzmail.send.MailSender,130,0,20
956cc0fc210344286dfc10ff7c12376492954be6,de.grobox.blitzmail.send.SendActivity,327,50,43
e595225f3b616cdaac10de4513a4ab9b417410d9,com.provider.JSSEProvider,48,1,2
e595225f3b616cdaac10de4513a4ab9b417410d9,de.grobox.blitzmail.crypto.Crypto,52,0,9
e595225f3b616cdaac10de4513a4ab9b417410d9,de.grobox.blitzmail.crypto.EncryptedEditTextPreference,54,0,3
e595225f3b616cdaac10de4513a4ab9b417410d9,de.grobox.blitzmail.MailStorage,107,3,9
e595225f3b616cdaac10de4513a4ab9b417410d9,de.grobox.blitzmail.NoteActivity,149,16,15
e595225f3b616cdaac10de4513a4ab9b417410d9,de.grobox.blitzmail.preferences.PrefFragment,144,36,17
e595225f3b616cdaac10de4513a4ab9b417410d9,de.grobox.blitzmail.send.MailSender,130,0,20
e595225f3b616cdaac10de4513a4ab9b417410d9,de.grobox.blitzmail.send.SendActivity,327,50,43
b020d3de2b297ea16452e080fba89560890879f9,com.provider.JSSEProvider,48,1,2
b020d3de2b297ea16452e080fba89560890879f9,de.grobox.blitzmail.crypto.Crypto,52,0,9
b020d3de2b297ea16452e080fba89560890879f9,de.grobox.blitzmail.crypto.EncryptedEditTextPreference,54,0,3
b020d3de2b297ea16452e080fba89560890879f9,de.grobox.blitzmail.MailStorage,107,3,9
b020d3de2b297ea16452e080fba89560890879f9,de.grobox.blitzmail.NoteActivity,149,16,15
b020d3de2b297ea16452e080fba89560890879f9,de.grobox.blitzmail.preferences.PrefFragment,144,36,17
b020d3de2b297ea16452e080fba89560890879f9,de.grobox.blitzmail.send.MailSender,130,0,20
b020d3de2b297ea16452e080fba89560890879f9,de.grobox.blitzmail.send.SendActivity,327,50,43
ff63e03ad5c27f9d4f4d40112ce11b97f69c74e7,com.provider.JSSEProvider,48,1,2
ff63e03ad5c27f9d4f4d40112ce11b97f69c74e7,de.grobox.blitzmail.crypto.Crypto,52,0,9
ff63e03ad5c27f9d4f4d40112ce11b97f69c74e7,de.grobox.blitzmail.crypto.EncryptedEditTextPreference,54,0,3
ff63e03ad5c27f9d4f4d40112ce11b97f69c74e7,de.grobox.blitzmail.MailStorage,107,3,9
ff63e03ad5c27f9d4f4d40112ce11b97f69c74e7,de.grobox.blitzmail.NoteActivity,149,16,15
ff63e03ad5c27f9d4f4d40112ce11b97f69c74e7,de.grobox.blitzmail.preferences.PrefFragment,144,36,17
ff63e03ad5c27f9d4f4d40112ce11b97f69c74e7,de.grobox.blitzmail.send.MailSender,130,0,20
ff63e03ad5c27f9d4f4d40112ce11b97f69c74e7,de.grobox.blitzmail.send.SendActivity,327,50,43
59ba2ede051af863d27cdc188c3208dd30c6c23b,com.provider.JSSEProvider,48,1,2
59ba2ede051af863d27cdc188c3208dd30c6c23b,de.grobox.blitzmail.crypto.Crypto,52,0,9
59ba2ede051af863d27cdc188c3208dd30c6c23b,de.grobox.blitzmail.crypto.EncryptedEditTextPreference,54,0,3
59ba2ede051af863d27cdc188c3208dd30c6c23b,de.grobox.blitzmail.MailStorage,107,3,9
59ba2ede051af863d27cdc188c3208dd30c6c23b,de.grobox.blitzmail.NoteActivity,149,16,15
59ba2ede051af863d27cdc188c3208dd30c6c23b,de.grobox.blitzmail.preferences.PrefFragment,144,36,17
59ba2ede051af863d27cdc188c3208dd30c6c23b,de.grobox.blitzmail.send.MailSender,130,0,20
59ba2ede051af863d27cdc188c3208dd30c6c23b,de.grobox.blitzmail.send.SendActivity,327,50,43
d18874de5e6f8eab5addfc17c7c0bd1bf305dba9,com.provider.JSSEProvider,48,1,2
d18874de5e6f8eab5addfc17c7c0bd1bf305dba9,de.grobox.blitzmail.crypto.Crypto,52,0,9
d18874de5e6f8eab5addfc17c7c0bd1bf305dba9,de.grobox.blitzmail.crypto.EncryptedEditTextPreference,54,0,3
d18874de5e6f8eab5addfc17c7c0bd1bf305dba9,de.grobox.blitzmail.MailStorage,107,3,9
d18874de5e6f8eab5addfc17c7c0bd1bf305dba9,de.grobox.blitzmail.NoteActivity,149,16,15
d18874de5e6f8eab5addfc17c7c0bd1bf305dba9,de.grobox.blitzmail.preferences.PrefFragment,144,36,17
d18874de5e6f8eab5addfc17c7c0bd1bf305dba9,de.grobox.blitzmail.send.MailSender,130,0,20
d18874de5e6f8eab5addfc17c7c0bd1bf305dba9,de.grobox.blitzmail.send.SendActivity,327,50,43
7190cce0aaa5e7705813b1fee263bd98b5bbe71f,com.provider.JSSEProvider,48,1,2
7190cce0aaa5e7705813b1fee263bd98b5bbe71f,de.grobox.blitzmail.crypto.Crypto,52,0,9
7190cce0aaa5e7705813b1fee263bd98b5bbe71f,de.grobox.blitzmail.crypto.EncryptedEditTextPreference,54,0,3
7190cce0aaa5e7705813b1fee263bd98b5bbe71f,de.grobox.blitzmail.MailStorage,107,3,9
7190cce0aaa5e7705813b1fee263bd98b5bbe71f,de.grobox.blitzmail.NoteActivity,149,16,15
7190cce0aaa5e7705813b1fee263bd98b5bbe71f,de.grobox.blitzmail.preferences.PrefFragment,144,36,17
7190cce0aaa5e7705813b1fee263bd98b5bbe71f,de.grobox.blitzmail.send.MailSender,130,0,20
7190cce0aaa5e7705813b1fee263bd98b5bbe71f,de.grobox.blitzmail.send.SendActivity,327,50,43
e3368130561f213a45ab0de45141bb2638914898,com.provider.JSSEProvider,48,1,2
e3368130561f213a45ab0de45141bb2638914898,de.grobox.blitzmail.crypto.Crypto,52,0,9
e3368130561f213a45ab0de45141bb2638914898,de.grobox.blitzmail.crypto.EncryptedEditTextPreference,54,0,3
e3368130561f213a45ab0de45141bb2638914898,de.grobox.blitzmail.MailStorage,107,3,9
e3368130561f213a45ab0de45141bb2638914898,de.grobox.blitzmail.NoteActivity,149,16,15
e3368130561f213a45ab0de45141bb2638914898,de.grobox.blitzmail.preferences.PrefFragment,144,36,17
e3368130561f213a45ab0de45141bb2638914898,de.grobox.blitzmail.send.MailSender,130,0,20
e3368130561f213a45ab0de45141bb2638914898,de.grobox.blitzmail.send.SendActivity,327,50,43
03190d01b3ec087955f60d7dd423642595a88af5,com.provider.JSSEProvider,48,1,2
03190d01b3ec087955f60d7dd423642595a88af5,de.grobox.blitzmail.crypto.Crypto,52,0,9
03190d01b3ec087955f60d7dd423642595a88af5,de.grobox.blitzmail.crypto.EncryptedEditTextPreference,54,0,3
03190d01b3ec087955f60d7dd423642595a88af5,de.grobox.blitzmail.MailStorage,107,3,9
03190d01b3ec087955f60d7dd423642595a88af5,de.grobox.blitzmail.NoteActivity,149,16,15
03190d01b3ec087955f60d7dd423642595a88af5,de.grobox.blitzmail.preferences.PrefFragment,144,36,17
03190d01b3ec087955f60d7dd423642595a88af5,de.grobox.blitzmail.send.MailSender,130,0,20
03190d01b3ec087955f60d7dd423642595a88af5,de.grobox.blitzmail.send.SendActivity,327,50,43
8db2b4adcc07bdb49ef03a86029de8c1896cf75c,com.provider.JSSEProvider,48,1,2
8db2b4adcc07bdb49ef03a86029de8c1896cf75c,de.grobox.blitzmail.crypto.Crypto,52,0,9
8db2b4adcc07bdb49ef03a86029de8c1896cf75c,de.grobox.blitzmail.crypto.EncryptedEditTextPreference,54,0,3
8db2b4adcc07bdb49ef03a86029de8c1896cf75c,de.grobox.blitzmail.MailStorage,107,3,9
8db2b4adcc07bdb49ef03a86029de8c1896cf75c,de.grobox.blitzmail.NoteActivity,149,16,15
8db2b4adcc07bdb49ef03a86029de8c1896cf75c,de.grobox.blitzmail.preferences.PrefFragment,144,36,17
8db2b4adcc07bdb49ef03a86029de8c1896cf75c,de.grobox.blitzmail.send.MailSender,130,0,20
8db2b4adcc07bdb49ef03a86029de8c1896cf75c,de.grobox.blitzmail.send.SendActivity,327,50,43
cdb1c1e5e738fa7d6ca80acb8977b1b9705c20ba,com.provider.JSSEProvider,48,1,2
cdb1c1e5e738fa7d6ca80acb8977b1b9705c20ba,de.grobox.blitzmail.crypto.Crypto,52,0,9
cdb1c1e5e738fa7d6ca80acb8977b1b9705c20ba,de.grobox.blitzmail.crypto.EncryptedEditTextPreference,54,0,3
cdb1c1e5e738fa7d6ca80acb8977b1b9705c20ba,de.grobox.blitzmail.MailStorage,107,3,9
cdb1c1e5e738fa7d6ca80acb8977b1b9705c20ba,de.grobox.blitzmail.NoteActivity,149,16,15
cdb1c1e5e738fa7d6ca80acb8977b1b9705c20ba,de.grobox.blitzmail.preferences.PrefFragment,144,36,17
cdb1c1e5e738fa7d6ca80acb8977b1b9705c20ba,de.grobox.blitzmail.send.MailSender,130,0,20
cdb1c1e5e738fa7d6ca80acb8977b1b9705c20ba,de.grobox.blitzmail.send.SendActivity,327,50,43
cdada9f5a54316224daf5605dc4c85772085e617,com.provider.JSSEProvider,48,1,2
cdada9f5a54316224daf5605dc4c85772085e617,de.grobox.blitzmail.crypto.Crypto,52,0,9
cdada9f5a54316224daf5605dc4c85772085e617,de.grobox.blitzmail.crypto.EncryptedEditTextPreference,54,0,3
cdada9f5a54316224daf5605dc4c85772085e617,de.grobox.blitzmail.MailStorage,107,3,9
cdada9f5a54316224daf5605dc4c85772085e617,de.grobox.blitzmail.NoteActivity,149,16,15
cdada9f5a54316224daf5605dc4c85772085e617,de.grobox.blitzmail.preferences.PrefFragment,144,36,17
cdada9f5a54316224daf5605dc4c85772085e617,de.grobox.blitzmail.send.MailSender,130,0,20
cdada9f5a54316224daf5605dc4c85772085e617,de.grobox.blitzmail.send.SendActivity,327,50,43
c77b303a74cd1a33a110a5f283dd02755337d962,com.provider.JSSEProvider,48,1,2
c77b303a74cd1a33a110a5f283dd02755337d962,de.grobox.blitzmail.crypto.Crypto,52,0,9
c77b303a74cd1a33a110a5f283dd02755337d962,de.grobox.blitzmail.crypto.EncryptedEditTextPreference,54,0,3
c77b303a74cd1a33a110a5f283dd02755337d962,de.grobox.blitzmail.MailStorage,107,3,9
c77b303a74cd1a33a110a5f283dd02755337d962,de.grobox.blitzmail.NoteActivity,149,16,15
c77b303a74cd1a33a110a5f283dd02755337d962,de.grobox.blitzmail.preferences.PrefFragment,144,36,17
c77b303a74cd1a33a110a5f283dd02755337d962,de.grobox.blitzmail.send.MailSender,130,0,20
c77b303a74cd1a33a110a5f283dd02755337d962,de.grobox.blitzmail.send.SendActivity,327,50,43
f1481ea8516e6ab50958f0924e7581b773445edc,com.provider.JSSEProvider,48,1,2
f1481ea8516e6ab50958f0924e7581b773445edc,de.grobox.blitzmail.crypto.Crypto,52,0,9
f1481ea8516e6ab50958f0924e7581b773445edc,de.grobox.blitzmail.crypto.EncryptedEditTextPreference,54,0,3
f1481ea8516e6ab50958f0924e7581b773445edc,de.grobox.blitzmail.MailStorage,107,3,9
f1481ea8516e6ab50958f0924e7581b773445edc,de.grobox.blitzmail.NoteActivity,149,16,15
f1481ea8516e6ab50958f0924e7581b773445edc,de.grobox.blitzmail.preferences.PrefFragment,144,36,17
f1481ea8516e6ab50958f0924e7581b773445edc,de.grobox.blitzmail.send.MailSender,130,0,20
f1481ea8516e6ab50958f0924e7581b773445edc,de.grobox.blitzmail.send.SendActivity,327,50,43
0b2722cadb654ddfa808953818adac38dcefe13a,com.provider.JSSEProvider,48,1,2
0b2722cadb654ddfa808953818adac38dcefe13a,de.grobox.blitzmail.crypto.Crypto,52,0,9
0b2722cadb654ddfa808953818adac38dcefe13a,de.grobox.blitzmail.crypto.EncryptedEditTextPreference,54,0,3
0b2722cadb654ddfa808953818adac38dcefe13a,de.grobox.blitzmail.MailStorage,107,3,9
0b2722cadb654ddfa808953818adac38dcefe13a,de.grobox.blitzmail.NoteActivity,149,16,15
0b2722cadb654ddfa808953818adac38dcefe13a,de.grobox.blitzmail.preferences.PrefFragment,144,36,17
0b2722cadb654ddfa808953818adac38dcefe13a,de.grobox.blitzmail.send.MailSender,130,0,20
0b2722cadb654ddfa808953818adac38dcefe13a,de.grobox.blitzmail.send.SendActivity,327,50,43
e8b2f4b6b961c084d4fa7ea3ef783eaebb12fa64,com.provider.JSSEProvider,48,1,2
e8b2f4b6b961c084d4fa7ea3ef783eaebb12fa64,de.grobox.blitzmail.crypto.Crypto,52,0,9
e8b2f4b6b961c084d4fa7ea3ef783eaebb12fa64,de.grobox.blitzmail.crypto.EncryptedEditTextPreference,54,0,3
e8b2f4b6b961c084d4fa7ea3ef783eaebb12fa64,de.grobox.blitzmail.MailStorage,107,3,9
e8b2f4b6b961c084d4fa7ea3ef783eaebb12fa64,de.grobox.blitzmail.NoteActivity,149,16,15
e8b2f4b6b961c084d4fa7ea3ef783eaebb12fa64,de.grobox.blitzmail.preferences.PrefFragment,144,36,17
e8b2f4b6b961c084d4fa7ea3ef783eaebb12fa64,de.grobox.blitzmail.send.MailSender,130,0,20
e8b2f4b6b961c084d4fa7ea3ef783eaebb12fa64,de.grobox.blitzmail.send.SendActivity,327,50,43
f408c49f019f3c63fb7b3274ce8e0f1a11ddc519,com.provider.JSSEProvider,48,1,2
f408c49f019f3c63fb7b3274ce8e0f1a11ddc519,de.grobox.blitzmail.crypto.Crypto,52,0,9
f408c49f019f3c63fb7b3274ce8e0f1a11ddc519,de.grobox.blitzmail.crypto.EncryptedEditTextPreference,54,0,3
f408c49f019f3c63fb7b3274ce8e0f1a11ddc519,de.grobox.blitzmail.MailStorage,107,3,9
f408c49f019f3c63fb7b3274ce8e0f1a11ddc519,de.grobox.blitzmail.NoteActivity,149,16,15
f408c49f019f3c63fb7b3274ce8e0f1a11ddc519,de.grobox.blitzmail.preferences.PrefFragment,144,36,17
f408c49f019f3c63fb7b3274ce8e0f1a11ddc519,de.grobox.blitzmail.send.MailSender,130,0,20
f408c49f019f3c63fb7b3274ce8e0f1a11ddc519,de.grobox.blitzmail.send.SendActivity,327,50,43
6ae3ce28873a9090b3e2b3a15484297bddaceff5,com.provider.JSSEProvider,48,1,2
6ae3ce28873a9090b3e2b3a15484297bddaceff5,de.grobox.blitzmail.crypto.Crypto,52,0,9
6ae3ce28873a9090b3e2b3a15484297bddaceff5,de.grobox.blitzmail.crypto.EncryptedEditTextPreference,54,0,3
6ae3ce28873a9090b3e2b3a15484297bddaceff5,de.grobox.blitzmail.MailStorage,107,3,9
6ae3ce28873a9090b3e2b3a15484297bddaceff5,de.grobox.blitzmail.NoteActivity,149,16,15
6ae3ce28873a9090b3e2b3a15484297bddaceff5,de.grobox.blitzmail.preferences.PrefFragment,144,36,17
6ae3ce28873a9090b3e2b3a15484297bddaceff5,de.grobox.blitzmail.send.MailSender,130,0,20
6ae3ce28873a9090b3e2b3a15484297bddaceff5,de.grobox.blitzmail.send.SendActivity,327,50,43
75c20b9db001094eb01fef3de200b279f37ad5c8,com.provider.JSSEProvider,48,1,2
75c20b9db001094eb01fef3de200b279f37ad5c8,de.grobox.blitzmail.crypto.Crypto,52,0,9
75c20b9db001094eb01fef3de200b279f37ad5c8,de.grobox.blitzmail.crypto.EncryptedEditTextPreference,54,0,3
75c20b9db001094eb01fef3de200b279f37ad5c8,de.grobox.blitzmail.MailStorage,107,3,9
75c20b9db001094eb01fef3de200b279f37ad5c8,de.grobox.blitzmail.NoteActivity,149,16,15
75c20b9db001094eb01fef3de200b279f37ad5c8,de.grobox.blitzmail.preferences.PrefFragment,144,36,17
75c20b9db001094eb01fef3de200b279f37ad5c8,de.grobox.blitzmail.send.MailSender,130,0,20
75c20b9db001094eb01fef3de200b279f37ad5c8,de.grobox.blitzmail.send.SendActivity,327,50,43
b598d1f324c434a1591193453fa53ee1d98d9e46,com.provider.JSSEProvider,48,1,2
b598d1f324c434a1591193453fa53ee1d98d9e46,de.grobox.blitzmail.crypto.Crypto,52,0,9
b598d1f324c434a1591193453fa53ee1d98d9e46,de.grobox.blitzmail.crypto.EncryptedEditTextPreference,54,0,3
b598d1f324c434a1591193453fa53ee1d98d9e46,de.grobox.blitzmail.MailStorage,107,3,9
b598d1f324c434a1591193453fa53ee1d98d9e46,de.grobox.blitzmail.NoteActivity,149,16,15
b598d1f324c434a1591193453fa53ee1d98d9e46,de.grobox.blitzmail.preferences.PrefFragment,144,36,17
b598d1f324c434a1591193453fa53ee1d98d9e46,de.grobox.blitzmail.send.MailSender,130,0,20
b598d1f324c434a1591193453fa53ee1d98d9e46,de.grobox.blitzmail.send.SendActivity,327,50,43
c494e67b9d6e26fbf11d053977b2f258ea4bbe76,com.provider.JSSEProvider,48,1,2
c494e67b9d6e26fbf11d053977b2f258ea4bbe76,de.grobox.blitzmail.crypto.Crypto,52,0,9
c494e67b9d6e26fbf11d053977b2f258ea4bbe76,de.grobox.blitzmail.crypto.EncryptedEditTextPreference,54,0,3
c494e67b9d6e26fbf11d053977b2f258ea4bbe76,de.grobox.blitzmail.MailStorage,107,3,9
c494e67b9d6e26fbf11d053977b2f258ea4bbe76,de.grobox.blitzmail.NoteActivity,149,16,15
c494e67b9d6e26fbf11d053977b2f258ea4bbe76,de.grobox.blitzmail.preferences.PrefFragment,144,36,17
c494e67b9d6e26fbf11d053977b2f258ea4bbe76,de.grobox.blitzmail.send.MailSender,130,0,20
c494e67b9d6e26fbf11d053977b2f258ea4bbe76,de.grobox.blitzmail.send.SendActivity,327,50,43
0f977d44d1223c66d43b127b411cac97510b8ef7,com.provider.JSSEProvider,48,1,2
0f977d44d1223c66d43b127b411cac97510b8ef7,de.grobox.blitzmail.crypto.Crypto,52,0,9
0f977d44d1223c66d43b127b411cac97510b8ef7,de.grobox.blitzmail.crypto.EncryptedEditTextPreference,54,0,3
0f977d44d1223c66d43b127b411cac97510b8ef7,de.grobox.blitzmail.MailStorage,107,3,9
0f977d44d1223c66d43b127b411cac97510b8ef7,de.grobox.blitzmail.NoteActivity,149,16,15
0f977d44d1223c66d43b127b411cac97510b8ef7,de.grobox.blitzmail.preferences.PrefFragment,144,36,17
0f977d44d1223c66d43b127b411cac97510b8ef7,de.grobox.blitzmail.send.MailSender,130,0,20
0f977d44d1223c66d43b127b411cac97510b8ef7,de.grobox.blitzmail.send.SendActivity,327,50,43
6523a65a246da16459f288d72ffcf2f33048a11e,com.provider.JSSEProvider,48,1,2
6523a65a246da16459f288d72ffcf2f33048a11e,de.grobox.blitzmail.crypto.Crypto,52,0,9
6523a65a246da16459f288d72ffcf2f33048a11e,de.grobox.blitzmail.crypto.EncryptedEditTextPreference,54,0,3
6523a65a246da16459f288d72ffcf2f33048a11e,de.grobox.blitzmail.MailStorage,107,3,9
6523a65a246da16459f288d72ffcf2f33048a11e,de.grobox.blitzmail.NoteActivity,149,16,15
6523a65a246da16459f288d72ffcf2f33048a11e,de.grobox.blitzmail.preferences.PrefFragment,144,36,17
6523a65a246da16459f288d72ffcf2f33048a11e,de.grobox.blitzmail.send.MailSender,130,0,20
6523a65a246da16459f288d72ffcf2f33048a11e,de.grobox.blitzmail.send.SendActivity,327,50,43
fc4beda3cdb8221e1ae3e0ef8d932c2b36ef9c77,com.provider.JSSEProvider,48,1,2
fc4beda3cdb8221e1ae3e0ef8d932c2b36ef9c77,de.grobox.blitzmail.crypto.Crypto,52,0,9
fc4beda3cdb8221e1ae3e0ef8d932c2b36ef9c77,de.grobox.blitzmail.crypto.EncryptedEditTextPreference,54,0,3
fc4beda3cdb8221e1ae3e0ef8d932c2b36ef9c77,de.grobox.blitzmail.MailStorage,107,3,9
fc4beda3cdb8221e1ae3e0ef8d932c2b36ef9c77,de.grobox.blitzmail.NoteActivity,149,16,15
fc4beda3cdb8221e1ae3e0ef8d932c2b36ef9c77,de.grobox.blitzmail.preferences.PrefFragment,144,36,17
fc4beda3cdb8221e1ae3e0ef8d932c2b36ef9c77,de.grobox.blitzmail.send.MailSender,130,0,20
fc4beda3cdb8221e1ae3e0ef8d932c2b36ef9c77,de.grobox.blitzmail.send.SendActivity,327,50,43
a5a7a5f521082b2d707738ecce61c333d5b13f7c,com.provider.JSSEProvider,48,1,2
a5a7a5f521082b2d707738ecce61c333d5b13f7c,de.grobox.blitzmail.crypto.Crypto,52,0,9
a5a7a5f521082b2d707738ecce61c333d5b13f7c,de.grobox.blitzmail.crypto.EncryptedEditTextPreference,54,0,3
a5a7a5f521082b2d707738ecce61c333d5b13f7c,de.grobox.blitzmail.MailStorage,107,3,9
a5a7a5f521082b2d707738ecce61c333d5b13f7c,de.grobox.blitzmail.NoteActivity,149,16,15
a5a7a5f521082b2d707738ecce61c333d5b13f7c,de.grobox.blitzmail.preferences.PrefFragment,144,36,17
a5a7a5f521082b2d707738ecce61c333d5b13f7c,de.grobox.blitzmail.send.MailSender,130,0,20
a5a7a5f521082b2d707738ecce61c333d5b13f7c,de.grobox.blitzmail.send.SendActivity,327,50,43
cecf1d4c9428cf7f412182229788694afb312bf1,com.provider.JSSEProvider,48,1,2
cecf1d4c9428cf7f412182229788694afb312bf1,de.grobox.blitzmail.crypto.Crypto,52,0,9
cecf1d4c9428cf7f412182229788694afb312bf1,de.grobox.blitzmail.crypto.EncryptedEditTextPreference,54,0,3
cecf1d4c9428cf7f412182229788694afb312bf1,de.grobox.blitzmail.MailStorage,107,3,9
cecf1d4c9428cf7f412182229788694afb312bf1,de.grobox.blitzmail.NoteActivity,149,16,15
cecf1d4c9428cf7f412182229788694afb312bf1,de.grobox.blitzmail.preferences.PrefFragment,144,36,17
cecf1d4c9428cf7f412182229788694afb312bf1,de.grobox.blitzmail.send.MailSender,130,0,20
cecf1d4c9428cf7f412182229788694afb312bf1,de.grobox.blitzmail.send.SendActivity,327,50,43
f9b8e7252033435b00334408eb3275c800999c94,com.provider.JSSEProvider,48,1,2
f9b8e7252033435b00334408eb3275c800999c94,de.grobox.blitzmail.crypto.Crypto,52,0,9
f9b8e7252033435b00334408eb3275c800999c94,de.grobox.blitzmail.crypto.EncryptedEditTextPreference,54,0,3
f9b8e7252033435b00334408eb3275c800999c94,de.grobox.blitzmail.MailStorage,107,3,9
f9b8e7252033435b00334408eb3275c800999c94,de.grobox.blitzmail.NoteActivity,149,16,15
f9b8e7252033435b00334408eb3275c800999c94,de.grobox.blitzmail.preferences.PrefFragment,144,36,17
f9b8e7252033435b00334408eb3275c800999c94,de.grobox.blitzmail.send.MailSender,130,0,20
f9b8e7252033435b00334408eb3275c800999c94,de.grobox.blitzmail.send.SendActivity,327,50,43
f8ad601e0da936bb0a14812dc4942f6c95691498,com.provider.JSSEProvider,48,1,2
f8ad601e0da936bb0a14812dc4942f6c95691498,de.grobox.blitzmail.crypto.Crypto,52,0,9
f8ad601e0da936bb0a14812dc4942f6c95691498,de.grobox.blitzmail.crypto.EncryptedEditTextPreference,54,0,3
f8ad601e0da936bb0a14812dc4942f6c95691498,de.grobox.blitzmail.MailStorage,107,3,9
f8ad601e0da936bb0a14812dc4942f6c95691498,de.grobox.blitzmail.NoteActivity,149,16,15
f8ad601e0da936bb0a14812dc4942f6c95691498,de.grobox.blitzmail.preferences.PrefFragment,144,36,17
f8ad601e0da936bb0a14812dc4942f6c95691498,de.grobox.blitzmail.send.MailSender,130,0,20
f8ad601e0da936bb0a14812dc4942f6c95691498,de.grobox.blitzmail.send.SendActivity,327,50,43
a50c04d348788691002a66b727306e6c24b709b5,com.provider.JSSEProvider,48,1,2
a50c04d348788691002a66b727306e6c24b709b5,de.grobox.blitzmail.crypto.Crypto,52,0,9
a50c04d348788691002a66b727306e6c24b709b5,de.grobox.blitzmail.crypto.EncryptedEditTextPreference,54,0,3
a50c04d348788691002a66b727306e6c24b709b5,de.grobox.blitzmail.MailStorage,107,3,9
a50c04d348788691002a66b727306e6c24b709b5,de.grobox.blitzmail.NoteActivity,149,16,15
a50c04d348788691002a66b727306e6c24b709b5,de.grobox.blitzmail.preferences.PrefFragment,144,36,17
a50c04d348788691002a66b727306e6c24b709b5,de.grobox.blitzmail.send.MailSender,130,0,20
a50c04d348788691002a66b727306e6c24b709b5,de.grobox.blitzmail.send.SendActivity,327,50,43
0c839929fa73d7127021761fae18f55b7eb487f2,com.provider.JSSEProvider,48,1,2
0c839929fa73d7127021761fae18f55b7eb487f2,de.grobox.blitzmail.crypto.Crypto,52,0,9
0c839929fa73d7127021761fae18f55b7eb487f2,de.grobox.blitzmail.crypto.EncryptedEditTextPreference,54,0,3
0c839929fa73d7127021761fae18f55b7eb487f2,de.grobox.blitzmail.MailStorage,107,3,9
0c839929fa73d7127021761fae18f55b7eb487f2,de.grobox.blitzmail.NoteActivity,149,16,15
0c839929fa73d7127021761fae18f55b7eb487f2,de.grobox.blitzmail.preferences.PrefFragment,144,36,17
0c839929fa73d7127021761fae18f55b7eb487f2,de.grobox.blitzmail.send.MailSender,130,0,20
0c839929fa73d7127021761fae18f55b7eb487f2,de.grobox.blitzmail.send.SendActivity,327,50,43
d54a62c832c18f8cc55c2720e348b37a0c272b36,com.provider.JSSEProvider,48,1,2
d54a62c832c18f8cc55c2720e348b37a0c272b36,de.grobox.blitzmail.crypto.Crypto,52,0,9
d54a62c832c18f8cc55c2720e348b37a0c272b36,de.grobox.blitzmail.crypto.EncryptedEditTextPreference,54,0,3
d54a62c832c18f8cc55c2720e348b37a0c272b36,de.grobox.blitzmail.MailStorage,107,3,9
d54a62c832c18f8cc55c2720e348b37a0c272b36,de.grobox.blitzmail.NoteActivity,149,16,15
d54a62c832c18f8cc55c2720e348b37a0c272b36,de.grobox.blitzmail.preferences.PrefFragment,144,36,17
d54a62c832c18f8cc55c2720e348b37a0c272b36,de.grobox.blitzmail.send.MailSender,130,0,20
d54a62c832c18f8cc55c2720e348b37a0c272b36,de.grobox.blitzmail.send.SendActivity,327,50,43
cf03cd9ca71c2854abfecb33bdd85d5f0b34b960,com.provider.JSSEProvider,48,1,2
cf03cd9ca71c2854abfecb33bdd85d5f0b34b960,de.grobox.blitzmail.crypto.Crypto,52,0,9
cf03cd9ca71c2854abfecb33bdd85d5f0b34b960,de.grobox.blitzmail.crypto.EncryptedEditTextPreference,54,0,3
cf03cd9ca71c2854abfecb33bdd85d5f0b34b960,de.grobox.blitzmail.MailStorage,107,3,9
cf03cd9ca71c2854abfecb33bdd85d5f0b34b960,de.grobox.blitzmail.NoteActivity,149,16,15
cf03cd9ca71c2854abfecb33bdd85d5f0b34b960,de.grobox.blitzmail.preferences.PrefFragment,144,36,17
cf03cd9ca71c2854abfecb33bdd85d5f0b34b960,de.grobox.blitzmail.send.MailSender,130,0,20
cf03cd9ca71c2854abfecb33bdd85d5f0b34b960,de.grobox.blitzmail.send.SendActivity,327,50,43
c54f9566f342dc997d65151ea450e36c4dabed4c,com.provider.JSSEProvider,48,1,2
c54f9566f342dc997d65151ea450e36c4dabed4c,de.grobox.blitzmail.crypto.Crypto,52,0,9
c54f9566f342dc997d65151ea450e36c4dabed4c,de.grobox.blitzmail.crypto.EncryptedEditTextPreference,54,0,3
c54f9566f342dc997d65151ea450e36c4dabed4c,de.grobox.blitzmail.MailStorage,107,3,9
c54f9566f342dc997d65151ea450e36c4dabed4c,de.grobox.blitzmail.NoteActivity,149,16,15
c54f9566f342dc997d65151ea450e36c4dabed4c,de.grobox.blitzmail.preferences.PrefFragment,144,36,17
c54f9566f342dc997d65151ea450e36c4dabed4c,de.grobox.blitzmail.send.MailSender,130,0,20
c54f9566f342dc997d65151ea450e36c4dabed4c,de.grobox.blitzmail.send.SendActivity,327,50,43
1a2cede06a80137ad52d297ecb2795e87a5150e8,com.provider.JSSEProvider,48,1,2
1a2cede06a80137ad52d297ecb2795e87a5150e8,de.grobox.blitzmail.crypto.Crypto,52,0,9
1a2cede06a80137ad52d297ecb2795e87a5150e8,de.grobox.blitzmail.crypto.EncryptedEditTextPreference,54,0,3
1a2cede06a80137ad52d297ecb2795e87a5150e8,de.grobox.blitzmail.MailStorage,107,3,9
1a2cede06a80137ad52d297ecb2795e87a5150e8,de.grobox.blitzmail.NoteActivity,149,16,15
1a2cede06a80137ad52d297ecb2795e87a5150e8,de.grobox.blitzmail.preferences.PrefFragment,144,36,17
1a2cede06a80137ad52d297ecb2795e87a5150e8,de.grobox.blitzmail.send.MailSender,130,0,20
1a2cede06a80137ad52d297ecb2795e87a5150e8,de.grobox.blitzmail.send.SendActivity,327,50,43
3791939e76089e251597a33d13d84452cdefb3f6,com.provider.JSSEProvider,48,1,2
3791939e76089e251597a33d13d84452cdefb3f6,de.grobox.blitzmail.crypto.Crypto,52,0,9
3791939e76089e251597a33d13d84452cdefb3f6,de.grobox.blitzmail.crypto.EncryptedEditTextPreference,54,0,3
3791939e76089e251597a33d13d84452cdefb3f6,de.grobox.blitzmail.MailStorage,107,3,9
3791939e76089e251597a33d13d84452cdefb3f6,de.grobox.blitzmail.NoteActivity,149,16,15
3791939e76089e251597a33d13d84452cdefb3f6,de.grobox.blitzmail.preferences.PrefFragment,144,36,17
3791939e76089e251597a33d13d84452cdefb3f6,de.grobox.blitzmail.send.MailSender,130,0,20
3791939e76089e251597a33d13d84452cdefb3f6,de.grobox.blitzmail.send.SendActivity,327,50,43
398c45bed618e43ab70c28fee0d0f4cc9dcc25ce,com.provider.JSSEProvider,48,1,2
398c45bed618e43ab70c28fee0d0f4cc9dcc25ce,de.grobox.blitzmail.crypto.Crypto,52,0,9
398c45bed618e43ab70c28fee0d0f4cc9dcc25ce,de.grobox.blitzmail.crypto.EncryptedEditTextPreference,54,0,3
398c45bed618e43ab70c28fee0d0f4cc9dcc25ce,de.grobox.blitzmail.MailStorage,107,3,9
398c45bed618e43ab70c28fee0d0f4cc9dcc25ce,de.grobox.blitzmail.NoteActivity,149,16,15
398c45bed618e43ab70c28fee0d0f4cc9dcc25ce,de.grobox.blitzmail.preferences.PrefFragment,144,36,17
398c45bed618e43ab70c28fee0d0f4cc9dcc25ce,de.grobox.blitzmail.send.MailSender,130,0,20
398c45bed618e43ab70c28fee0d0f4cc9dcc25ce,de.grobox.blitzmail.send.SendActivity,327,50,43
e93809815aef99336ee209ae24d68c269fd4dd84,com.provider.JSSEProvider,48,1,2
e93809815aef99336ee209ae24d68c269fd4dd84,de.grobox.blitzmail.crypto.Crypto,52,0,9
e93809815aef99336ee209ae24d68c269fd4dd84,de.grobox.blitzmail.crypto.EncryptedEditTextPreference,54,0,3
e93809815aef99336ee209ae24d68c269fd4dd84,de.grobox.blitzmail.MailStorage,107,3,9
e93809815aef99336ee209ae24d68c269fd4dd84,de.grobox.blitzmail.NoteActivity,149,16,15
e93809815aef99336ee209ae24d68c269fd4dd84,de.grobox.blitzmail.preferences.PrefFragment,144,36,17
e93809815aef99336ee209ae24d68c269fd4dd84,de.grobox.blitzmail.send.MailSender,130,0,20
e93809815aef99336ee209ae24d68c269fd4dd84,de.grobox.blitzmail.send.SendActivity,327,50,43
5e89fc932c42dee872c8f65039b09a3ce87652c6,com.provider.JSSEProvider,48,1,2
5e89fc932c42dee872c8f65039b09a3ce87652c6,de.grobox.blitzmail.crypto.Crypto,52,0,9
5e89fc932c42dee872c8f65039b09a3ce87652c6,de.grobox.blitzmail.crypto.EncryptedEditTextPreference,54,0,3
5e89fc932c42dee872c8f65039b09a3ce87652c6,de.grobox.blitzmail.MailStorage,107,3,9
5e89fc932c42dee872c8f65039b09a3ce87652c6,de.grobox.blitzmail.NoteActivity,149,16,15
5e89fc932c42dee872c8f65039b09a3ce87652c6,de.grobox.blitzmail.preferences.PrefFragment,144,36,17
5e89fc932c42dee872c8f65039b09a3ce87652c6,de.grobox.blitzmail.send.MailSender,130,0,20
5e89fc932c42dee872c8f65039b09a3ce87652c6,de.grobox.blitzmail.send.SendActivity,327,50,43
9f1acffe340bfe0b4b6d2de361631f0adfb6998a,com.provider.JSSEProvider,48,1,2
9f1acffe340bfe0b4b6d2de361631f0adfb6998a,de.grobox.blitzmail.crypto.Crypto,52,0,9
9f1acffe340bfe0b4b6d2de361631f0adfb6998a,de.grobox.blitzmail.crypto.EncryptedEditTextPreference,54,0,3
9f1acffe340bfe0b4b6d2de361631f0adfb6998a,de.grobox.blitzmail.MailStorage,107,3,9
9f1acffe340bfe0b4b6d2de361631f0adfb6998a,de.grobox.blitzmail.NoteActivity,149,16,15
9f1acffe340bfe0b4b6d2de361631f0adfb6998a,de.grobox.blitzmail.preferences.PrefFragment,144,36,17
9f1acffe340bfe0b4b6d2de361631f0adfb6998a,de.grobox.blitzmail.send.MailSender,130,0,20
9f1acffe340bfe0b4b6d2de361631f0adfb6998a,de.grobox.blitzmail.send.SendActivity,327,50,43
74ecb30611053234ba08a23de6e39eab6bf15a9f,com.provider.JSSEProvider,48,1,2
74ecb30611053234ba08a23de6e39eab6bf15a9f,de.grobox.blitzmail.crypto.Crypto,52,0,9
74ecb30611053234ba08a23de6e39eab6bf15a9f,de.grobox.blitzmail.crypto.EncryptedEditTextPreference,54,0,3
74ecb30611053234ba08a23de6e39eab6bf15a9f,de.grobox.blitzmail.MailStorage,107,3,9
74ecb30611053234ba08a23de6e39eab6bf15a9f,de.grobox.blitzmail.NoteActivity,149,16,15
74ecb30611053234ba08a23de6e39eab6bf15a9f,de.grobox.blitzmail.preferences.PrefFragment,144,36,17
74ecb30611053234ba08a23de6e39eab6bf15a9f,de.grobox.blitzmail.send.MailSender,130,0,20
74ecb30611053234ba08a23de6e39eab6bf15a9f,de.grobox.blitzmail.send.SendActivity,327,50,43
2cb00ea5f03764d009fd91ba50b78728bba92934,com.provider.JSSEProvider,48,1,2
2cb00ea5f03764d009fd91ba50b78728bba92934,de.grobox.blitzmail.crypto.Crypto,52,0,9
2cb00ea5f03764d009fd91ba50b78728bba92934,de.grobox.blitzmail.crypto.EncryptedEditTextPreference,54,0,3
2cb00ea5f03764d009fd91ba50b78728bba92934,de.grobox.blitzmail.MailStorage,107,3,9
2cb00ea5f03764d009fd91ba50b78728bba92934,de.grobox.blitzmail.NoteActivity,149,16,15
2cb00ea5f03764d009fd91ba50b78728bba92934,de.grobox.blitzmail.preferences.PrefFragment,144,36,17
2cb00ea5f03764d009fd91ba50b78728bba92934,de.grobox.blitzmail.send.MailSender,130,0,20
2cb00ea5f03764d009fd91ba50b78728bba92934,de.grobox.blitzmail.send.SendActivity,327,50,43
a4a7f22fba3c17d829ca950bb4979c5b0143b1a1,com.provider.JSSEProvider,48,1,2
a4a7f22fba3c17d829ca950bb4979c5b0143b1a1,de.grobox.blitzmail.crypto.Crypto,52,0,9
a4a7f22fba3c17d829ca950bb4979c5b0143b1a1,de.grobox.blitzmail.crypto.EncryptedEditTextPreference,54,0,3
a4a7f22fba3c17d829ca950bb4979c5b0143b1a1,de.grobox.blitzmail.MailStorage,107,3,9
a4a7f22fba3c17d829ca950bb4979c5b0143b1a1,de.grobox.blitzmail.NoteActivity,149,16,15
a4a7f22fba3c17d829ca950bb4979c5b0143b1a1,de.grobox.blitzmail.preferences.PrefFragment,144,36,17
a4a7f22fba3c17d829ca950bb4979c5b0143b1a1,de.grobox.blitzmail.send.MailSender,130,0,20
a4a7f22fba3c17d829ca950bb4979c5b0143b1a1,de.grobox.blitzmail.send.SendActivity,327,50,43
e3dc52fd72159d114db0f9cf2c6ea75c36a208e5,com.provider.JSSEProvider,48,1,2
e3dc52fd72159d114db0f9cf2c6ea75c36a208e5,de.grobox.blitzmail.crypto.Crypto,52,0,9
e3dc52fd72159d114db0f9cf2c6ea75c36a208e5,de.grobox.blitzmail.crypto.EncryptedEditTextPreference,54,0,3
e3dc52fd72159d114db0f9cf2c6ea75c36a208e5,de.grobox.blitzmail.MailStorage,107,3,9
e3dc52fd72159d114db0f9cf2c6ea75c36a208e5,de.grobox.blitzmail.NoteActivity,149,16,15
e3dc52fd72159d114db0f9cf2c6ea75c36a208e5,de.grobox.blitzmail.preferences.PrefFragment,144,36,17
e3dc52fd72159d114db0f9cf2c6ea75c36a208e5,de.grobox.blitzmail.send.MailSender,130,0,20
e3dc52fd72159d114db0f9cf2c6ea75c36a208e5,de.grobox.blitzmail.send.SendActivity,327,50,43
