d9a6da4dbb1cefc69d7c95ca467df735cebac820,de.guerda.matekarte.common.request.DealerDetailsRequest,51,0,10
d9a6da4dbb1cefc69d7c95ca467df735cebac820,de.guerda.matekarte.common.request.DealersDownloadRequest,76,4,14
d9a6da4dbb1cefc69d7c95ca467df735cebac820,de.guerda.matekarte.common.request.DrinkStatusUpdateRequest,70,0,16
d9a6da4dbb1cefc69d7c95ca467df735cebac820,de.guerda.matekarte.common.request.MatekarteRequest,17,0,1
d9a6da4dbb1cefc69d7c95ca467df735cebac820,de.guerda.matekarte.common.SpicedActivity,34,0,3
d9a6da4dbb1cefc69d7c95ca467df735cebac820,de.guerda.matekarte.common.SpicedFragment,14,0,1
d9a6da4dbb1cefc69d7c95ca467df735cebac820,de.guerda.matekarte.dealers.Dealer,261,416,3
d9a6da4dbb1cefc69d7c95ca467df735cebac820,de.guerda.matekarte.dealers.DealerDetailsDeserializer,162,1,13
d9a6da4dbb1cefc69d7c95ca467df735cebac820,de.guerda.matekarte.dealers.DealersList,26,0,1
d9a6da4dbb1cefc69d7c95ca467df735cebac820,de.guerda.matekarte.dealers.DealersListDeserializer,57,1,16
d9a6da4dbb1cefc69d7c95ca467df735cebac820,de.guerda.matekarte.dealers.DrinkStatus,44,20,0
7ce4d039bc6839f88cdca1936de252e1d0a3d851,de.guerda.matekarte.common.request.DealerDetailsRequest,51,0,10
7ce4d039bc6839f88cdca1936de252e1d0a3d851,de.guerda.matekarte.common.request.DealersDownloadRequest,76,4,14
7ce4d039bc6839f88cdca1936de252e1d0a3d851,de.guerda.matekarte.common.request.DrinkStatusUpdateRequest,70,0,16
7ce4d039bc6839f88cdca1936de252e1d0a3d851,de.guerda.matekarte.common.request.MatekarteRequest,17,0,1
7ce4d039bc6839f88cdca1936de252e1d0a3d851,de.guerda.matekarte.common.SpicedActivity,34,0,3
7ce4d039bc6839f88cdca1936de252e1d0a3d851,de.guerda.matekarte.common.SpicedFragment,14,0,1
7ce4d039bc6839f88cdca1936de252e1d0a3d851,de.guerda.matekarte.dealers.Dealer,261,416,3
7ce4d039bc6839f88cdca1936de252e1d0a3d851,de.guerda.matekarte.dealers.DealerDetailsDeserializer,162,1,13
7ce4d039bc6839f88cdca1936de252e1d0a3d851,de.guerda.matekarte.dealers.DealersList,26,0,1
7ce4d039bc6839f88cdca1936de252e1d0a3d851,de.guerda.matekarte.dealers.DealersListDeserializer,57,1,16
7ce4d039bc6839f88cdca1936de252e1d0a3d851,de.guerda.matekarte.dealers.DrinkStatus,44,20,0
fdfa73fe2c5af65f56469c52839d666548682f60,de.guerda.matekarte.common.request.DealerDetailsRequest,51,0,10
fdfa73fe2c5af65f56469c52839d666548682f60,de.guerda.matekarte.common.request.DealersDownloadRequest,76,4,14
fdfa73fe2c5af65f56469c52839d666548682f60,de.guerda.matekarte.common.request.DrinkStatusUpdateRequest,70,0,16
fdfa73fe2c5af65f56469c52839d666548682f60,de.guerda.matekarte.common.request.MatekarteRequest,17,0,1
fdfa73fe2c5af65f56469c52839d666548682f60,de.guerda.matekarte.common.SpicedActivity,34,0,3
fdfa73fe2c5af65f56469c52839d666548682f60,de.guerda.matekarte.common.SpicedFragment,14,0,1
fdfa73fe2c5af65f56469c52839d666548682f60,de.guerda.matekarte.dealers.Dealer,261,416,3
fdfa73fe2c5af65f56469c52839d666548682f60,de.guerda.matekarte.dealers.DealerDetailsDeserializer,162,1,13
fdfa73fe2c5af65f56469c52839d666548682f60,de.guerda.matekarte.dealers.DealersList,26,0,1
fdfa73fe2c5af65f56469c52839d666548682f60,de.guerda.matekarte.dealers.DealersListDeserializer,57,1,16
fdfa73fe2c5af65f56469c52839d666548682f60,de.guerda.matekarte.dealers.DrinkStatus,44,20,0
eb6bf91562f1e64d4cb0222932ed76b4cb1bf9ef,de.guerda.matekarte.common.request.DealerDetailsRequest,51,0,10
eb6bf91562f1e64d4cb0222932ed76b4cb1bf9ef,de.guerda.matekarte.common.request.DealersDownloadRequest,76,4,14
eb6bf91562f1e64d4cb0222932ed76b4cb1bf9ef,de.guerda.matekarte.common.request.DrinkStatusUpdateRequest,70,0,16
eb6bf91562f1e64d4cb0222932ed76b4cb1bf9ef,de.guerda.matekarte.common.request.MatekarteRequest,17,0,1
eb6bf91562f1e64d4cb0222932ed76b4cb1bf9ef,de.guerda.matekarte.common.SpicedActivity,34,0,3
eb6bf91562f1e64d4cb0222932ed76b4cb1bf9ef,de.guerda.matekarte.common.SpicedFragment,14,0,1
eb6bf91562f1e64d4cb0222932ed76b4cb1bf9ef,de.guerda.matekarte.dealers.Dealer,261,416,3
eb6bf91562f1e64d4cb0222932ed76b4cb1bf9ef,de.guerda.matekarte.dealers.DealerDetailsDeserializer,162,1,13
eb6bf91562f1e64d4cb0222932ed76b4cb1bf9ef,de.guerda.matekarte.dealers.DealersList,26,0,1
eb6bf91562f1e64d4cb0222932ed76b4cb1bf9ef,de.guerda.matekarte.dealers.DealersListDeserializer,57,1,16
eb6bf91562f1e64d4cb0222932ed76b4cb1bf9ef,de.guerda.matekarte.dealers.DrinkStatus,44,20,0
5dca88276180a026235e3ea76d0921e1e67395d4,de.guerda.matekarte.common.request.DealerDetailsRequest,51,0,10
5dca88276180a026235e3ea76d0921e1e67395d4,de.guerda.matekarte.common.request.DealersDownloadRequest,76,4,14
5dca88276180a026235e3ea76d0921e1e67395d4,de.guerda.matekarte.common.request.DrinkStatusUpdateRequest,70,0,16
5dca88276180a026235e3ea76d0921e1e67395d4,de.guerda.matekarte.common.request.MatekarteRequest,17,0,1
5dca88276180a026235e3ea76d0921e1e67395d4,de.guerda.matekarte.common.SpicedActivity,34,0,3
5dca88276180a026235e3ea76d0921e1e67395d4,de.guerda.matekarte.common.SpicedFragment,14,0,1
5dca88276180a026235e3ea76d0921e1e67395d4,de.guerda.matekarte.dealers.Dealer,261,416,3
5dca88276180a026235e3ea76d0921e1e67395d4,de.guerda.matekarte.dealers.DealerDetailsDeserializer,162,1,13
5dca88276180a026235e3ea76d0921e1e67395d4,de.guerda.matekarte.dealers.DealersList,26,0,1
5dca88276180a026235e3ea76d0921e1e67395d4,de.guerda.matekarte.dealers.DealersListDeserializer,57,1,16
5dca88276180a026235e3ea76d0921e1e67395d4,de.guerda.matekarte.dealers.DrinkStatus,44,20,0
ff92537b96e1564cbf5fc27fe77adab41fe6f8c4,de.guerda.matekarte.common.request.DealerDetailsRequest,51,0,10
ff92537b96e1564cbf5fc27fe77adab41fe6f8c4,de.guerda.matekarte.common.request.DealersDownloadRequest,76,4,14
ff92537b96e1564cbf5fc27fe77adab41fe6f8c4,de.guerda.matekarte.common.request.DrinkStatusUpdateRequest,70,0,16
ff92537b96e1564cbf5fc27fe77adab41fe6f8c4,de.guerda.matekarte.common.request.MatekarteRequest,17,0,1
ff92537b96e1564cbf5fc27fe77adab41fe6f8c4,de.guerda.matekarte.common.SpicedActivity,34,0,3
ff92537b96e1564cbf5fc27fe77adab41fe6f8c4,de.guerda.matekarte.common.SpicedFragment,14,0,1
ff92537b96e1564cbf5fc27fe77adab41fe6f8c4,de.guerda.matekarte.dealers.Dealer,261,416,3
ff92537b96e1564cbf5fc27fe77adab41fe6f8c4,de.guerda.matekarte.dealers.DealerDetailsDeserializer,162,1,13
ff92537b96e1564cbf5fc27fe77adab41fe6f8c4,de.guerda.matekarte.dealers.DealersList,26,0,1
ff92537b96e1564cbf5fc27fe77adab41fe6f8c4,de.guerda.matekarte.dealers.DealersListDeserializer,57,1,16
ff92537b96e1564cbf5fc27fe77adab41fe6f8c4,de.guerda.matekarte.dealers.DrinkStatus,44,20,0
7f9700c914b45452b17077a19e695b5290e735eb,de.guerda.matekarte.common.request.DealerDetailsRequest,51,0,10
7f9700c914b45452b17077a19e695b5290e735eb,de.guerda.matekarte.common.request.DealersDownloadRequest,76,4,14
7f9700c914b45452b17077a19e695b5290e735eb,de.guerda.matekarte.common.request.DrinkStatusUpdateRequest,70,0,16
7f9700c914b45452b17077a19e695b5290e735eb,de.guerda.matekarte.common.request.MatekarteRequest,17,0,1
7f9700c914b45452b17077a19e695b5290e735eb,de.guerda.matekarte.common.SpicedActivity,34,0,3
7f9700c914b45452b17077a19e695b5290e735eb,de.guerda.matekarte.common.SpicedFragment,14,0,1
7f9700c914b45452b17077a19e695b5290e735eb,de.guerda.matekarte.dealers.Dealer,261,416,3
7f9700c914b45452b17077a19e695b5290e735eb,de.guerda.matekarte.dealers.DealerDetailsDeserializer,162,1,13
7f9700c914b45452b17077a19e695b5290e735eb,de.guerda.matekarte.dealers.DealersList,26,0,1
7f9700c914b45452b17077a19e695b5290e735eb,de.guerda.matekarte.dealers.DealersListDeserializer,57,1,16
7f9700c914b45452b17077a19e695b5290e735eb,de.guerda.matekarte.dealers.DrinkStatus,44,20,0
7f076005e86b1379a2b524cda52cf9525f2e6dca,de.guerda.matekarte.common.request.DealerDetailsRequest,51,0,10
7f076005e86b1379a2b524cda52cf9525f2e6dca,de.guerda.matekarte.common.request.DealersDownloadRequest,76,4,14
7f076005e86b1379a2b524cda52cf9525f2e6dca,de.guerda.matekarte.common.request.DrinkStatusUpdateRequest,70,0,16
7f076005e86b1379a2b524cda52cf9525f2e6dca,de.guerda.matekarte.common.request.MatekarteRequest,17,0,1
7f076005e86b1379a2b524cda52cf9525f2e6dca,de.guerda.matekarte.common.SpicedActivity,34,0,3
7f076005e86b1379a2b524cda52cf9525f2e6dca,de.guerda.matekarte.common.SpicedFragment,14,0,1
7f076005e86b1379a2b524cda52cf9525f2e6dca,de.guerda.matekarte.dealers.Dealer,261,416,3
7f076005e86b1379a2b524cda52cf9525f2e6dca,de.guerda.matekarte.dealers.DealerDetailsDeserializer,162,1,13
7f076005e86b1379a2b524cda52cf9525f2e6dca,de.guerda.matekarte.dealers.DealersList,26,0,1
7f076005e86b1379a2b524cda52cf9525f2e6dca,de.guerda.matekarte.dealers.DealersListDeserializer,57,1,16
7f076005e86b1379a2b524cda52cf9525f2e6dca,de.guerda.matekarte.dealers.DrinkStatus,44,20,0
a675902de2b387e37869235bc930d4e414349ca8,de.guerda.matekarte.common.request.DealerDetailsRequest,51,0,10
a675902de2b387e37869235bc930d4e414349ca8,de.guerda.matekarte.common.request.DealersDownloadRequest,76,4,14
a675902de2b387e37869235bc930d4e414349ca8,de.guerda.matekarte.common.request.DrinkStatusUpdateRequest,70,0,16
a675902de2b387e37869235bc930d4e414349ca8,de.guerda.matekarte.common.request.MatekarteRequest,17,0,1
a675902de2b387e37869235bc930d4e414349ca8,de.guerda.matekarte.common.SpicedActivity,34,0,3
a675902de2b387e37869235bc930d4e414349ca8,de.guerda.matekarte.common.SpicedFragment,14,0,1
a675902de2b387e37869235bc930d4e414349ca8,de.guerda.matekarte.dealers.Dealer,261,416,3
a675902de2b387e37869235bc930d4e414349ca8,de.guerda.matekarte.dealers.DealerDetailsDeserializer,162,1,13
a675902de2b387e37869235bc930d4e414349ca8,de.guerda.matekarte.dealers.DealersList,26,0,1
a675902de2b387e37869235bc930d4e414349ca8,de.guerda.matekarte.dealers.DealersListDeserializer,57,1,16
a675902de2b387e37869235bc930d4e414349ca8,de.guerda.matekarte.dealers.DrinkStatus,44,20,0
95fc6a79b13822f7b35919d3e7044f7572eeaf77,de.guerda.matekarte.common.request.DealerDetailsRequest,51,0,10
95fc6a79b13822f7b35919d3e7044f7572eeaf77,de.guerda.matekarte.common.request.DealersDownloadRequest,76,4,14
95fc6a79b13822f7b35919d3e7044f7572eeaf77,de.guerda.matekarte.common.request.DrinkStatusUpdateRequest,70,0,16
95fc6a79b13822f7b35919d3e7044f7572eeaf77,de.guerda.matekarte.common.request.MatekarteRequest,17,0,1
95fc6a79b13822f7b35919d3e7044f7572eeaf77,de.guerda.matekarte.common.SpicedActivity,34,0,3
95fc6a79b13822f7b35919d3e7044f7572eeaf77,de.guerda.matekarte.common.SpicedFragment,14,0,1
95fc6a79b13822f7b35919d3e7044f7572eeaf77,de.guerda.matekarte.dealers.Dealer,261,416,3
95fc6a79b13822f7b35919d3e7044f7572eeaf77,de.guerda.matekarte.dealers.DealerDetailsDeserializer,162,1,13
95fc6a79b13822f7b35919d3e7044f7572eeaf77,de.guerda.matekarte.dealers.DealersList,26,0,1
95fc6a79b13822f7b35919d3e7044f7572eeaf77,de.guerda.matekarte.dealers.DealersListDeserializer,57,1,16
95fc6a79b13822f7b35919d3e7044f7572eeaf77,de.guerda.matekarte.dealers.DrinkStatus,44,20,0
ef1e23bf52a48cc830179af2042a64a7dbe71557,de.guerda.matekarte.common.request.DealerDetailsRequest,51,0,10
ef1e23bf52a48cc830179af2042a64a7dbe71557,de.guerda.matekarte.common.request.DealersDownloadRequest,76,4,14
ef1e23bf52a48cc830179af2042a64a7dbe71557,de.guerda.matekarte.common.request.DrinkStatusUpdateRequest,70,0,16
ef1e23bf52a48cc830179af2042a64a7dbe71557,de.guerda.matekarte.common.request.MatekarteRequest,17,0,1
ef1e23bf52a48cc830179af2042a64a7dbe71557,de.guerda.matekarte.common.SpicedActivity,34,0,3
ef1e23bf52a48cc830179af2042a64a7dbe71557,de.guerda.matekarte.common.SpicedFragment,14,0,1
ef1e23bf52a48cc830179af2042a64a7dbe71557,de.guerda.matekarte.dealers.Dealer,261,416,3
ef1e23bf52a48cc830179af2042a64a7dbe71557,de.guerda.matekarte.dealers.DealerDetailsDeserializer,162,1,13
ef1e23bf52a48cc830179af2042a64a7dbe71557,de.guerda.matekarte.dealers.DealersList,26,0,1
ef1e23bf52a48cc830179af2042a64a7dbe71557,de.guerda.matekarte.dealers.DealersListDeserializer,57,1,16
ef1e23bf52a48cc830179af2042a64a7dbe71557,de.guerda.matekarte.dealers.DrinkStatus,44,20,0
46e59b7bb183fdca520efc8d10fe30fdfd1343d5,de.guerda.matekarte.common.request.DealerDetailsRequest,51,0,10
46e59b7bb183fdca520efc8d10fe30fdfd1343d5,de.guerda.matekarte.common.request.DealersDownloadRequest,76,4,14
46e59b7bb183fdca520efc8d10fe30fdfd1343d5,de.guerda.matekarte.common.request.DrinkStatusUpdateRequest,70,0,16
46e59b7bb183fdca520efc8d10fe30fdfd1343d5,de.guerda.matekarte.common.request.MatekarteRequest,17,0,1
46e59b7bb183fdca520efc8d10fe30fdfd1343d5,de.guerda.matekarte.common.SpicedActivity,34,0,3
46e59b7bb183fdca520efc8d10fe30fdfd1343d5,de.guerda.matekarte.common.SpicedFragment,14,0,1
46e59b7bb183fdca520efc8d10fe30fdfd1343d5,de.guerda.matekarte.dealers.Dealer,261,416,3
46e59b7bb183fdca520efc8d10fe30fdfd1343d5,de.guerda.matekarte.dealers.DealerDetailsDeserializer,162,1,13
46e59b7bb183fdca520efc8d10fe30fdfd1343d5,de.guerda.matekarte.dealers.DealersList,26,0,1
46e59b7bb183fdca520efc8d10fe30fdfd1343d5,de.guerda.matekarte.dealers.DealersListDeserializer,57,1,16
46e59b7bb183fdca520efc8d10fe30fdfd1343d5,de.guerda.matekarte.dealers.DrinkStatus,44,20,0
59d8fc66f4822b4b906ee8fe3f82717871cf5fc7,de.guerda.matekarte.common.request.DealerDetailsRequest,51,0,10
59d8fc66f4822b4b906ee8fe3f82717871cf5fc7,de.guerda.matekarte.common.request.DealersDownloadRequest,76,4,14
59d8fc66f4822b4b906ee8fe3f82717871cf5fc7,de.guerda.matekarte.common.request.DrinkStatusUpdateRequest,70,0,16
59d8fc66f4822b4b906ee8fe3f82717871cf5fc7,de.guerda.matekarte.common.request.MatekarteRequest,17,0,1
59d8fc66f4822b4b906ee8fe3f82717871cf5fc7,de.guerda.matekarte.common.SpicedActivity,34,0,3
59d8fc66f4822b4b906ee8fe3f82717871cf5fc7,de.guerda.matekarte.common.SpicedFragment,14,0,1
59d8fc66f4822b4b906ee8fe3f82717871cf5fc7,de.guerda.matekarte.dealers.Dealer,261,416,3
59d8fc66f4822b4b906ee8fe3f82717871cf5fc7,de.guerda.matekarte.dealers.DealerDetailsDeserializer,162,1,13
59d8fc66f4822b4b906ee8fe3f82717871cf5fc7,de.guerda.matekarte.dealers.DealersList,26,0,1
59d8fc66f4822b4b906ee8fe3f82717871cf5fc7,de.guerda.matekarte.dealers.DealersListDeserializer,57,1,16
59d8fc66f4822b4b906ee8fe3f82717871cf5fc7,de.guerda.matekarte.dealers.DrinkStatus,44,20,0
c2c129973392c515eba654b93f5603b2390152ea,de.guerda.matekarte.common.request.DealerDetailsRequest,51,0,10
c2c129973392c515eba654b93f5603b2390152ea,de.guerda.matekarte.common.request.DealersDownloadRequest,76,4,14
c2c129973392c515eba654b93f5603b2390152ea,de.guerda.matekarte.common.request.DrinkStatusUpdateRequest,70,0,16
c2c129973392c515eba654b93f5603b2390152ea,de.guerda.matekarte.common.request.MatekarteRequest,17,0,1
c2c129973392c515eba654b93f5603b2390152ea,de.guerda.matekarte.common.SpicedActivity,34,0,3
c2c129973392c515eba654b93f5603b2390152ea,de.guerda.matekarte.common.SpicedFragment,14,0,1
c2c129973392c515eba654b93f5603b2390152ea,de.guerda.matekarte.dealers.Dealer,261,416,3
c2c129973392c515eba654b93f5603b2390152ea,de.guerda.matekarte.dealers.DealerDetailsDeserializer,162,1,13
c2c129973392c515eba654b93f5603b2390152ea,de.guerda.matekarte.dealers.DealersList,26,0,1
c2c129973392c515eba654b93f5603b2390152ea,de.guerda.matekarte.dealers.DealersListDeserializer,57,1,16
c2c129973392c515eba654b93f5603b2390152ea,de.guerda.matekarte.dealers.DrinkStatus,44,20,0
def8a340dca8a5ded7385ee3032b32b80db75b3f,de.guerda.matekarte.common.request.DealerDetailsRequest,51,0,10
def8a340dca8a5ded7385ee3032b32b80db75b3f,de.guerda.matekarte.common.request.DealersDownloadRequest,76,4,14
def8a340dca8a5ded7385ee3032b32b80db75b3f,de.guerda.matekarte.common.request.DrinkStatusUpdateRequest,70,0,16
def8a340dca8a5ded7385ee3032b32b80db75b3f,de.guerda.matekarte.common.request.MatekarteRequest,17,0,1
def8a340dca8a5ded7385ee3032b32b80db75b3f,de.guerda.matekarte.common.SpicedActivity,34,0,3
def8a340dca8a5ded7385ee3032b32b80db75b3f,de.guerda.matekarte.common.SpicedFragment,14,0,1
def8a340dca8a5ded7385ee3032b32b80db75b3f,de.guerda.matekarte.dealers.Dealer,261,416,3
def8a340dca8a5ded7385ee3032b32b80db75b3f,de.guerda.matekarte.dealers.DealerDetailsDeserializer,162,1,13
def8a340dca8a5ded7385ee3032b32b80db75b3f,de.guerda.matekarte.dealers.DealersList,26,0,1
def8a340dca8a5ded7385ee3032b32b80db75b3f,de.guerda.matekarte.dealers.DealersListDeserializer,57,1,16
def8a340dca8a5ded7385ee3032b32b80db75b3f,de.guerda.matekarte.dealers.DrinkStatus,44,20,0
5229ebc464dc8f149eada2bdd24fb5b757a2afc1,de.guerda.matekarte.common.request.DealerDetailsRequest,51,0,10
5229ebc464dc8f149eada2bdd24fb5b757a2afc1,de.guerda.matekarte.common.request.DealersDownloadRequest,76,4,14
5229ebc464dc8f149eada2bdd24fb5b757a2afc1,de.guerda.matekarte.common.request.DrinkStatusUpdateRequest,70,0,16
5229ebc464dc8f149eada2bdd24fb5b757a2afc1,de.guerda.matekarte.common.request.MatekarteRequest,17,0,1
5229ebc464dc8f149eada2bdd24fb5b757a2afc1,de.guerda.matekarte.common.SpicedActivity,34,0,3
5229ebc464dc8f149eada2bdd24fb5b757a2afc1,de.guerda.matekarte.common.SpicedFragment,14,0,1
5229ebc464dc8f149eada2bdd24fb5b757a2afc1,de.guerda.matekarte.dealers.Dealer,261,416,3
5229ebc464dc8f149eada2bdd24fb5b757a2afc1,de.guerda.matekarte.dealers.DealerDetailsDeserializer,162,1,13
5229ebc464dc8f149eada2bdd24fb5b757a2afc1,de.guerda.matekarte.dealers.DealersList,26,0,1
5229ebc464dc8f149eada2bdd24fb5b757a2afc1,de.guerda.matekarte.dealers.DealersListDeserializer,57,1,16
5229ebc464dc8f149eada2bdd24fb5b757a2afc1,de.guerda.matekarte.dealers.DrinkStatus,44,20,0
bcda70b809e7ee251b1e81742d4a893518815732,de.guerda.matekarte.common.request.DealerDetailsRequest,51,0,10
bcda70b809e7ee251b1e81742d4a893518815732,de.guerda.matekarte.common.request.DealersDownloadRequest,76,4,14
bcda70b809e7ee251b1e81742d4a893518815732,de.guerda.matekarte.common.request.DrinkStatusUpdateRequest,70,0,16
bcda70b809e7ee251b1e81742d4a893518815732,de.guerda.matekarte.common.request.MatekarteRequest,17,0,1
bcda70b809e7ee251b1e81742d4a893518815732,de.guerda.matekarte.common.SpicedActivity,34,0,3
bcda70b809e7ee251b1e81742d4a893518815732,de.guerda.matekarte.common.SpicedFragment,14,0,1
bcda70b809e7ee251b1e81742d4a893518815732,de.guerda.matekarte.dealers.Dealer,261,416,3
bcda70b809e7ee251b1e81742d4a893518815732,de.guerda.matekarte.dealers.DealerDetailsDeserializer,162,1,13
bcda70b809e7ee251b1e81742d4a893518815732,de.guerda.matekarte.dealers.DealersList,26,0,1
bcda70b809e7ee251b1e81742d4a893518815732,de.guerda.matekarte.dealers.DealersListDeserializer,57,1,16
bcda70b809e7ee251b1e81742d4a893518815732,de.guerda.matekarte.dealers.DrinkStatus,44,20,0
411611a94294d067c29d3eacc88394d8a1177288,de.guerda.matekarte.common.request.DealerDetailsRequest,51,0,10
411611a94294d067c29d3eacc88394d8a1177288,de.guerda.matekarte.common.request.DealersDownloadRequest,76,4,14
411611a94294d067c29d3eacc88394d8a1177288,de.guerda.matekarte.common.request.DrinkStatusUpdateRequest,70,0,16
411611a94294d067c29d3eacc88394d8a1177288,de.guerda.matekarte.common.request.MatekarteRequest,17,0,1
411611a94294d067c29d3eacc88394d8a1177288,de.guerda.matekarte.common.SpicedActivity,34,0,3
411611a94294d067c29d3eacc88394d8a1177288,de.guerda.matekarte.common.SpicedFragment,14,0,1
411611a94294d067c29d3eacc88394d8a1177288,de.guerda.matekarte.dealers.Dealer,261,416,3
411611a94294d067c29d3eacc88394d8a1177288,de.guerda.matekarte.dealers.DealerDetailsDeserializer,162,1,13
411611a94294d067c29d3eacc88394d8a1177288,de.guerda.matekarte.dealers.DealersList,26,0,1
411611a94294d067c29d3eacc88394d8a1177288,de.guerda.matekarte.dealers.DealersListDeserializer,57,1,16
411611a94294d067c29d3eacc88394d8a1177288,de.guerda.matekarte.dealers.DrinkStatus,44,20,0
83485f79c7f1b040d0f068769b5cf2cebb166839,de.guerda.matekarte.common.request.DealerDetailsRequest,51,0,10
83485f79c7f1b040d0f068769b5cf2cebb166839,de.guerda.matekarte.common.request.DealersDownloadRequest,76,4,14
83485f79c7f1b040d0f068769b5cf2cebb166839,de.guerda.matekarte.common.request.DrinkStatusUpdateRequest,70,0,16
83485f79c7f1b040d0f068769b5cf2cebb166839,de.guerda.matekarte.common.request.MatekarteRequest,17,0,1
83485f79c7f1b040d0f068769b5cf2cebb166839,de.guerda.matekarte.common.SpicedActivity,34,0,3
83485f79c7f1b040d0f068769b5cf2cebb166839,de.guerda.matekarte.common.SpicedFragment,14,0,1
83485f79c7f1b040d0f068769b5cf2cebb166839,de.guerda.matekarte.dealers.Dealer,261,416,3
83485f79c7f1b040d0f068769b5cf2cebb166839,de.guerda.matekarte.dealers.DealerDetailsDeserializer,162,1,13
83485f79c7f1b040d0f068769b5cf2cebb166839,de.guerda.matekarte.dealers.DealersList,26,0,1
83485f79c7f1b040d0f068769b5cf2cebb166839,de.guerda.matekarte.dealers.DealersListDeserializer,57,1,16
83485f79c7f1b040d0f068769b5cf2cebb166839,de.guerda.matekarte.dealers.DrinkStatus,44,20,0
ca2c21d0ae83e9fc000c125d5c6960e34daef13a,de.guerda.matekarte.common.request.DealerDetailsRequest,51,0,10
ca2c21d0ae83e9fc000c125d5c6960e34daef13a,de.guerda.matekarte.common.request.DealersDownloadRequest,76,4,14
ca2c21d0ae83e9fc000c125d5c6960e34daef13a,de.guerda.matekarte.common.request.DrinkStatusUpdateRequest,70,0,16
ca2c21d0ae83e9fc000c125d5c6960e34daef13a,de.guerda.matekarte.common.request.MatekarteRequest,17,0,1
ca2c21d0ae83e9fc000c125d5c6960e34daef13a,de.guerda.matekarte.common.SpicedActivity,34,0,3
ca2c21d0ae83e9fc000c125d5c6960e34daef13a,de.guerda.matekarte.common.SpicedFragment,14,0,1
ca2c21d0ae83e9fc000c125d5c6960e34daef13a,de.guerda.matekarte.dealers.Dealer,261,416,3
ca2c21d0ae83e9fc000c125d5c6960e34daef13a,de.guerda.matekarte.dealers.DealerDetailsDeserializer,162,1,13
ca2c21d0ae83e9fc000c125d5c6960e34daef13a,de.guerda.matekarte.dealers.DealersList,26,0,1
ca2c21d0ae83e9fc000c125d5c6960e34daef13a,de.guerda.matekarte.dealers.DealersListDeserializer,57,1,16
ca2c21d0ae83e9fc000c125d5c6960e34daef13a,de.guerda.matekarte.dealers.DrinkStatus,44,20,0
ad0613dcc2d42b7cea3c44dae8cf8c60d0659606,de.guerda.matekarte.common.request.DealerDetailsRequest,51,0,10
ad0613dcc2d42b7cea3c44dae8cf8c60d0659606,de.guerda.matekarte.common.request.DealersDownloadRequest,76,4,14
ad0613dcc2d42b7cea3c44dae8cf8c60d0659606,de.guerda.matekarte.common.request.DrinkStatusUpdateRequest,70,0,16
ad0613dcc2d42b7cea3c44dae8cf8c60d0659606,de.guerda.matekarte.common.request.MatekarteRequest,17,0,1
ad0613dcc2d42b7cea3c44dae8cf8c60d0659606,de.guerda.matekarte.common.SpicedActivity,34,0,3
ad0613dcc2d42b7cea3c44dae8cf8c60d0659606,de.guerda.matekarte.common.SpicedFragment,14,0,1
ad0613dcc2d42b7cea3c44dae8cf8c60d0659606,de.guerda.matekarte.dealers.Dealer,261,416,3
ad0613dcc2d42b7cea3c44dae8cf8c60d0659606,de.guerda.matekarte.dealers.DealerDetailsDeserializer,162,1,13
ad0613dcc2d42b7cea3c44dae8cf8c60d0659606,de.guerda.matekarte.dealers.DealersList,26,0,1
ad0613dcc2d42b7cea3c44dae8cf8c60d0659606,de.guerda.matekarte.dealers.DealersListDeserializer,57,1,16
ad0613dcc2d42b7cea3c44dae8cf8c60d0659606,de.guerda.matekarte.dealers.DrinkStatus,44,20,0
e14f38505731626e4d2bfedf7914b008d5e61ece,de.guerda.matekarte.common.request.DealerDetailsRequest,51,0,10
e14f38505731626e4d2bfedf7914b008d5e61ece,de.guerda.matekarte.common.request.DealersDownloadRequest,76,4,14
e14f38505731626e4d2bfedf7914b008d5e61ece,de.guerda.matekarte.common.request.DrinkStatusUpdateRequest,70,0,16
e14f38505731626e4d2bfedf7914b008d5e61ece,de.guerda.matekarte.common.request.MatekarteRequest,17,0,1
e14f38505731626e4d2bfedf7914b008d5e61ece,de.guerda.matekarte.common.SpicedActivity,34,0,3
e14f38505731626e4d2bfedf7914b008d5e61ece,de.guerda.matekarte.common.SpicedFragment,14,0,1
e14f38505731626e4d2bfedf7914b008d5e61ece,de.guerda.matekarte.dealers.Dealer,261,416,3
e14f38505731626e4d2bfedf7914b008d5e61ece,de.guerda.matekarte.dealers.DealerDetailsDeserializer,162,1,13
e14f38505731626e4d2bfedf7914b008d5e61ece,de.guerda.matekarte.dealers.DealersList,26,0,1
e14f38505731626e4d2bfedf7914b008d5e61ece,de.guerda.matekarte.dealers.DealersListDeserializer,57,1,16
e14f38505731626e4d2bfedf7914b008d5e61ece,de.guerda.matekarte.dealers.DrinkStatus,44,20,0
7949f2ceec9b319b24ce00cb0809b8ca9610acfb,de.guerda.matekarte.common.request.DealerDetailsRequest,51,0,10
7949f2ceec9b319b24ce00cb0809b8ca9610acfb,de.guerda.matekarte.common.request.DealersDownloadRequest,76,4,14
7949f2ceec9b319b24ce00cb0809b8ca9610acfb,de.guerda.matekarte.common.request.DrinkStatusUpdateRequest,70,0,16
7949f2ceec9b319b24ce00cb0809b8ca9610acfb,de.guerda.matekarte.common.request.MatekarteRequest,17,0,1
7949f2ceec9b319b24ce00cb0809b8ca9610acfb,de.guerda.matekarte.common.SpicedActivity,34,0,3
7949f2ceec9b319b24ce00cb0809b8ca9610acfb,de.guerda.matekarte.common.SpicedFragment,14,0,1
7949f2ceec9b319b24ce00cb0809b8ca9610acfb,de.guerda.matekarte.dealers.Dealer,261,416,3
7949f2ceec9b319b24ce00cb0809b8ca9610acfb,de.guerda.matekarte.dealers.DealerDetailsDeserializer,162,1,13
7949f2ceec9b319b24ce00cb0809b8ca9610acfb,de.guerda.matekarte.dealers.DealersList,26,0,1
7949f2ceec9b319b24ce00cb0809b8ca9610acfb,de.guerda.matekarte.dealers.DealersListDeserializer,57,1,16
7949f2ceec9b319b24ce00cb0809b8ca9610acfb,de.guerda.matekarte.dealers.DrinkStatus,44,20,0
c25fb702948c0cd95ff1f3c71b6bae8758b503e0,de.guerda.matekarte.common.request.DealerDetailsRequest,51,0,10
c25fb702948c0cd95ff1f3c71b6bae8758b503e0,de.guerda.matekarte.common.request.DealersDownloadRequest,76,4,14
c25fb702948c0cd95ff1f3c71b6bae8758b503e0,de.guerda.matekarte.common.request.DrinkStatusUpdateRequest,70,0,16
c25fb702948c0cd95ff1f3c71b6bae8758b503e0,de.guerda.matekarte.common.request.MatekarteRequest,17,0,1
c25fb702948c0cd95ff1f3c71b6bae8758b503e0,de.guerda.matekarte.common.SpicedActivity,34,0,3
c25fb702948c0cd95ff1f3c71b6bae8758b503e0,de.guerda.matekarte.common.SpicedFragment,14,0,1
c25fb702948c0cd95ff1f3c71b6bae8758b503e0,de.guerda.matekarte.dealers.Dealer,261,416,3
c25fb702948c0cd95ff1f3c71b6bae8758b503e0,de.guerda.matekarte.dealers.DealerDetailsDeserializer,162,1,13
c25fb702948c0cd95ff1f3c71b6bae8758b503e0,de.guerda.matekarte.dealers.DealersList,26,0,1
c25fb702948c0cd95ff1f3c71b6bae8758b503e0,de.guerda.matekarte.dealers.DealersListDeserializer,57,1,16
c25fb702948c0cd95ff1f3c71b6bae8758b503e0,de.guerda.matekarte.dealers.DrinkStatus,44,20,0
4d489865588412fbabc133d981664412c1e9c6b8,de.guerda.matekarte.common.request.DealerDetailsRequest,51,0,10
4d489865588412fbabc133d981664412c1e9c6b8,de.guerda.matekarte.common.request.DealersDownloadRequest,76,4,14
4d489865588412fbabc133d981664412c1e9c6b8,de.guerda.matekarte.common.request.DrinkStatusUpdateRequest,70,0,16
4d489865588412fbabc133d981664412c1e9c6b8,de.guerda.matekarte.common.request.MatekarteRequest,17,0,1
4d489865588412fbabc133d981664412c1e9c6b8,de.guerda.matekarte.common.SpicedActivity,34,0,3
4d489865588412fbabc133d981664412c1e9c6b8,de.guerda.matekarte.common.SpicedFragment,14,0,1
4d489865588412fbabc133d981664412c1e9c6b8,de.guerda.matekarte.dealers.Dealer,261,416,3
4d489865588412fbabc133d981664412c1e9c6b8,de.guerda.matekarte.dealers.DealerDetailsDeserializer,162,1,13
4d489865588412fbabc133d981664412c1e9c6b8,de.guerda.matekarte.dealers.DealersList,26,0,1
4d489865588412fbabc133d981664412c1e9c6b8,de.guerda.matekarte.dealers.DealersListDeserializer,57,1,16
4d489865588412fbabc133d981664412c1e9c6b8,de.guerda.matekarte.dealers.DrinkStatus,44,20,0
50571da162e7375187102b07266c251e557c46c1,de.guerda.matekarte.common.request.DealerDetailsRequest,51,0,10
50571da162e7375187102b07266c251e557c46c1,de.guerda.matekarte.common.request.DealersDownloadRequest,76,4,14
50571da162e7375187102b07266c251e557c46c1,de.guerda.matekarte.common.request.DrinkStatusUpdateRequest,70,0,16
50571da162e7375187102b07266c251e557c46c1,de.guerda.matekarte.common.request.MatekarteRequest,17,0,1
50571da162e7375187102b07266c251e557c46c1,de.guerda.matekarte.common.SpicedActivity,34,0,3
50571da162e7375187102b07266c251e557c46c1,de.guerda.matekarte.common.SpicedFragment,14,0,1
50571da162e7375187102b07266c251e557c46c1,de.guerda.matekarte.dealers.Dealer,261,416,3
50571da162e7375187102b07266c251e557c46c1,de.guerda.matekarte.dealers.DealerDetailsDeserializer,162,1,13
50571da162e7375187102b07266c251e557c46c1,de.guerda.matekarte.dealers.DealersList,26,0,1
50571da162e7375187102b07266c251e557c46c1,de.guerda.matekarte.dealers.DealersListDeserializer,57,1,16
50571da162e7375187102b07266c251e557c46c1,de.guerda.matekarte.dealers.DrinkStatus,44,20,0
31ee689be3ad867e491f8e1eedb3308d69bd29d9,de.guerda.matekarte.common.request.DealerDetailsRequest,51,0,10
31ee689be3ad867e491f8e1eedb3308d69bd29d9,de.guerda.matekarte.common.request.DealersDownloadRequest,76,4,14
31ee689be3ad867e491f8e1eedb3308d69bd29d9,de.guerda.matekarte.common.request.DrinkStatusUpdateRequest,70,0,16
31ee689be3ad867e491f8e1eedb3308d69bd29d9,de.guerda.matekarte.common.request.MatekarteRequest,17,0,1
31ee689be3ad867e491f8e1eedb3308d69bd29d9,de.guerda.matekarte.common.SpicedActivity,34,0,3
31ee689be3ad867e491f8e1eedb3308d69bd29d9,de.guerda.matekarte.common.SpicedFragment,14,0,1
31ee689be3ad867e491f8e1eedb3308d69bd29d9,de.guerda.matekarte.dealers.Dealer,261,416,3
31ee689be3ad867e491f8e1eedb3308d69bd29d9,de.guerda.matekarte.dealers.DealerDetailsDeserializer,162,1,13
31ee689be3ad867e491f8e1eedb3308d69bd29d9,de.guerda.matekarte.dealers.DealersList,26,0,1
31ee689be3ad867e491f8e1eedb3308d69bd29d9,de.guerda.matekarte.dealers.DealersListDeserializer,57,1,16
31ee689be3ad867e491f8e1eedb3308d69bd29d9,de.guerda.matekarte.dealers.DrinkStatus,44,20,0
b20dbef33f3627b9dfcfbb3eccebb4c916d9ad15,de.guerda.matekarte.common.request.DealerDetailsRequest,51,0,10
b20dbef33f3627b9dfcfbb3eccebb4c916d9ad15,de.guerda.matekarte.common.request.DealersDownloadRequest,76,4,14
b20dbef33f3627b9dfcfbb3eccebb4c916d9ad15,de.guerda.matekarte.common.request.DrinkStatusUpdateRequest,70,0,16
b20dbef33f3627b9dfcfbb3eccebb4c916d9ad15,de.guerda.matekarte.common.request.MatekarteRequest,17,0,1
b20dbef33f3627b9dfcfbb3eccebb4c916d9ad15,de.guerda.matekarte.common.SpicedActivity,34,0,3
b20dbef33f3627b9dfcfbb3eccebb4c916d9ad15,de.guerda.matekarte.common.SpicedFragment,14,0,1
b20dbef33f3627b9dfcfbb3eccebb4c916d9ad15,de.guerda.matekarte.dealers.Dealer,261,416,3
b20dbef33f3627b9dfcfbb3eccebb4c916d9ad15,de.guerda.matekarte.dealers.DealerDetailsDeserializer,162,1,13
b20dbef33f3627b9dfcfbb3eccebb4c916d9ad15,de.guerda.matekarte.dealers.DealersList,26,0,1
b20dbef33f3627b9dfcfbb3eccebb4c916d9ad15,de.guerda.matekarte.dealers.DealersListDeserializer,57,1,16
b20dbef33f3627b9dfcfbb3eccebb4c916d9ad15,de.guerda.matekarte.dealers.DrinkStatus,44,20,0
f204230b9485b44c043b05ff9db75ccf883dfa5c,de.guerda.matekarte.common.request.DealerDetailsRequest,51,0,10
f204230b9485b44c043b05ff9db75ccf883dfa5c,de.guerda.matekarte.common.request.DealersDownloadRequest,76,4,14
f204230b9485b44c043b05ff9db75ccf883dfa5c,de.guerda.matekarte.common.request.DrinkStatusUpdateRequest,70,0,16
f204230b9485b44c043b05ff9db75ccf883dfa5c,de.guerda.matekarte.common.request.MatekarteRequest,17,0,1
f204230b9485b44c043b05ff9db75ccf883dfa5c,de.guerda.matekarte.common.SpicedActivity,34,0,3
f204230b9485b44c043b05ff9db75ccf883dfa5c,de.guerda.matekarte.common.SpicedFragment,14,0,1
f204230b9485b44c043b05ff9db75ccf883dfa5c,de.guerda.matekarte.dealers.Dealer,261,416,3
f204230b9485b44c043b05ff9db75ccf883dfa5c,de.guerda.matekarte.dealers.DealerDetailsDeserializer,162,1,13
f204230b9485b44c043b05ff9db75ccf883dfa5c,de.guerda.matekarte.dealers.DealersList,26,0,1
f204230b9485b44c043b05ff9db75ccf883dfa5c,de.guerda.matekarte.dealers.DealersListDeserializer,57,1,16
f204230b9485b44c043b05ff9db75ccf883dfa5c,de.guerda.matekarte.dealers.DrinkStatus,44,20,0
31be554429004be370517d8a500e485d71dad2ef,de.guerda.matekarte.common.request.DealerDetailsRequest,51,0,10
31be554429004be370517d8a500e485d71dad2ef,de.guerda.matekarte.common.request.DealersDownloadRequest,76,4,14
31be554429004be370517d8a500e485d71dad2ef,de.guerda.matekarte.common.request.DrinkStatusUpdateRequest,70,0,16
31be554429004be370517d8a500e485d71dad2ef,de.guerda.matekarte.common.request.MatekarteRequest,17,0,1
31be554429004be370517d8a500e485d71dad2ef,de.guerda.matekarte.common.SpicedActivity,34,0,3
31be554429004be370517d8a500e485d71dad2ef,de.guerda.matekarte.common.SpicedFragment,14,0,1
31be554429004be370517d8a500e485d71dad2ef,de.guerda.matekarte.dealers.Dealer,261,416,3
31be554429004be370517d8a500e485d71dad2ef,de.guerda.matekarte.dealers.DealerDetailsDeserializer,162,1,13
31be554429004be370517d8a500e485d71dad2ef,de.guerda.matekarte.dealers.DealersList,26,0,1
31be554429004be370517d8a500e485d71dad2ef,de.guerda.matekarte.dealers.DealersListDeserializer,57,1,16
31be554429004be370517d8a500e485d71dad2ef,de.guerda.matekarte.dealers.DrinkStatus,44,20,0
d8f97edfe362f1fb0daa3c62ece0698caf84d2ad,de.guerda.matekarte.common.request.DealerDetailsRequest,51,0,10
d8f97edfe362f1fb0daa3c62ece0698caf84d2ad,de.guerda.matekarte.common.request.DealersDownloadRequest,76,4,14
d8f97edfe362f1fb0daa3c62ece0698caf84d2ad,de.guerda.matekarte.common.request.DrinkStatusUpdateRequest,70,0,16
d8f97edfe362f1fb0daa3c62ece0698caf84d2ad,de.guerda.matekarte.common.request.MatekarteRequest,17,0,1
d8f97edfe362f1fb0daa3c62ece0698caf84d2ad,de.guerda.matekarte.common.SpicedActivity,34,0,3
d8f97edfe362f1fb0daa3c62ece0698caf84d2ad,de.guerda.matekarte.common.SpicedFragment,14,0,1
d8f97edfe362f1fb0daa3c62ece0698caf84d2ad,de.guerda.matekarte.dealers.Dealer,261,416,3
d8f97edfe362f1fb0daa3c62ece0698caf84d2ad,de.guerda.matekarte.dealers.DealerDetailsDeserializer,162,1,13
d8f97edfe362f1fb0daa3c62ece0698caf84d2ad,de.guerda.matekarte.dealers.DealersList,26,0,1
d8f97edfe362f1fb0daa3c62ece0698caf84d2ad,de.guerda.matekarte.dealers.DealersListDeserializer,57,1,16
d8f97edfe362f1fb0daa3c62ece0698caf84d2ad,de.guerda.matekarte.dealers.DrinkStatus,44,20,0
0cf1b4a6d717f936cf4f24f43943d1886bc95b36,de.guerda.matekarte.common.request.DealerDetailsRequest,51,0,10
0cf1b4a6d717f936cf4f24f43943d1886bc95b36,de.guerda.matekarte.common.request.DealersDownloadRequest,76,4,14
0cf1b4a6d717f936cf4f24f43943d1886bc95b36,de.guerda.matekarte.common.request.DrinkStatusUpdateRequest,70,0,16
0cf1b4a6d717f936cf4f24f43943d1886bc95b36,de.guerda.matekarte.common.request.MatekarteRequest,17,0,1
0cf1b4a6d717f936cf4f24f43943d1886bc95b36,de.guerda.matekarte.common.SpicedActivity,34,0,3
0cf1b4a6d717f936cf4f24f43943d1886bc95b36,de.guerda.matekarte.common.SpicedFragment,14,0,1
0cf1b4a6d717f936cf4f24f43943d1886bc95b36,de.guerda.matekarte.dealers.Dealer,261,416,3
0cf1b4a6d717f936cf4f24f43943d1886bc95b36,de.guerda.matekarte.dealers.DealerDetailsDeserializer,162,1,13
0cf1b4a6d717f936cf4f24f43943d1886bc95b36,de.guerda.matekarte.dealers.DealersList,26,0,1
0cf1b4a6d717f936cf4f24f43943d1886bc95b36,de.guerda.matekarte.dealers.DealersListDeserializer,57,1,16
0cf1b4a6d717f936cf4f24f43943d1886bc95b36,de.guerda.matekarte.dealers.DrinkStatus,44,20,0
9e2c1f3fa71775a673845a20ffad78236ad1c2d5,de.guerda.matekarte.common.request.DealerDetailsRequest,51,0,10
9e2c1f3fa71775a673845a20ffad78236ad1c2d5,de.guerda.matekarte.common.request.DealersDownloadRequest,76,4,14
9e2c1f3fa71775a673845a20ffad78236ad1c2d5,de.guerda.matekarte.common.request.DrinkStatusUpdateRequest,70,0,16
9e2c1f3fa71775a673845a20ffad78236ad1c2d5,de.guerda.matekarte.common.request.MatekarteRequest,17,0,1
9e2c1f3fa71775a673845a20ffad78236ad1c2d5,de.guerda.matekarte.common.SpicedActivity,34,0,3
9e2c1f3fa71775a673845a20ffad78236ad1c2d5,de.guerda.matekarte.common.SpicedFragment,14,0,1
9e2c1f3fa71775a673845a20ffad78236ad1c2d5,de.guerda.matekarte.dealers.Dealer,261,416,3
9e2c1f3fa71775a673845a20ffad78236ad1c2d5,de.guerda.matekarte.dealers.DealerDetailsDeserializer,162,1,13
9e2c1f3fa71775a673845a20ffad78236ad1c2d5,de.guerda.matekarte.dealers.DealersList,26,0,1
9e2c1f3fa71775a673845a20ffad78236ad1c2d5,de.guerda.matekarte.dealers.DealersListDeserializer,57,1,16
9e2c1f3fa71775a673845a20ffad78236ad1c2d5,de.guerda.matekarte.dealers.DrinkStatus,44,20,0
d356a1ba7e316ca25679d8f06f9a083e73951a2b,de.guerda.matekarte.common.request.DealerDetailsRequest,51,0,10
d356a1ba7e316ca25679d8f06f9a083e73951a2b,de.guerda.matekarte.common.request.DealersDownloadRequest,76,4,14
d356a1ba7e316ca25679d8f06f9a083e73951a2b,de.guerda.matekarte.common.request.DrinkStatusUpdateRequest,70,0,16
d356a1ba7e316ca25679d8f06f9a083e73951a2b,de.guerda.matekarte.common.request.MatekarteRequest,17,0,1
d356a1ba7e316ca25679d8f06f9a083e73951a2b,de.guerda.matekarte.common.SpicedActivity,34,0,3
d356a1ba7e316ca25679d8f06f9a083e73951a2b,de.guerda.matekarte.common.SpicedFragment,14,0,1
d356a1ba7e316ca25679d8f06f9a083e73951a2b,de.guerda.matekarte.dealers.Dealer,261,416,3
d356a1ba7e316ca25679d8f06f9a083e73951a2b,de.guerda.matekarte.dealers.DealerDetailsDeserializer,162,1,13
d356a1ba7e316ca25679d8f06f9a083e73951a2b,de.guerda.matekarte.dealers.DealersList,26,0,1
d356a1ba7e316ca25679d8f06f9a083e73951a2b,de.guerda.matekarte.dealers.DealersListDeserializer,57,1,16
d356a1ba7e316ca25679d8f06f9a083e73951a2b,de.guerda.matekarte.dealers.DrinkStatus,44,20,0
ae8387c39c5ef5f933394b29985b29227da81946,de.guerda.matekarte.common.request.DealerDetailsRequest,51,0,10
ae8387c39c5ef5f933394b29985b29227da81946,de.guerda.matekarte.common.request.DealersDownloadRequest,76,4,14
ae8387c39c5ef5f933394b29985b29227da81946,de.guerda.matekarte.common.request.DrinkStatusUpdateRequest,70,0,16
ae8387c39c5ef5f933394b29985b29227da81946,de.guerda.matekarte.common.request.MatekarteRequest,17,0,1
ae8387c39c5ef5f933394b29985b29227da81946,de.guerda.matekarte.common.SpicedActivity,34,0,3
ae8387c39c5ef5f933394b29985b29227da81946,de.guerda.matekarte.common.SpicedFragment,14,0,1
ae8387c39c5ef5f933394b29985b29227da81946,de.guerda.matekarte.dealers.Dealer,261,416,3
ae8387c39c5ef5f933394b29985b29227da81946,de.guerda.matekarte.dealers.DealerDetailsDeserializer,162,1,13
ae8387c39c5ef5f933394b29985b29227da81946,de.guerda.matekarte.dealers.DealersList,26,0,1
ae8387c39c5ef5f933394b29985b29227da81946,de.guerda.matekarte.dealers.DealersListDeserializer,57,1,16
ae8387c39c5ef5f933394b29985b29227da81946,de.guerda.matekarte.dealers.DrinkStatus,44,20,0
179599ea5d5a918c861688ae6541a941765eb38b,de.guerda.matekarte.common.request.DealerDetailsRequest,51,0,10
179599ea5d5a918c861688ae6541a941765eb38b,de.guerda.matekarte.common.request.DealersDownloadRequest,76,4,14
179599ea5d5a918c861688ae6541a941765eb38b,de.guerda.matekarte.common.request.DrinkStatusUpdateRequest,70,0,16
179599ea5d5a918c861688ae6541a941765eb38b,de.guerda.matekarte.common.request.MatekarteRequest,17,0,1
179599ea5d5a918c861688ae6541a941765eb38b,de.guerda.matekarte.common.SpicedActivity,34,0,3
179599ea5d5a918c861688ae6541a941765eb38b,de.guerda.matekarte.common.SpicedFragment,14,0,1
179599ea5d5a918c861688ae6541a941765eb38b,de.guerda.matekarte.dealers.Dealer,261,416,3
179599ea5d5a918c861688ae6541a941765eb38b,de.guerda.matekarte.dealers.DealerDetailsDeserializer,162,1,13
179599ea5d5a918c861688ae6541a941765eb38b,de.guerda.matekarte.dealers.DealersList,26,0,1
179599ea5d5a918c861688ae6541a941765eb38b,de.guerda.matekarte.dealers.DealersListDeserializer,57,1,16
179599ea5d5a918c861688ae6541a941765eb38b,de.guerda.matekarte.dealers.DrinkStatus,44,20,0
ac8224a90e84ad4c2d340021fc061dd3b39fe7c4,de.guerda.matekarte.common.request.DealerDetailsRequest,51,0,10
ac8224a90e84ad4c2d340021fc061dd3b39fe7c4,de.guerda.matekarte.common.request.DealersDownloadRequest,76,4,14
ac8224a90e84ad4c2d340021fc061dd3b39fe7c4,de.guerda.matekarte.common.request.DrinkStatusUpdateRequest,70,0,16
ac8224a90e84ad4c2d340021fc061dd3b39fe7c4,de.guerda.matekarte.common.request.MatekarteRequest,17,0,1
ac8224a90e84ad4c2d340021fc061dd3b39fe7c4,de.guerda.matekarte.common.SpicedActivity,34,0,3
ac8224a90e84ad4c2d340021fc061dd3b39fe7c4,de.guerda.matekarte.common.SpicedFragment,14,0,1
ac8224a90e84ad4c2d340021fc061dd3b39fe7c4,de.guerda.matekarte.dealers.Dealer,261,416,3
ac8224a90e84ad4c2d340021fc061dd3b39fe7c4,de.guerda.matekarte.dealers.DealerDetailsDeserializer,162,1,13
ac8224a90e84ad4c2d340021fc061dd3b39fe7c4,de.guerda.matekarte.dealers.DealersList,26,0,1
ac8224a90e84ad4c2d340021fc061dd3b39fe7c4,de.guerda.matekarte.dealers.DealersListDeserializer,57,1,16
ac8224a90e84ad4c2d340021fc061dd3b39fe7c4,de.guerda.matekarte.dealers.DrinkStatus,44,20,0
d1bd4da6053273b1972a00eb71c7a3266b988107,de.guerda.matekarte.common.request.DealerDetailsRequest,51,0,10
d1bd4da6053273b1972a00eb71c7a3266b988107,de.guerda.matekarte.common.request.DealersDownloadRequest,76,4,14
d1bd4da6053273b1972a00eb71c7a3266b988107,de.guerda.matekarte.common.request.DrinkStatusUpdateRequest,70,0,16
d1bd4da6053273b1972a00eb71c7a3266b988107,de.guerda.matekarte.common.request.MatekarteRequest,17,0,1
d1bd4da6053273b1972a00eb71c7a3266b988107,de.guerda.matekarte.common.SpicedActivity,34,0,3
d1bd4da6053273b1972a00eb71c7a3266b988107,de.guerda.matekarte.common.SpicedFragment,14,0,1
d1bd4da6053273b1972a00eb71c7a3266b988107,de.guerda.matekarte.dealers.Dealer,261,416,3
d1bd4da6053273b1972a00eb71c7a3266b988107,de.guerda.matekarte.dealers.DealerDetailsDeserializer,162,1,13
d1bd4da6053273b1972a00eb71c7a3266b988107,de.guerda.matekarte.dealers.DealersList,26,0,1
d1bd4da6053273b1972a00eb71c7a3266b988107,de.guerda.matekarte.dealers.DealersListDeserializer,57,1,16
d1bd4da6053273b1972a00eb71c7a3266b988107,de.guerda.matekarte.dealers.DrinkStatus,44,20,0
2e6a442b2781b7d5d4571617103279d1a5f18ca9,de.guerda.matekarte.common.request.DealerDetailsRequest,51,0,10
2e6a442b2781b7d5d4571617103279d1a5f18ca9,de.guerda.matekarte.common.request.DealersDownloadRequest,76,4,14
2e6a442b2781b7d5d4571617103279d1a5f18ca9,de.guerda.matekarte.common.request.DrinkStatusUpdateRequest,70,0,16
2e6a442b2781b7d5d4571617103279d1a5f18ca9,de.guerda.matekarte.common.request.MatekarteRequest,17,0,1
2e6a442b2781b7d5d4571617103279d1a5f18ca9,de.guerda.matekarte.common.SpicedActivity,34,0,3
2e6a442b2781b7d5d4571617103279d1a5f18ca9,de.guerda.matekarte.common.SpicedFragment,14,0,1
2e6a442b2781b7d5d4571617103279d1a5f18ca9,de.guerda.matekarte.dealers.Dealer,261,416,3
2e6a442b2781b7d5d4571617103279d1a5f18ca9,de.guerda.matekarte.dealers.DealerDetailsDeserializer,162,1,13
2e6a442b2781b7d5d4571617103279d1a5f18ca9,de.guerda.matekarte.dealers.DealersList,26,0,1
2e6a442b2781b7d5d4571617103279d1a5f18ca9,de.guerda.matekarte.dealers.DealersListDeserializer,57,1,16
2e6a442b2781b7d5d4571617103279d1a5f18ca9,de.guerda.matekarte.dealers.DrinkStatus,44,20,0
214b33592f2637dbf983e9759ca4b5b7eb3610fb,de.guerda.matekarte.common.request.DealerDetailsRequest,51,0,10
214b33592f2637dbf983e9759ca4b5b7eb3610fb,de.guerda.matekarte.common.request.DealersDownloadRequest,76,4,14
214b33592f2637dbf983e9759ca4b5b7eb3610fb,de.guerda.matekarte.common.request.DrinkStatusUpdateRequest,70,0,16
214b33592f2637dbf983e9759ca4b5b7eb3610fb,de.guerda.matekarte.common.request.MatekarteRequest,17,0,1
214b33592f2637dbf983e9759ca4b5b7eb3610fb,de.guerda.matekarte.common.SpicedActivity,34,0,3
214b33592f2637dbf983e9759ca4b5b7eb3610fb,de.guerda.matekarte.common.SpicedFragment,14,0,1
214b33592f2637dbf983e9759ca4b5b7eb3610fb,de.guerda.matekarte.dealers.Dealer,261,416,3
214b33592f2637dbf983e9759ca4b5b7eb3610fb,de.guerda.matekarte.dealers.DealerDetailsDeserializer,162,1,13
214b33592f2637dbf983e9759ca4b5b7eb3610fb,de.guerda.matekarte.dealers.DealersList,26,0,1
214b33592f2637dbf983e9759ca4b5b7eb3610fb,de.guerda.matekarte.dealers.DealersListDeserializer,57,1,16
214b33592f2637dbf983e9759ca4b5b7eb3610fb,de.guerda.matekarte.dealers.DrinkStatus,44,20,0
71542a36f07887ab393e2cfe11202e6ff33ed6c6,de.guerda.matekarte.common.request.DealerDetailsRequest,51,0,10
71542a36f07887ab393e2cfe11202e6ff33ed6c6,de.guerda.matekarte.common.request.DealersDownloadRequest,76,4,14
71542a36f07887ab393e2cfe11202e6ff33ed6c6,de.guerda.matekarte.common.request.DrinkStatusUpdateRequest,70,0,16
71542a36f07887ab393e2cfe11202e6ff33ed6c6,de.guerda.matekarte.common.request.MatekarteRequest,17,0,1
71542a36f07887ab393e2cfe11202e6ff33ed6c6,de.guerda.matekarte.common.SpicedActivity,34,0,3
71542a36f07887ab393e2cfe11202e6ff33ed6c6,de.guerda.matekarte.common.SpicedFragment,14,0,1
71542a36f07887ab393e2cfe11202e6ff33ed6c6,de.guerda.matekarte.dealers.Dealer,261,416,3
71542a36f07887ab393e2cfe11202e6ff33ed6c6,de.guerda.matekarte.dealers.DealerDetailsDeserializer,162,1,13
71542a36f07887ab393e2cfe11202e6ff33ed6c6,de.guerda.matekarte.dealers.DealersList,26,0,1
71542a36f07887ab393e2cfe11202e6ff33ed6c6,de.guerda.matekarte.dealers.DealersListDeserializer,57,1,16
71542a36f07887ab393e2cfe11202e6ff33ed6c6,de.guerda.matekarte.dealers.DrinkStatus,44,20,0
548ca30f8c8981052e7e45c17ac9960112798f2c,de.guerda.matekarte.common.request.DealerDetailsRequest,51,0,10
548ca30f8c8981052e7e45c17ac9960112798f2c,de.guerda.matekarte.common.request.DealersDownloadRequest,76,4,14
548ca30f8c8981052e7e45c17ac9960112798f2c,de.guerda.matekarte.common.request.DrinkStatusUpdateRequest,70,0,16
548ca30f8c8981052e7e45c17ac9960112798f2c,de.guerda.matekarte.common.request.MatekarteRequest,17,0,1
548ca30f8c8981052e7e45c17ac9960112798f2c,de.guerda.matekarte.common.SpicedActivity,34,0,3
548ca30f8c8981052e7e45c17ac9960112798f2c,de.guerda.matekarte.common.SpicedFragment,14,0,1
548ca30f8c8981052e7e45c17ac9960112798f2c,de.guerda.matekarte.dealers.Dealer,261,416,3
548ca30f8c8981052e7e45c17ac9960112798f2c,de.guerda.matekarte.dealers.DealerDetailsDeserializer,162,1,13
548ca30f8c8981052e7e45c17ac9960112798f2c,de.guerda.matekarte.dealers.DealersList,26,0,1
548ca30f8c8981052e7e45c17ac9960112798f2c,de.guerda.matekarte.dealers.DealersListDeserializer,57,1,16
548ca30f8c8981052e7e45c17ac9960112798f2c,de.guerda.matekarte.dealers.DrinkStatus,44,20,0
77f23a9b9aec03b5d6d1f92d746569bfd22c874d,de.guerda.matekarte.common.request.DealerDetailsRequest,51,0,10
77f23a9b9aec03b5d6d1f92d746569bfd22c874d,de.guerda.matekarte.common.request.DealersDownloadRequest,76,4,14
77f23a9b9aec03b5d6d1f92d746569bfd22c874d,de.guerda.matekarte.common.request.DrinkStatusUpdateRequest,70,0,16
77f23a9b9aec03b5d6d1f92d746569bfd22c874d,de.guerda.matekarte.common.request.MatekarteRequest,17,0,1
77f23a9b9aec03b5d6d1f92d746569bfd22c874d,de.guerda.matekarte.common.SpicedActivity,34,0,3
77f23a9b9aec03b5d6d1f92d746569bfd22c874d,de.guerda.matekarte.common.SpicedFragment,14,0,1
77f23a9b9aec03b5d6d1f92d746569bfd22c874d,de.guerda.matekarte.dealers.Dealer,261,416,3
77f23a9b9aec03b5d6d1f92d746569bfd22c874d,de.guerda.matekarte.dealers.DealerDetailsDeserializer,162,1,13
77f23a9b9aec03b5d6d1f92d746569bfd22c874d,de.guerda.matekarte.dealers.DealersList,26,0,1
77f23a9b9aec03b5d6d1f92d746569bfd22c874d,de.guerda.matekarte.dealers.DealersListDeserializer,57,1,16
77f23a9b9aec03b5d6d1f92d746569bfd22c874d,de.guerda.matekarte.dealers.DrinkStatus,44,20,0
48038a43d705394a2bdfc6f6d71815f0c7e5d69f,de.guerda.matekarte.common.request.DealerDetailsRequest,51,0,10
48038a43d705394a2bdfc6f6d71815f0c7e5d69f,de.guerda.matekarte.common.request.DealersDownloadRequest,76,4,14
48038a43d705394a2bdfc6f6d71815f0c7e5d69f,de.guerda.matekarte.common.request.DrinkStatusUpdateRequest,70,0,16
48038a43d705394a2bdfc6f6d71815f0c7e5d69f,de.guerda.matekarte.common.request.MatekarteRequest,17,0,1
48038a43d705394a2bdfc6f6d71815f0c7e5d69f,de.guerda.matekarte.common.SpicedActivity,34,0,3
48038a43d705394a2bdfc6f6d71815f0c7e5d69f,de.guerda.matekarte.common.SpicedFragment,14,0,1
48038a43d705394a2bdfc6f6d71815f0c7e5d69f,de.guerda.matekarte.dealers.Dealer,261,416,3
48038a43d705394a2bdfc6f6d71815f0c7e5d69f,de.guerda.matekarte.dealers.DealerDetailsDeserializer,162,1,13
48038a43d705394a2bdfc6f6d71815f0c7e5d69f,de.guerda.matekarte.dealers.DealersList,26,0,1
48038a43d705394a2bdfc6f6d71815f0c7e5d69f,de.guerda.matekarte.dealers.DealersListDeserializer,57,1,16
48038a43d705394a2bdfc6f6d71815f0c7e5d69f,de.guerda.matekarte.dealers.DrinkStatus,44,20,0
a6fd3ed7c851154340ede2520beff4d2cccc3eb4,de.guerda.matekarte.common.request.DealerDetailsRequest,51,0,10
a6fd3ed7c851154340ede2520beff4d2cccc3eb4,de.guerda.matekarte.common.request.DealersDownloadRequest,76,4,14
a6fd3ed7c851154340ede2520beff4d2cccc3eb4,de.guerda.matekarte.common.request.DrinkStatusUpdateRequest,70,0,16
a6fd3ed7c851154340ede2520beff4d2cccc3eb4,de.guerda.matekarte.common.request.MatekarteRequest,17,0,1
a6fd3ed7c851154340ede2520beff4d2cccc3eb4,de.guerda.matekarte.common.SpicedActivity,34,0,3
a6fd3ed7c851154340ede2520beff4d2cccc3eb4,de.guerda.matekarte.common.SpicedFragment,14,0,1
a6fd3ed7c851154340ede2520beff4d2cccc3eb4,de.guerda.matekarte.dealers.Dealer,261,416,3
a6fd3ed7c851154340ede2520beff4d2cccc3eb4,de.guerda.matekarte.dealers.DealerDetailsDeserializer,162,1,13
a6fd3ed7c851154340ede2520beff4d2cccc3eb4,de.guerda.matekarte.dealers.DealersList,26,0,1
a6fd3ed7c851154340ede2520beff4d2cccc3eb4,de.guerda.matekarte.dealers.DealersListDeserializer,57,1,16
a6fd3ed7c851154340ede2520beff4d2cccc3eb4,de.guerda.matekarte.dealers.DrinkStatus,44,20,0
fd63b352f1ff72ebadd27c5d678cf7028b2c966b,de.guerda.matekarte.common.request.DealerDetailsRequest,51,0,10
fd63b352f1ff72ebadd27c5d678cf7028b2c966b,de.guerda.matekarte.common.request.DealersDownloadRequest,76,4,14
fd63b352f1ff72ebadd27c5d678cf7028b2c966b,de.guerda.matekarte.common.request.DrinkStatusUpdateRequest,70,0,16
fd63b352f1ff72ebadd27c5d678cf7028b2c966b,de.guerda.matekarte.common.request.MatekarteRequest,17,0,1
fd63b352f1ff72ebadd27c5d678cf7028b2c966b,de.guerda.matekarte.common.SpicedActivity,34,0,3
fd63b352f1ff72ebadd27c5d678cf7028b2c966b,de.guerda.matekarte.common.SpicedFragment,14,0,1
fd63b352f1ff72ebadd27c5d678cf7028b2c966b,de.guerda.matekarte.dealers.Dealer,261,416,3
fd63b352f1ff72ebadd27c5d678cf7028b2c966b,de.guerda.matekarte.dealers.DealerDetailsDeserializer,162,1,13
fd63b352f1ff72ebadd27c5d678cf7028b2c966b,de.guerda.matekarte.dealers.DealersList,26,0,1
fd63b352f1ff72ebadd27c5d678cf7028b2c966b,de.guerda.matekarte.dealers.DealersListDeserializer,57,1,16
fd63b352f1ff72ebadd27c5d678cf7028b2c966b,de.guerda.matekarte.dealers.DrinkStatus,44,20,0
1c57682d14065a58e8fc12f45305bf26ca94efc3,de.guerda.matekarte.common.request.DealerDetailsRequest,51,0,10
1c57682d14065a58e8fc12f45305bf26ca94efc3,de.guerda.matekarte.common.request.DealersDownloadRequest,76,4,14
1c57682d14065a58e8fc12f45305bf26ca94efc3,de.guerda.matekarte.common.request.DrinkStatusUpdateRequest,70,0,16
1c57682d14065a58e8fc12f45305bf26ca94efc3,de.guerda.matekarte.common.request.MatekarteRequest,17,0,1
1c57682d14065a58e8fc12f45305bf26ca94efc3,de.guerda.matekarte.common.SpicedActivity,34,0,3
1c57682d14065a58e8fc12f45305bf26ca94efc3,de.guerda.matekarte.common.SpicedFragment,14,0,1
1c57682d14065a58e8fc12f45305bf26ca94efc3,de.guerda.matekarte.dealers.Dealer,261,416,3
1c57682d14065a58e8fc12f45305bf26ca94efc3,de.guerda.matekarte.dealers.DealerDetailsDeserializer,162,1,13
1c57682d14065a58e8fc12f45305bf26ca94efc3,de.guerda.matekarte.dealers.DealersList,26,0,1
1c57682d14065a58e8fc12f45305bf26ca94efc3,de.guerda.matekarte.dealers.DealersListDeserializer,57,1,16
1c57682d14065a58e8fc12f45305bf26ca94efc3,de.guerda.matekarte.dealers.DrinkStatus,44,20,0
21932ec87172ddb7cf430afb2448c6384ad2a3c1,de.guerda.matekarte.common.request.DealerDetailsRequest,51,0,10
21932ec87172ddb7cf430afb2448c6384ad2a3c1,de.guerda.matekarte.common.request.DealersDownloadRequest,76,4,14
21932ec87172ddb7cf430afb2448c6384ad2a3c1,de.guerda.matekarte.common.request.DrinkStatusUpdateRequest,70,0,16
21932ec87172ddb7cf430afb2448c6384ad2a3c1,de.guerda.matekarte.common.request.MatekarteRequest,17,0,1
21932ec87172ddb7cf430afb2448c6384ad2a3c1,de.guerda.matekarte.common.SpicedActivity,34,0,3
21932ec87172ddb7cf430afb2448c6384ad2a3c1,de.guerda.matekarte.common.SpicedFragment,14,0,1
21932ec87172ddb7cf430afb2448c6384ad2a3c1,de.guerda.matekarte.dealers.Dealer,261,416,3
21932ec87172ddb7cf430afb2448c6384ad2a3c1,de.guerda.matekarte.dealers.DealerDetailsDeserializer,162,1,13
21932ec87172ddb7cf430afb2448c6384ad2a3c1,de.guerda.matekarte.dealers.DealersList,26,0,1
21932ec87172ddb7cf430afb2448c6384ad2a3c1,de.guerda.matekarte.dealers.DealersListDeserializer,57,1,16
21932ec87172ddb7cf430afb2448c6384ad2a3c1,de.guerda.matekarte.dealers.DrinkStatus,44,20,0
f22626b5a5f27b5eb0e27358bd035781b012221d,de.guerda.matekarte.common.request.DealerDetailsRequest,51,0,10
f22626b5a5f27b5eb0e27358bd035781b012221d,de.guerda.matekarte.common.request.DealersDownloadRequest,76,4,14
f22626b5a5f27b5eb0e27358bd035781b012221d,de.guerda.matekarte.common.request.DrinkStatusUpdateRequest,70,0,16
f22626b5a5f27b5eb0e27358bd035781b012221d,de.guerda.matekarte.common.request.MatekarteRequest,17,0,1
f22626b5a5f27b5eb0e27358bd035781b012221d,de.guerda.matekarte.common.SpicedActivity,34,0,3
f22626b5a5f27b5eb0e27358bd035781b012221d,de.guerda.matekarte.common.SpicedFragment,14,0,1
f22626b5a5f27b5eb0e27358bd035781b012221d,de.guerda.matekarte.dealers.Dealer,261,416,3
f22626b5a5f27b5eb0e27358bd035781b012221d,de.guerda.matekarte.dealers.DealerDetailsDeserializer,162,1,13
f22626b5a5f27b5eb0e27358bd035781b012221d,de.guerda.matekarte.dealers.DealersList,26,0,1
f22626b5a5f27b5eb0e27358bd035781b012221d,de.guerda.matekarte.dealers.DealersListDeserializer,57,1,16
f22626b5a5f27b5eb0e27358bd035781b012221d,de.guerda.matekarte.dealers.DrinkStatus,44,20,0
3cabd54f7a4f48535fae644d2273190c1f985731,de.guerda.matekarte.common.request.DealerDetailsRequest,51,0,10
3cabd54f7a4f48535fae644d2273190c1f985731,de.guerda.matekarte.common.request.DealersDownloadRequest,76,4,14
3cabd54f7a4f48535fae644d2273190c1f985731,de.guerda.matekarte.common.request.DrinkStatusUpdateRequest,70,0,16
3cabd54f7a4f48535fae644d2273190c1f985731,de.guerda.matekarte.common.request.MatekarteRequest,17,0,1
3cabd54f7a4f48535fae644d2273190c1f985731,de.guerda.matekarte.common.SpicedActivity,34,0,3
3cabd54f7a4f48535fae644d2273190c1f985731,de.guerda.matekarte.common.SpicedFragment,14,0,1
3cabd54f7a4f48535fae644d2273190c1f985731,de.guerda.matekarte.dealers.Dealer,261,416,3
3cabd54f7a4f48535fae644d2273190c1f985731,de.guerda.matekarte.dealers.DealerDetailsDeserializer,162,1,13
3cabd54f7a4f48535fae644d2273190c1f985731,de.guerda.matekarte.dealers.DealersList,26,0,1
3cabd54f7a4f48535fae644d2273190c1f985731,de.guerda.matekarte.dealers.DealersListDeserializer,57,1,16
3cabd54f7a4f48535fae644d2273190c1f985731,de.guerda.matekarte.dealers.DrinkStatus,44,20,0
3701390fd030f5b9fbd9b9c0d9d5705a134e7e5b,de.guerda.matekarte.common.request.DealerDetailsRequest,51,0,10
3701390fd030f5b9fbd9b9c0d9d5705a134e7e5b,de.guerda.matekarte.common.request.DealersDownloadRequest,76,4,14
3701390fd030f5b9fbd9b9c0d9d5705a134e7e5b,de.guerda.matekarte.common.request.DrinkStatusUpdateRequest,70,0,16
3701390fd030f5b9fbd9b9c0d9d5705a134e7e5b,de.guerda.matekarte.common.request.MatekarteRequest,17,0,1
3701390fd030f5b9fbd9b9c0d9d5705a134e7e5b,de.guerda.matekarte.common.SpicedActivity,34,0,3
3701390fd030f5b9fbd9b9c0d9d5705a134e7e5b,de.guerda.matekarte.common.SpicedFragment,14,0,1
3701390fd030f5b9fbd9b9c0d9d5705a134e7e5b,de.guerda.matekarte.dealers.Dealer,261,416,3
3701390fd030f5b9fbd9b9c0d9d5705a134e7e5b,de.guerda.matekarte.dealers.DealerDetailsDeserializer,162,1,13
3701390fd030f5b9fbd9b9c0d9d5705a134e7e5b,de.guerda.matekarte.dealers.DealersList,26,0,1
3701390fd030f5b9fbd9b9c0d9d5705a134e7e5b,de.guerda.matekarte.dealers.DealersListDeserializer,57,1,16
3701390fd030f5b9fbd9b9c0d9d5705a134e7e5b,de.guerda.matekarte.dealers.DrinkStatus,44,20,0
956e72def09457e25fa86082c145ea9b3671a186,de.guerda.matekarte.common.request.DealerDetailsRequest,51,0,10
956e72def09457e25fa86082c145ea9b3671a186,de.guerda.matekarte.common.request.DealersDownloadRequest,76,4,14
956e72def09457e25fa86082c145ea9b3671a186,de.guerda.matekarte.common.request.DrinkStatusUpdateRequest,70,0,16
956e72def09457e25fa86082c145ea9b3671a186,de.guerda.matekarte.common.request.MatekarteRequest,17,0,1
956e72def09457e25fa86082c145ea9b3671a186,de.guerda.matekarte.common.SpicedActivity,34,0,3
956e72def09457e25fa86082c145ea9b3671a186,de.guerda.matekarte.common.SpicedFragment,14,0,1
956e72def09457e25fa86082c145ea9b3671a186,de.guerda.matekarte.dealers.Dealer,261,416,3
956e72def09457e25fa86082c145ea9b3671a186,de.guerda.matekarte.dealers.DealerDetailsDeserializer,162,1,13
956e72def09457e25fa86082c145ea9b3671a186,de.guerda.matekarte.dealers.DealersList,26,0,1
956e72def09457e25fa86082c145ea9b3671a186,de.guerda.matekarte.dealers.DealersListDeserializer,57,1,16
956e72def09457e25fa86082c145ea9b3671a186,de.guerda.matekarte.dealers.DrinkStatus,44,20,0
240541077109a612563a6c02aa8213cb4ea4dca9,de.guerda.matekarte.common.request.DealerDetailsRequest,51,0,10
240541077109a612563a6c02aa8213cb4ea4dca9,de.guerda.matekarte.common.request.DealersDownloadRequest,76,4,14
240541077109a612563a6c02aa8213cb4ea4dca9,de.guerda.matekarte.common.request.DrinkStatusUpdateRequest,70,0,16
240541077109a612563a6c02aa8213cb4ea4dca9,de.guerda.matekarte.common.request.MatekarteRequest,17,0,1
240541077109a612563a6c02aa8213cb4ea4dca9,de.guerda.matekarte.common.SpicedActivity,34,0,3
240541077109a612563a6c02aa8213cb4ea4dca9,de.guerda.matekarte.common.SpicedFragment,14,0,1
240541077109a612563a6c02aa8213cb4ea4dca9,de.guerda.matekarte.dealers.Dealer,261,416,3
240541077109a612563a6c02aa8213cb4ea4dca9,de.guerda.matekarte.dealers.DealerDetailsDeserializer,162,1,13
240541077109a612563a6c02aa8213cb4ea4dca9,de.guerda.matekarte.dealers.DealersList,26,0,1
240541077109a612563a6c02aa8213cb4ea4dca9,de.guerda.matekarte.dealers.DealersListDeserializer,57,1,16
240541077109a612563a6c02aa8213cb4ea4dca9,de.guerda.matekarte.dealers.DrinkStatus,44,20,0
2f6398f70a7d72af4fda60ba56c824d847a8a822,de.guerda.matekarte.common.request.DealerDetailsRequest,51,0,10
2f6398f70a7d72af4fda60ba56c824d847a8a822,de.guerda.matekarte.common.request.DealersDownloadRequest,76,4,14
2f6398f70a7d72af4fda60ba56c824d847a8a822,de.guerda.matekarte.common.request.DrinkStatusUpdateRequest,70,0,16
2f6398f70a7d72af4fda60ba56c824d847a8a822,de.guerda.matekarte.common.request.MatekarteRequest,17,0,1
2f6398f70a7d72af4fda60ba56c824d847a8a822,de.guerda.matekarte.common.SpicedActivity,34,0,3
2f6398f70a7d72af4fda60ba56c824d847a8a822,de.guerda.matekarte.common.SpicedFragment,14,0,1
2f6398f70a7d72af4fda60ba56c824d847a8a822,de.guerda.matekarte.dealers.Dealer,261,416,3
2f6398f70a7d72af4fda60ba56c824d847a8a822,de.guerda.matekarte.dealers.DealerDetailsDeserializer,162,1,13
2f6398f70a7d72af4fda60ba56c824d847a8a822,de.guerda.matekarte.dealers.DealersList,26,0,1
2f6398f70a7d72af4fda60ba56c824d847a8a822,de.guerda.matekarte.dealers.DealersListDeserializer,57,1,16
2f6398f70a7d72af4fda60ba56c824d847a8a822,de.guerda.matekarte.dealers.DrinkStatus,44,20,0
f8ed51bfaafbe46bf1ed71347e0360a5682b66b2,de.guerda.matekarte.common.request.DealerDetailsRequest,51,0,10
f8ed51bfaafbe46bf1ed71347e0360a5682b66b2,de.guerda.matekarte.common.request.DealersDownloadRequest,76,4,14
f8ed51bfaafbe46bf1ed71347e0360a5682b66b2,de.guerda.matekarte.common.request.DrinkStatusUpdateRequest,70,0,16
f8ed51bfaafbe46bf1ed71347e0360a5682b66b2,de.guerda.matekarte.common.request.MatekarteRequest,17,0,1
f8ed51bfaafbe46bf1ed71347e0360a5682b66b2,de.guerda.matekarte.common.SpicedActivity,34,0,3
f8ed51bfaafbe46bf1ed71347e0360a5682b66b2,de.guerda.matekarte.common.SpicedFragment,14,0,1
f8ed51bfaafbe46bf1ed71347e0360a5682b66b2,de.guerda.matekarte.dealers.Dealer,261,416,3
f8ed51bfaafbe46bf1ed71347e0360a5682b66b2,de.guerda.matekarte.dealers.DealerDetailsDeserializer,162,1,13
f8ed51bfaafbe46bf1ed71347e0360a5682b66b2,de.guerda.matekarte.dealers.DealersList,26,0,1
f8ed51bfaafbe46bf1ed71347e0360a5682b66b2,de.guerda.matekarte.dealers.DealersListDeserializer,57,1,16
f8ed51bfaafbe46bf1ed71347e0360a5682b66b2,de.guerda.matekarte.dealers.DrinkStatus,44,20,0
20d9940e0cd248022e85f935c89bbedc1cd157c3,de.guerda.matekarte.common.request.DealerDetailsRequest,51,0,10
20d9940e0cd248022e85f935c89bbedc1cd157c3,de.guerda.matekarte.common.request.DealersDownloadRequest,76,4,14
20d9940e0cd248022e85f935c89bbedc1cd157c3,de.guerda.matekarte.common.request.DrinkStatusUpdateRequest,70,0,16
20d9940e0cd248022e85f935c89bbedc1cd157c3,de.guerda.matekarte.common.request.MatekarteRequest,17,0,1
20d9940e0cd248022e85f935c89bbedc1cd157c3,de.guerda.matekarte.common.SpicedActivity,34,0,3
20d9940e0cd248022e85f935c89bbedc1cd157c3,de.guerda.matekarte.common.SpicedFragment,14,0,1
20d9940e0cd248022e85f935c89bbedc1cd157c3,de.guerda.matekarte.dealers.Dealer,261,416,3
20d9940e0cd248022e85f935c89bbedc1cd157c3,de.guerda.matekarte.dealers.DealerDetailsDeserializer,162,1,13
20d9940e0cd248022e85f935c89bbedc1cd157c3,de.guerda.matekarte.dealers.DealersList,26,0,1
20d9940e0cd248022e85f935c89bbedc1cd157c3,de.guerda.matekarte.dealers.DealersListDeserializer,57,1,16
20d9940e0cd248022e85f935c89bbedc1cd157c3,de.guerda.matekarte.dealers.DrinkStatus,44,20,0
389125555e5dbf3ff4c53d7f711a077fa1e0f638,de.guerda.matekarte.common.request.DealerDetailsRequest,51,0,10
389125555e5dbf3ff4c53d7f711a077fa1e0f638,de.guerda.matekarte.common.request.DealersDownloadRequest,76,4,14
389125555e5dbf3ff4c53d7f711a077fa1e0f638,de.guerda.matekarte.common.request.DrinkStatusUpdateRequest,70,0,16
389125555e5dbf3ff4c53d7f711a077fa1e0f638,de.guerda.matekarte.common.request.MatekarteRequest,17,0,1
389125555e5dbf3ff4c53d7f711a077fa1e0f638,de.guerda.matekarte.common.SpicedActivity,34,0,3
389125555e5dbf3ff4c53d7f711a077fa1e0f638,de.guerda.matekarte.common.SpicedFragment,14,0,1
389125555e5dbf3ff4c53d7f711a077fa1e0f638,de.guerda.matekarte.dealers.Dealer,261,416,3
389125555e5dbf3ff4c53d7f711a077fa1e0f638,de.guerda.matekarte.dealers.DealerDetailsDeserializer,162,1,13
389125555e5dbf3ff4c53d7f711a077fa1e0f638,de.guerda.matekarte.dealers.DealersList,26,0,1
389125555e5dbf3ff4c53d7f711a077fa1e0f638,de.guerda.matekarte.dealers.DealersListDeserializer,57,1,16
389125555e5dbf3ff4c53d7f711a077fa1e0f638,de.guerda.matekarte.dealers.DrinkStatus,44,20,0
a9f676070805fde86c6c939be83a46b75efe1762,de.guerda.matekarte.common.request.DealerDetailsRequest,51,0,10
a9f676070805fde86c6c939be83a46b75efe1762,de.guerda.matekarte.common.request.DealersDownloadRequest,76,4,14
a9f676070805fde86c6c939be83a46b75efe1762,de.guerda.matekarte.common.request.DrinkStatusUpdateRequest,70,0,16
a9f676070805fde86c6c939be83a46b75efe1762,de.guerda.matekarte.common.request.MatekarteRequest,17,0,1
a9f676070805fde86c6c939be83a46b75efe1762,de.guerda.matekarte.common.SpicedActivity,34,0,3
a9f676070805fde86c6c939be83a46b75efe1762,de.guerda.matekarte.common.SpicedFragment,14,0,1
a9f676070805fde86c6c939be83a46b75efe1762,de.guerda.matekarte.dealers.Dealer,261,416,3
a9f676070805fde86c6c939be83a46b75efe1762,de.guerda.matekarte.dealers.DealerDetailsDeserializer,162,1,13
a9f676070805fde86c6c939be83a46b75efe1762,de.guerda.matekarte.dealers.DealersList,26,0,1
a9f676070805fde86c6c939be83a46b75efe1762,de.guerda.matekarte.dealers.DealersListDeserializer,57,1,16
a9f676070805fde86c6c939be83a46b75efe1762,de.guerda.matekarte.dealers.DrinkStatus,44,20,0
67da5d48f366b42b1ce2425303ff7a8cfcfaec36,de.guerda.matekarte.common.request.DealerDetailsRequest,51,0,10
67da5d48f366b42b1ce2425303ff7a8cfcfaec36,de.guerda.matekarte.common.request.DealersDownloadRequest,76,4,14
67da5d48f366b42b1ce2425303ff7a8cfcfaec36,de.guerda.matekarte.common.request.DrinkStatusUpdateRequest,70,0,16
67da5d48f366b42b1ce2425303ff7a8cfcfaec36,de.guerda.matekarte.common.request.MatekarteRequest,17,0,1
67da5d48f366b42b1ce2425303ff7a8cfcfaec36,de.guerda.matekarte.common.SpicedActivity,34,0,3
67da5d48f366b42b1ce2425303ff7a8cfcfaec36,de.guerda.matekarte.common.SpicedFragment,14,0,1
67da5d48f366b42b1ce2425303ff7a8cfcfaec36,de.guerda.matekarte.dealers.Dealer,261,416,3
67da5d48f366b42b1ce2425303ff7a8cfcfaec36,de.guerda.matekarte.dealers.DealerDetailsDeserializer,162,1,13
67da5d48f366b42b1ce2425303ff7a8cfcfaec36,de.guerda.matekarte.dealers.DealersList,26,0,1
67da5d48f366b42b1ce2425303ff7a8cfcfaec36,de.guerda.matekarte.dealers.DealersListDeserializer,57,1,16
67da5d48f366b42b1ce2425303ff7a8cfcfaec36,de.guerda.matekarte.dealers.DrinkStatus,44,20,0
154ded556c143b4f31b21b9a0c4d1fa2b4aa434e,de.guerda.matekarte.common.request.DealerDetailsRequest,51,0,10
154ded556c143b4f31b21b9a0c4d1fa2b4aa434e,de.guerda.matekarte.common.request.DealersDownloadRequest,76,4,14
154ded556c143b4f31b21b9a0c4d1fa2b4aa434e,de.guerda.matekarte.common.request.DrinkStatusUpdateRequest,70,0,16
154ded556c143b4f31b21b9a0c4d1fa2b4aa434e,de.guerda.matekarte.common.request.MatekarteRequest,17,0,1
154ded556c143b4f31b21b9a0c4d1fa2b4aa434e,de.guerda.matekarte.common.SpicedActivity,34,0,3
154ded556c143b4f31b21b9a0c4d1fa2b4aa434e,de.guerda.matekarte.common.SpicedFragment,14,0,1
154ded556c143b4f31b21b9a0c4d1fa2b4aa434e,de.guerda.matekarte.dealers.Dealer,261,416,3
154ded556c143b4f31b21b9a0c4d1fa2b4aa434e,de.guerda.matekarte.dealers.DealerDetailsDeserializer,162,1,13
154ded556c143b4f31b21b9a0c4d1fa2b4aa434e,de.guerda.matekarte.dealers.DealersList,26,0,1
154ded556c143b4f31b21b9a0c4d1fa2b4aa434e,de.guerda.matekarte.dealers.DealersListDeserializer,57,1,16
154ded556c143b4f31b21b9a0c4d1fa2b4aa434e,de.guerda.matekarte.dealers.DrinkStatus,44,20,0
65ed54eb90ef16d0a0f511baed87b6a0330fc801,de.guerda.matekarte.common.request.DealerDetailsRequest,51,0,10
65ed54eb90ef16d0a0f511baed87b6a0330fc801,de.guerda.matekarte.common.request.DealersDownloadRequest,76,4,14
65ed54eb90ef16d0a0f511baed87b6a0330fc801,de.guerda.matekarte.common.request.DrinkStatusUpdateRequest,70,0,16
65ed54eb90ef16d0a0f511baed87b6a0330fc801,de.guerda.matekarte.common.request.MatekarteRequest,17,0,1
65ed54eb90ef16d0a0f511baed87b6a0330fc801,de.guerda.matekarte.common.SpicedActivity,34,0,3
65ed54eb90ef16d0a0f511baed87b6a0330fc801,de.guerda.matekarte.common.SpicedFragment,14,0,1
65ed54eb90ef16d0a0f511baed87b6a0330fc801,de.guerda.matekarte.dealers.Dealer,261,416,3
65ed54eb90ef16d0a0f511baed87b6a0330fc801,de.guerda.matekarte.dealers.DealerDetailsDeserializer,162,1,13
65ed54eb90ef16d0a0f511baed87b6a0330fc801,de.guerda.matekarte.dealers.DealersList,26,0,1
65ed54eb90ef16d0a0f511baed87b6a0330fc801,de.guerda.matekarte.dealers.DealersListDeserializer,57,1,16
65ed54eb90ef16d0a0f511baed87b6a0330fc801,de.guerda.matekarte.dealers.DrinkStatus,44,20,0
61b53de14cf12408dbd038e23c97f3a6563bc25a,de.guerda.matekarte.common.request.DealerDetailsRequest,51,0,10
61b53de14cf12408dbd038e23c97f3a6563bc25a,de.guerda.matekarte.common.request.DealersDownloadRequest,76,4,14
61b53de14cf12408dbd038e23c97f3a6563bc25a,de.guerda.matekarte.common.request.DrinkStatusUpdateRequest,70,0,16
61b53de14cf12408dbd038e23c97f3a6563bc25a,de.guerda.matekarte.common.request.MatekarteRequest,17,0,1
61b53de14cf12408dbd038e23c97f3a6563bc25a,de.guerda.matekarte.common.SpicedActivity,34,0,3
61b53de14cf12408dbd038e23c97f3a6563bc25a,de.guerda.matekarte.common.SpicedFragment,14,0,1
61b53de14cf12408dbd038e23c97f3a6563bc25a,de.guerda.matekarte.dealers.Dealer,261,416,3
61b53de14cf12408dbd038e23c97f3a6563bc25a,de.guerda.matekarte.dealers.DealerDetailsDeserializer,162,1,13
61b53de14cf12408dbd038e23c97f3a6563bc25a,de.guerda.matekarte.dealers.DealersList,26,0,1
61b53de14cf12408dbd038e23c97f3a6563bc25a,de.guerda.matekarte.dealers.DealersListDeserializer,57,1,16
61b53de14cf12408dbd038e23c97f3a6563bc25a,de.guerda.matekarte.dealers.DrinkStatus,44,20,0
75b30310155808bc6b35a1d989e80dae16eec410,de.guerda.matekarte.common.request.DealerDetailsRequest,51,0,10
75b30310155808bc6b35a1d989e80dae16eec410,de.guerda.matekarte.common.request.DealersDownloadRequest,76,4,14
75b30310155808bc6b35a1d989e80dae16eec410,de.guerda.matekarte.common.request.DrinkStatusUpdateRequest,70,0,16
75b30310155808bc6b35a1d989e80dae16eec410,de.guerda.matekarte.common.request.MatekarteRequest,17,0,1
75b30310155808bc6b35a1d989e80dae16eec410,de.guerda.matekarte.common.SpicedActivity,34,0,3
75b30310155808bc6b35a1d989e80dae16eec410,de.guerda.matekarte.common.SpicedFragment,14,0,1
75b30310155808bc6b35a1d989e80dae16eec410,de.guerda.matekarte.dealers.Dealer,261,416,3
75b30310155808bc6b35a1d989e80dae16eec410,de.guerda.matekarte.dealers.DealerDetailsDeserializer,162,1,13
75b30310155808bc6b35a1d989e80dae16eec410,de.guerda.matekarte.dealers.DealersList,26,0,1
75b30310155808bc6b35a1d989e80dae16eec410,de.guerda.matekarte.dealers.DealersListDeserializer,57,1,16
75b30310155808bc6b35a1d989e80dae16eec410,de.guerda.matekarte.dealers.DrinkStatus,44,20,0
ab0f5aea737a362f563ac19583c3edbbb5f120c1,de.guerda.matekarte.common.request.DealerDetailsRequest,51,0,10
ab0f5aea737a362f563ac19583c3edbbb5f120c1,de.guerda.matekarte.common.request.DealersDownloadRequest,76,4,14
ab0f5aea737a362f563ac19583c3edbbb5f120c1,de.guerda.matekarte.common.request.DrinkStatusUpdateRequest,70,0,16
ab0f5aea737a362f563ac19583c3edbbb5f120c1,de.guerda.matekarte.common.request.MatekarteRequest,17,0,1
ab0f5aea737a362f563ac19583c3edbbb5f120c1,de.guerda.matekarte.common.SpicedActivity,34,0,3
ab0f5aea737a362f563ac19583c3edbbb5f120c1,de.guerda.matekarte.common.SpicedFragment,14,0,1
ab0f5aea737a362f563ac19583c3edbbb5f120c1,de.guerda.matekarte.dealers.Dealer,261,416,3
ab0f5aea737a362f563ac19583c3edbbb5f120c1,de.guerda.matekarte.dealers.DealerDetailsDeserializer,162,1,13
ab0f5aea737a362f563ac19583c3edbbb5f120c1,de.guerda.matekarte.dealers.DealersList,26,0,1
ab0f5aea737a362f563ac19583c3edbbb5f120c1,de.guerda.matekarte.dealers.DealersListDeserializer,57,1,16
ab0f5aea737a362f563ac19583c3edbbb5f120c1,de.guerda.matekarte.dealers.DrinkStatus,44,20,0
41f18b669731e6841a6005a17ffb7e98272d9bef,de.guerda.matekarte.common.request.DealerDetailsRequest,51,0,10
41f18b669731e6841a6005a17ffb7e98272d9bef,de.guerda.matekarte.common.request.DealersDownloadRequest,76,4,14
41f18b669731e6841a6005a17ffb7e98272d9bef,de.guerda.matekarte.common.request.DrinkStatusUpdateRequest,70,0,16
41f18b669731e6841a6005a17ffb7e98272d9bef,de.guerda.matekarte.common.request.MatekarteRequest,17,0,1
41f18b669731e6841a6005a17ffb7e98272d9bef,de.guerda.matekarte.common.SpicedActivity,34,0,3
41f18b669731e6841a6005a17ffb7e98272d9bef,de.guerda.matekarte.common.SpicedFragment,14,0,1
41f18b669731e6841a6005a17ffb7e98272d9bef,de.guerda.matekarte.dealers.Dealer,261,416,3
41f18b669731e6841a6005a17ffb7e98272d9bef,de.guerda.matekarte.dealers.DealerDetailsDeserializer,162,1,13
41f18b669731e6841a6005a17ffb7e98272d9bef,de.guerda.matekarte.dealers.DealersList,26,0,1
41f18b669731e6841a6005a17ffb7e98272d9bef,de.guerda.matekarte.dealers.DealersListDeserializer,57,1,16
41f18b669731e6841a6005a17ffb7e98272d9bef,de.guerda.matekarte.dealers.DrinkStatus,44,20,0
cb4b4da5232b04a0711c24a3aae5840383e9b457,de.guerda.matekarte.common.request.DealerDetailsRequest,51,0,10
cb4b4da5232b04a0711c24a3aae5840383e9b457,de.guerda.matekarte.common.request.DealersDownloadRequest,76,4,14
cb4b4da5232b04a0711c24a3aae5840383e9b457,de.guerda.matekarte.common.request.DrinkStatusUpdateRequest,70,0,16
cb4b4da5232b04a0711c24a3aae5840383e9b457,de.guerda.matekarte.common.request.MatekarteRequest,17,0,1
cb4b4da5232b04a0711c24a3aae5840383e9b457,de.guerda.matekarte.common.SpicedActivity,34,0,3
cb4b4da5232b04a0711c24a3aae5840383e9b457,de.guerda.matekarte.common.SpicedFragment,14,0,1
cb4b4da5232b04a0711c24a3aae5840383e9b457,de.guerda.matekarte.dealers.Dealer,261,416,3
cb4b4da5232b04a0711c24a3aae5840383e9b457,de.guerda.matekarte.dealers.DealerDetailsDeserializer,162,1,13
cb4b4da5232b04a0711c24a3aae5840383e9b457,de.guerda.matekarte.dealers.DealersList,26,0,1
cb4b4da5232b04a0711c24a3aae5840383e9b457,de.guerda.matekarte.dealers.DealersListDeserializer,57,1,16
cb4b4da5232b04a0711c24a3aae5840383e9b457,de.guerda.matekarte.dealers.DrinkStatus,44,20,0
7df5d0e2d4d271732869f070be1014b26c0743bb,de.guerda.matekarte.common.request.DealerDetailsRequest,51,0,10
7df5d0e2d4d271732869f070be1014b26c0743bb,de.guerda.matekarte.common.request.DealersDownloadRequest,76,4,14
7df5d0e2d4d271732869f070be1014b26c0743bb,de.guerda.matekarte.common.request.DrinkStatusUpdateRequest,70,0,16
7df5d0e2d4d271732869f070be1014b26c0743bb,de.guerda.matekarte.common.request.MatekarteRequest,17,0,1
7df5d0e2d4d271732869f070be1014b26c0743bb,de.guerda.matekarte.common.SpicedActivity,34,0,3
7df5d0e2d4d271732869f070be1014b26c0743bb,de.guerda.matekarte.common.SpicedFragment,14,0,1
7df5d0e2d4d271732869f070be1014b26c0743bb,de.guerda.matekarte.dealers.Dealer,261,416,3
7df5d0e2d4d271732869f070be1014b26c0743bb,de.guerda.matekarte.dealers.DealerDetailsDeserializer,162,1,13
7df5d0e2d4d271732869f070be1014b26c0743bb,de.guerda.matekarte.dealers.DealersList,26,0,1
7df5d0e2d4d271732869f070be1014b26c0743bb,de.guerda.matekarte.dealers.DealersListDeserializer,57,1,16
7df5d0e2d4d271732869f070be1014b26c0743bb,de.guerda.matekarte.dealers.DrinkStatus,44,20,0
ae2942ca0397bcddabe83f5c12cf65926bf635e6,de.guerda.matekarte.common.request.DealerDetailsRequest,51,0,10
ae2942ca0397bcddabe83f5c12cf65926bf635e6,de.guerda.matekarte.common.request.DealersDownloadRequest,76,4,14
ae2942ca0397bcddabe83f5c12cf65926bf635e6,de.guerda.matekarte.common.request.DrinkStatusUpdateRequest,70,0,16
ae2942ca0397bcddabe83f5c12cf65926bf635e6,de.guerda.matekarte.common.request.MatekarteRequest,17,0,1
ae2942ca0397bcddabe83f5c12cf65926bf635e6,de.guerda.matekarte.common.SpicedActivity,34,0,3
ae2942ca0397bcddabe83f5c12cf65926bf635e6,de.guerda.matekarte.common.SpicedFragment,14,0,1
ae2942ca0397bcddabe83f5c12cf65926bf635e6,de.guerda.matekarte.dealers.Dealer,261,416,3
ae2942ca0397bcddabe83f5c12cf65926bf635e6,de.guerda.matekarte.dealers.DealerDetailsDeserializer,162,1,13
ae2942ca0397bcddabe83f5c12cf65926bf635e6,de.guerda.matekarte.dealers.DealersList,26,0,1
ae2942ca0397bcddabe83f5c12cf65926bf635e6,de.guerda.matekarte.dealers.DealersListDeserializer,57,1,16
ae2942ca0397bcddabe83f5c12cf65926bf635e6,de.guerda.matekarte.dealers.DrinkStatus,44,20,0
9bb6df269bf1dc8260a55250ee3299e7f4cb7536,de.guerda.matekarte.common.request.DealerDetailsRequest,51,0,10
9bb6df269bf1dc8260a55250ee3299e7f4cb7536,de.guerda.matekarte.common.request.DealersDownloadRequest,76,4,14
9bb6df269bf1dc8260a55250ee3299e7f4cb7536,de.guerda.matekarte.common.request.DrinkStatusUpdateRequest,70,0,16
9bb6df269bf1dc8260a55250ee3299e7f4cb7536,de.guerda.matekarte.common.request.MatekarteRequest,17,0,1
9bb6df269bf1dc8260a55250ee3299e7f4cb7536,de.guerda.matekarte.common.SpicedActivity,34,0,3
9bb6df269bf1dc8260a55250ee3299e7f4cb7536,de.guerda.matekarte.common.SpicedFragment,14,0,1
9bb6df269bf1dc8260a55250ee3299e7f4cb7536,de.guerda.matekarte.dealers.Dealer,261,416,3
9bb6df269bf1dc8260a55250ee3299e7f4cb7536,de.guerda.matekarte.dealers.DealerDetailsDeserializer,162,1,13
9bb6df269bf1dc8260a55250ee3299e7f4cb7536,de.guerda.matekarte.dealers.DealersList,26,0,1
9bb6df269bf1dc8260a55250ee3299e7f4cb7536,de.guerda.matekarte.dealers.DealersListDeserializer,57,1,16
9bb6df269bf1dc8260a55250ee3299e7f4cb7536,de.guerda.matekarte.dealers.DrinkStatus,44,20,0
f40a3e63c2e507cd26f6b9eafe6cf9c1fa456375,de.guerda.matekarte.common.request.DealerDetailsRequest,51,0,10
f40a3e63c2e507cd26f6b9eafe6cf9c1fa456375,de.guerda.matekarte.common.request.DealersDownloadRequest,76,4,14
f40a3e63c2e507cd26f6b9eafe6cf9c1fa456375,de.guerda.matekarte.common.request.DrinkStatusUpdateRequest,70,0,16
f40a3e63c2e507cd26f6b9eafe6cf9c1fa456375,de.guerda.matekarte.common.request.MatekarteRequest,17,0,1
f40a3e63c2e507cd26f6b9eafe6cf9c1fa456375,de.guerda.matekarte.common.SpicedActivity,34,0,3
f40a3e63c2e507cd26f6b9eafe6cf9c1fa456375,de.guerda.matekarte.common.SpicedFragment,14,0,1
f40a3e63c2e507cd26f6b9eafe6cf9c1fa456375,de.guerda.matekarte.dealers.Dealer,261,416,3
f40a3e63c2e507cd26f6b9eafe6cf9c1fa456375,de.guerda.matekarte.dealers.DealerDetailsDeserializer,162,1,13
f40a3e63c2e507cd26f6b9eafe6cf9c1fa456375,de.guerda.matekarte.dealers.DealersList,26,0,1
f40a3e63c2e507cd26f6b9eafe6cf9c1fa456375,de.guerda.matekarte.dealers.DealersListDeserializer,57,1,16
f40a3e63c2e507cd26f6b9eafe6cf9c1fa456375,de.guerda.matekarte.dealers.DrinkStatus,44,20,0
985478313b182bc1c897d72c05708b2c472ba341,de.guerda.matekarte.common.request.DealerDetailsRequest,51,0,10
985478313b182bc1c897d72c05708b2c472ba341,de.guerda.matekarte.common.request.DealersDownloadRequest,76,4,14
985478313b182bc1c897d72c05708b2c472ba341,de.guerda.matekarte.common.request.DrinkStatusUpdateRequest,70,0,16
985478313b182bc1c897d72c05708b2c472ba341,de.guerda.matekarte.common.request.MatekarteRequest,17,0,1
985478313b182bc1c897d72c05708b2c472ba341,de.guerda.matekarte.common.SpicedActivity,34,0,3
985478313b182bc1c897d72c05708b2c472ba341,de.guerda.matekarte.common.SpicedFragment,14,0,1
985478313b182bc1c897d72c05708b2c472ba341,de.guerda.matekarte.dealers.Dealer,261,416,3
985478313b182bc1c897d72c05708b2c472ba341,de.guerda.matekarte.dealers.DealerDetailsDeserializer,162,1,13
985478313b182bc1c897d72c05708b2c472ba341,de.guerda.matekarte.dealers.DealersList,26,0,1
985478313b182bc1c897d72c05708b2c472ba341,de.guerda.matekarte.dealers.DealersListDeserializer,57,1,16
985478313b182bc1c897d72c05708b2c472ba341,de.guerda.matekarte.dealers.DrinkStatus,44,20,0
3b316f451abd25423147c22018e9c87f857419a1,de.guerda.matekarte.common.request.DealerDetailsRequest,51,0,10
3b316f451abd25423147c22018e9c87f857419a1,de.guerda.matekarte.common.request.DealersDownloadRequest,76,4,14
3b316f451abd25423147c22018e9c87f857419a1,de.guerda.matekarte.common.request.DrinkStatusUpdateRequest,70,0,16
3b316f451abd25423147c22018e9c87f857419a1,de.guerda.matekarte.common.request.MatekarteRequest,17,0,1
3b316f451abd25423147c22018e9c87f857419a1,de.guerda.matekarte.common.SpicedActivity,34,0,3
3b316f451abd25423147c22018e9c87f857419a1,de.guerda.matekarte.common.SpicedFragment,14,0,1
3b316f451abd25423147c22018e9c87f857419a1,de.guerda.matekarte.dealers.Dealer,261,416,3
3b316f451abd25423147c22018e9c87f857419a1,de.guerda.matekarte.dealers.DealerDetailsDeserializer,162,1,13
3b316f451abd25423147c22018e9c87f857419a1,de.guerda.matekarte.dealers.DealersList,26,0,1
3b316f451abd25423147c22018e9c87f857419a1,de.guerda.matekarte.dealers.DealersListDeserializer,57,1,16
3b316f451abd25423147c22018e9c87f857419a1,de.guerda.matekarte.dealers.DrinkStatus,44,20,0
3746c3a498a84f90533f9a4e84d56027cb911322,de.guerda.matekarte.common.request.DealerDetailsRequest,51,0,10
3746c3a498a84f90533f9a4e84d56027cb911322,de.guerda.matekarte.common.request.DealersDownloadRequest,76,4,14
3746c3a498a84f90533f9a4e84d56027cb911322,de.guerda.matekarte.common.request.DrinkStatusUpdateRequest,70,0,16
3746c3a498a84f90533f9a4e84d56027cb911322,de.guerda.matekarte.common.request.MatekarteRequest,17,0,1
3746c3a498a84f90533f9a4e84d56027cb911322,de.guerda.matekarte.common.SpicedActivity,34,0,3
3746c3a498a84f90533f9a4e84d56027cb911322,de.guerda.matekarte.common.SpicedFragment,14,0,1
3746c3a498a84f90533f9a4e84d56027cb911322,de.guerda.matekarte.dealers.Dealer,261,416,3
3746c3a498a84f90533f9a4e84d56027cb911322,de.guerda.matekarte.dealers.DealerDetailsDeserializer,162,1,13
3746c3a498a84f90533f9a4e84d56027cb911322,de.guerda.matekarte.dealers.DealersList,26,0,1
3746c3a498a84f90533f9a4e84d56027cb911322,de.guerda.matekarte.dealers.DealersListDeserializer,57,1,16
3746c3a498a84f90533f9a4e84d56027cb911322,de.guerda.matekarte.dealers.DrinkStatus,44,20,0
6501820cff9b89441da04a02c57c151f9e381e03,de.guerda.matekarte.common.request.DealerDetailsRequest,51,0,10
6501820cff9b89441da04a02c57c151f9e381e03,de.guerda.matekarte.common.request.DealersDownloadRequest,76,4,14
6501820cff9b89441da04a02c57c151f9e381e03,de.guerda.matekarte.common.request.DrinkStatusUpdateRequest,70,0,16
6501820cff9b89441da04a02c57c151f9e381e03,de.guerda.matekarte.common.request.MatekarteRequest,17,0,1
6501820cff9b89441da04a02c57c151f9e381e03,de.guerda.matekarte.common.SpicedActivity,34,0,3
6501820cff9b89441da04a02c57c151f9e381e03,de.guerda.matekarte.common.SpicedFragment,14,0,1
6501820cff9b89441da04a02c57c151f9e381e03,de.guerda.matekarte.dealers.Dealer,261,416,3
6501820cff9b89441da04a02c57c151f9e381e03,de.guerda.matekarte.dealers.DealerDetailsDeserializer,162,1,13
6501820cff9b89441da04a02c57c151f9e381e03,de.guerda.matekarte.dealers.DealersList,26,0,1
6501820cff9b89441da04a02c57c151f9e381e03,de.guerda.matekarte.dealers.DealersListDeserializer,57,1,16
6501820cff9b89441da04a02c57c151f9e381e03,de.guerda.matekarte.dealers.DrinkStatus,44,20,0
81973ef32e0b5e5b51bfda1c343e00baed1dc43c,de.guerda.matekarte.common.request.DealerDetailsRequest,51,0,10
81973ef32e0b5e5b51bfda1c343e00baed1dc43c,de.guerda.matekarte.common.request.DealersDownloadRequest,76,4,14
81973ef32e0b5e5b51bfda1c343e00baed1dc43c,de.guerda.matekarte.common.request.DrinkStatusUpdateRequest,70,0,16
81973ef32e0b5e5b51bfda1c343e00baed1dc43c,de.guerda.matekarte.common.request.MatekarteRequest,17,0,1
81973ef32e0b5e5b51bfda1c343e00baed1dc43c,de.guerda.matekarte.common.SpicedActivity,34,0,3
81973ef32e0b5e5b51bfda1c343e00baed1dc43c,de.guerda.matekarte.common.SpicedFragment,14,0,1
81973ef32e0b5e5b51bfda1c343e00baed1dc43c,de.guerda.matekarte.dealers.Dealer,261,416,3
81973ef32e0b5e5b51bfda1c343e00baed1dc43c,de.guerda.matekarte.dealers.DealerDetailsDeserializer,162,1,13
81973ef32e0b5e5b51bfda1c343e00baed1dc43c,de.guerda.matekarte.dealers.DealersList,26,0,1
81973ef32e0b5e5b51bfda1c343e00baed1dc43c,de.guerda.matekarte.dealers.DealersListDeserializer,57,1,16
81973ef32e0b5e5b51bfda1c343e00baed1dc43c,de.guerda.matekarte.dealers.DrinkStatus,44,20,0
75678b826a7e6f90768005ed7b3b06c3cda27e80,de.guerda.matekarte.common.request.DealerDetailsRequest,51,0,10
75678b826a7e6f90768005ed7b3b06c3cda27e80,de.guerda.matekarte.common.request.DealersDownloadRequest,76,4,14
75678b826a7e6f90768005ed7b3b06c3cda27e80,de.guerda.matekarte.common.request.DrinkStatusUpdateRequest,70,0,16
75678b826a7e6f90768005ed7b3b06c3cda27e80,de.guerda.matekarte.common.request.MatekarteRequest,17,0,1
75678b826a7e6f90768005ed7b3b06c3cda27e80,de.guerda.matekarte.common.SpicedActivity,34,0,3
75678b826a7e6f90768005ed7b3b06c3cda27e80,de.guerda.matekarte.common.SpicedFragment,14,0,1
75678b826a7e6f90768005ed7b3b06c3cda27e80,de.guerda.matekarte.dealers.Dealer,261,416,3
75678b826a7e6f90768005ed7b3b06c3cda27e80,de.guerda.matekarte.dealers.DealerDetailsDeserializer,162,1,13
75678b826a7e6f90768005ed7b3b06c3cda27e80,de.guerda.matekarte.dealers.DealersList,26,0,1
75678b826a7e6f90768005ed7b3b06c3cda27e80,de.guerda.matekarte.dealers.DealersListDeserializer,57,1,16
75678b826a7e6f90768005ed7b3b06c3cda27e80,de.guerda.matekarte.dealers.DrinkStatus,44,20,0
