d480a96a9d83a375f0294e4875134ced606307d4,com.nicue.onetwo.ExampleInstrumentedTest,26,0,6
d480a96a9d83a375f0294e4875134ced606307d4,com.nicue.onetwo.adapters.DiceListAdapter,213,4,14
d480a96a9d83a375f0294e4875134ced606307d4,com.nicue.onetwo.adapters.ListAdapter,132,4,12
d480a96a9d83a375f0294e4875134ced606307d4,com.nicue.onetwo.db.TaskContract,18,0,1
d480a96a9d83a375f0294e4875134ced606307d4,com.nicue.onetwo.db.TaskDbHelper,35,3,3
d480a96a9d83a375f0294e4875134ced606307d4,com.nicue.onetwo.fragments.ChooserFragment,27,0,8
d480a96a9d83a375f0294e4875134ced606307d4,com.nicue.onetwo.fragments.CounterFragment,216,15,25
d480a96a9d83a375f0294e4875134ced606307d4,com.nicue.onetwo.fragments.DiceFragment,283,0,24
d480a96a9d83a375f0294e4875134ced606307d4,com.nicue.onetwo.fragments.StartFragment,30,0,7
d480a96a9d83a375f0294e4875134ced606307d4,com.nicue.onetwo.fragments.TimerFragment,317,90,21
d480a96a9d83a375f0294e4875134ced606307d4,com.nicue.onetwo.MainActivity,400,123,24
d480a96a9d83a375f0294e4875134ced606307d4,com.nicue.onetwo.Utils.Pools,149,0,0
d480a96a9d83a375f0294e4875134ced606307d4,com.nicue.onetwo.Utils.ScrollAwareFABBehavior,46,6,8
d480a96a9d83a375f0294e4875134ced606307d4,com.nicue.onetwo.Utils.TimerBackend,199,0,10
d480a96a9d83a375f0294e4875134ced606307d4,com.nicue.onetwo.Utils.TouchDisplayView,424,40,19
d480a96a9d83a375f0294e4875134ced606307d4,com.nicue.onetwo.ExampleUnitTest,17,0,2
293678ef5409e4814621d06c7fe3cc6e6b1928b7,com.nicue.onetwo.ExampleInstrumentedTest,26,0,6
293678ef5409e4814621d06c7fe3cc6e6b1928b7,com.nicue.onetwo.adapters.DiceListAdapter,213,4,14
293678ef5409e4814621d06c7fe3cc6e6b1928b7,com.nicue.onetwo.adapters.ListAdapter,132,4,12
293678ef5409e4814621d06c7fe3cc6e6b1928b7,com.nicue.onetwo.db.TaskContract,18,0,1
293678ef5409e4814621d06c7fe3cc6e6b1928b7,com.nicue.onetwo.db.TaskDbHelper,35,3,3
293678ef5409e4814621d06c7fe3cc6e6b1928b7,com.nicue.onetwo.fragments.ChooserFragment,27,0,8
293678ef5409e4814621d06c7fe3cc6e6b1928b7,com.nicue.onetwo.fragments.CounterFragment,216,15,25
293678ef5409e4814621d06c7fe3cc6e6b1928b7,com.nicue.onetwo.fragments.DiceFragment,283,0,24
293678ef5409e4814621d06c7fe3cc6e6b1928b7,com.nicue.onetwo.fragments.StartFragment,30,0,7
293678ef5409e4814621d06c7fe3cc6e6b1928b7,com.nicue.onetwo.fragments.TimerFragment,317,90,21
293678ef5409e4814621d06c7fe3cc6e6b1928b7,com.nicue.onetwo.MainActivity,400,123,24
293678ef5409e4814621d06c7fe3cc6e6b1928b7,com.nicue.onetwo.Utils.Pools,149,0,0
293678ef5409e4814621d06c7fe3cc6e6b1928b7,com.nicue.onetwo.Utils.ScrollAwareFABBehavior,46,6,8
293678ef5409e4814621d06c7fe3cc6e6b1928b7,com.nicue.onetwo.Utils.TimerBackend,199,0,10
293678ef5409e4814621d06c7fe3cc6e6b1928b7,com.nicue.onetwo.Utils.TouchDisplayView,424,40,19
293678ef5409e4814621d06c7fe3cc6e6b1928b7,com.nicue.onetwo.ExampleUnitTest,17,0,2
5e079cf44184eeffc8ff4674786776806b0de252,com.nicue.onetwo.ExampleInstrumentedTest,26,0,6
5e079cf44184eeffc8ff4674786776806b0de252,com.nicue.onetwo.adapters.DiceListAdapter,213,4,14
5e079cf44184eeffc8ff4674786776806b0de252,com.nicue.onetwo.adapters.ListAdapter,132,4,12
5e079cf44184eeffc8ff4674786776806b0de252,com.nicue.onetwo.db.TaskContract,18,0,1
5e079cf44184eeffc8ff4674786776806b0de252,com.nicue.onetwo.db.TaskDbHelper,35,3,3
5e079cf44184eeffc8ff4674786776806b0de252,com.nicue.onetwo.fragments.ChooserFragment,27,0,8
5e079cf44184eeffc8ff4674786776806b0de252,com.nicue.onetwo.fragments.CounterFragment,216,15,25
5e079cf44184eeffc8ff4674786776806b0de252,com.nicue.onetwo.fragments.DiceFragment,283,0,24
5e079cf44184eeffc8ff4674786776806b0de252,com.nicue.onetwo.fragments.StartFragment,30,0,7
5e079cf44184eeffc8ff4674786776806b0de252,com.nicue.onetwo.fragments.TimerFragment,317,90,21
5e079cf44184eeffc8ff4674786776806b0de252,com.nicue.onetwo.MainActivity,400,123,24
5e079cf44184eeffc8ff4674786776806b0de252,com.nicue.onetwo.Utils.Pools,149,0,0
5e079cf44184eeffc8ff4674786776806b0de252,com.nicue.onetwo.Utils.ScrollAwareFABBehavior,46,6,8
5e079cf44184eeffc8ff4674786776806b0de252,com.nicue.onetwo.Utils.TimerBackend,199,0,10
5e079cf44184eeffc8ff4674786776806b0de252,com.nicue.onetwo.Utils.TouchDisplayView,424,40,19
5e079cf44184eeffc8ff4674786776806b0de252,com.nicue.onetwo.ExampleUnitTest,17,0,2
63e4d742a11d012ae89a9b0a6e59abc9b6f4d21f,com.nicue.onetwo.ExampleInstrumentedTest,26,0,6
63e4d742a11d012ae89a9b0a6e59abc9b6f4d21f,com.nicue.onetwo.adapters.DiceListAdapter,213,4,14
63e4d742a11d012ae89a9b0a6e59abc9b6f4d21f,com.nicue.onetwo.adapters.ListAdapter,132,4,12
63e4d742a11d012ae89a9b0a6e59abc9b6f4d21f,com.nicue.onetwo.db.TaskContract,18,0,1
63e4d742a11d012ae89a9b0a6e59abc9b6f4d21f,com.nicue.onetwo.db.TaskDbHelper,35,3,3
63e4d742a11d012ae89a9b0a6e59abc9b6f4d21f,com.nicue.onetwo.fragments.ChooserFragment,27,0,8
63e4d742a11d012ae89a9b0a6e59abc9b6f4d21f,com.nicue.onetwo.fragments.CounterFragment,216,15,25
63e4d742a11d012ae89a9b0a6e59abc9b6f4d21f,com.nicue.onetwo.fragments.DiceFragment,283,0,24
63e4d742a11d012ae89a9b0a6e59abc9b6f4d21f,com.nicue.onetwo.fragments.StartFragment,30,0,7
63e4d742a11d012ae89a9b0a6e59abc9b6f4d21f,com.nicue.onetwo.fragments.TimerFragment,317,90,21
63e4d742a11d012ae89a9b0a6e59abc9b6f4d21f,com.nicue.onetwo.MainActivity,400,123,24
63e4d742a11d012ae89a9b0a6e59abc9b6f4d21f,com.nicue.onetwo.Utils.Pools,149,0,0
63e4d742a11d012ae89a9b0a6e59abc9b6f4d21f,com.nicue.onetwo.Utils.ScrollAwareFABBehavior,46,6,8
63e4d742a11d012ae89a9b0a6e59abc9b6f4d21f,com.nicue.onetwo.Utils.TimerBackend,199,0,10
63e4d742a11d012ae89a9b0a6e59abc9b6f4d21f,com.nicue.onetwo.Utils.TouchDisplayView,424,40,19
63e4d742a11d012ae89a9b0a6e59abc9b6f4d21f,com.nicue.onetwo.ExampleUnitTest,17,0,2
b040f6471b5294921c37c99e9a58bbf89927ea52,com.nicue.onetwo.ExampleInstrumentedTest,26,0,6
b040f6471b5294921c37c99e9a58bbf89927ea52,com.nicue.onetwo.adapters.DiceListAdapter,213,4,14
b040f6471b5294921c37c99e9a58bbf89927ea52,com.nicue.onetwo.adapters.ListAdapter,132,4,12
b040f6471b5294921c37c99e9a58bbf89927ea52,com.nicue.onetwo.db.TaskContract,18,0,1
b040f6471b5294921c37c99e9a58bbf89927ea52,com.nicue.onetwo.db.TaskDbHelper,35,3,3
b040f6471b5294921c37c99e9a58bbf89927ea52,com.nicue.onetwo.fragments.ChooserFragment,27,0,8
b040f6471b5294921c37c99e9a58bbf89927ea52,com.nicue.onetwo.fragments.CounterFragment,216,15,25
b040f6471b5294921c37c99e9a58bbf89927ea52,com.nicue.onetwo.fragments.DiceFragment,283,0,24
b040f6471b5294921c37c99e9a58bbf89927ea52,com.nicue.onetwo.fragments.StartFragment,30,0,7
b040f6471b5294921c37c99e9a58bbf89927ea52,com.nicue.onetwo.fragments.TimerFragment,317,90,21
b040f6471b5294921c37c99e9a58bbf89927ea52,com.nicue.onetwo.MainActivity,400,123,24
b040f6471b5294921c37c99e9a58bbf89927ea52,com.nicue.onetwo.Utils.Pools,149,0,0
b040f6471b5294921c37c99e9a58bbf89927ea52,com.nicue.onetwo.Utils.ScrollAwareFABBehavior,46,6,8
b040f6471b5294921c37c99e9a58bbf89927ea52,com.nicue.onetwo.Utils.TimerBackend,199,0,10
b040f6471b5294921c37c99e9a58bbf89927ea52,com.nicue.onetwo.Utils.TouchDisplayView,424,40,19
b040f6471b5294921c37c99e9a58bbf89927ea52,com.nicue.onetwo.ExampleUnitTest,17,0,2
de5ef71b0eed139f3a218005b81a29c385ec24c2,com.nicue.onetwo.ExampleInstrumentedTest,26,0,6
de5ef71b0eed139f3a218005b81a29c385ec24c2,com.nicue.onetwo.adapters.DiceListAdapter,213,4,14
de5ef71b0eed139f3a218005b81a29c385ec24c2,com.nicue.onetwo.adapters.ListAdapter,132,4,12
de5ef71b0eed139f3a218005b81a29c385ec24c2,com.nicue.onetwo.db.TaskContract,18,0,1
de5ef71b0eed139f3a218005b81a29c385ec24c2,com.nicue.onetwo.db.TaskDbHelper,35,3,3
de5ef71b0eed139f3a218005b81a29c385ec24c2,com.nicue.onetwo.fragments.ChooserFragment,27,0,8
de5ef71b0eed139f3a218005b81a29c385ec24c2,com.nicue.onetwo.fragments.CounterFragment,216,15,25
de5ef71b0eed139f3a218005b81a29c385ec24c2,com.nicue.onetwo.fragments.DiceFragment,283,0,24
de5ef71b0eed139f3a218005b81a29c385ec24c2,com.nicue.onetwo.fragments.StartFragment,30,0,7
de5ef71b0eed139f3a218005b81a29c385ec24c2,com.nicue.onetwo.fragments.TimerFragment,317,90,21
de5ef71b0eed139f3a218005b81a29c385ec24c2,com.nicue.onetwo.MainActivity,400,123,24
de5ef71b0eed139f3a218005b81a29c385ec24c2,com.nicue.onetwo.Utils.Pools,149,0,0
de5ef71b0eed139f3a218005b81a29c385ec24c2,com.nicue.onetwo.Utils.ScrollAwareFABBehavior,46,6,8
de5ef71b0eed139f3a218005b81a29c385ec24c2,com.nicue.onetwo.Utils.TimerBackend,199,0,10
de5ef71b0eed139f3a218005b81a29c385ec24c2,com.nicue.onetwo.Utils.TouchDisplayView,424,40,19
de5ef71b0eed139f3a218005b81a29c385ec24c2,com.nicue.onetwo.ExampleUnitTest,17,0,2
41edc6965b1c6b8e16194650a8fcc16d33c19354,com.nicue.onetwo.ExampleInstrumentedTest,26,0,6
41edc6965b1c6b8e16194650a8fcc16d33c19354,com.nicue.onetwo.adapters.DiceListAdapter,213,4,14
41edc6965b1c6b8e16194650a8fcc16d33c19354,com.nicue.onetwo.adapters.ListAdapter,132,4,12
41edc6965b1c6b8e16194650a8fcc16d33c19354,com.nicue.onetwo.db.TaskContract,18,0,1
41edc6965b1c6b8e16194650a8fcc16d33c19354,com.nicue.onetwo.db.TaskDbHelper,35,3,3
41edc6965b1c6b8e16194650a8fcc16d33c19354,com.nicue.onetwo.fragments.ChooserFragment,27,0,8
41edc6965b1c6b8e16194650a8fcc16d33c19354,com.nicue.onetwo.fragments.CounterFragment,216,15,25
41edc6965b1c6b8e16194650a8fcc16d33c19354,com.nicue.onetwo.fragments.DiceFragment,283,0,24
41edc6965b1c6b8e16194650a8fcc16d33c19354,com.nicue.onetwo.fragments.StartFragment,30,0,7
41edc6965b1c6b8e16194650a8fcc16d33c19354,com.nicue.onetwo.fragments.TimerFragment,317,90,21
41edc6965b1c6b8e16194650a8fcc16d33c19354,com.nicue.onetwo.MainActivity,400,123,24
41edc6965b1c6b8e16194650a8fcc16d33c19354,com.nicue.onetwo.Utils.Pools,149,0,0
41edc6965b1c6b8e16194650a8fcc16d33c19354,com.nicue.onetwo.Utils.ScrollAwareFABBehavior,46,6,8
41edc6965b1c6b8e16194650a8fcc16d33c19354,com.nicue.onetwo.Utils.TimerBackend,199,0,10
41edc6965b1c6b8e16194650a8fcc16d33c19354,com.nicue.onetwo.Utils.TouchDisplayView,424,40,19
41edc6965b1c6b8e16194650a8fcc16d33c19354,com.nicue.onetwo.ExampleUnitTest,17,0,2
72134566149dce164cb91992c10fdc2b93415675,com.nicue.onetwo.ExampleInstrumentedTest,26,0,6
72134566149dce164cb91992c10fdc2b93415675,com.nicue.onetwo.adapters.DiceListAdapter,213,4,14
72134566149dce164cb91992c10fdc2b93415675,com.nicue.onetwo.adapters.ListAdapter,132,4,12
72134566149dce164cb91992c10fdc2b93415675,com.nicue.onetwo.db.TaskContract,18,0,1
72134566149dce164cb91992c10fdc2b93415675,com.nicue.onetwo.db.TaskDbHelper,35,3,3
72134566149dce164cb91992c10fdc2b93415675,com.nicue.onetwo.fragments.ChooserFragment,27,0,8
72134566149dce164cb91992c10fdc2b93415675,com.nicue.onetwo.fragments.CounterFragment,216,15,25
72134566149dce164cb91992c10fdc2b93415675,com.nicue.onetwo.fragments.DiceFragment,283,0,24
72134566149dce164cb91992c10fdc2b93415675,com.nicue.onetwo.fragments.StartFragment,30,0,7
72134566149dce164cb91992c10fdc2b93415675,com.nicue.onetwo.fragments.TimerFragment,317,90,21
72134566149dce164cb91992c10fdc2b93415675,com.nicue.onetwo.MainActivity,400,123,24
72134566149dce164cb91992c10fdc2b93415675,com.nicue.onetwo.Utils.Pools,149,0,0
72134566149dce164cb91992c10fdc2b93415675,com.nicue.onetwo.Utils.ScrollAwareFABBehavior,46,6,8
72134566149dce164cb91992c10fdc2b93415675,com.nicue.onetwo.Utils.TimerBackend,199,0,10
72134566149dce164cb91992c10fdc2b93415675,com.nicue.onetwo.Utils.TouchDisplayView,424,40,19
72134566149dce164cb91992c10fdc2b93415675,com.nicue.onetwo.ExampleUnitTest,17,0,2
1a5960eba54677ab43c67ad28aa79d4b8850078f,com.nicue.onetwo.ExampleInstrumentedTest,26,0,6
1a5960eba54677ab43c67ad28aa79d4b8850078f,com.nicue.onetwo.adapters.DiceListAdapter,213,4,14
1a5960eba54677ab43c67ad28aa79d4b8850078f,com.nicue.onetwo.adapters.ListAdapter,132,4,12
1a5960eba54677ab43c67ad28aa79d4b8850078f,com.nicue.onetwo.db.TaskContract,18,0,1
1a5960eba54677ab43c67ad28aa79d4b8850078f,com.nicue.onetwo.db.TaskDbHelper,35,3,3
1a5960eba54677ab43c67ad28aa79d4b8850078f,com.nicue.onetwo.fragments.ChooserFragment,27,0,8
1a5960eba54677ab43c67ad28aa79d4b8850078f,com.nicue.onetwo.fragments.CounterFragment,216,15,25
1a5960eba54677ab43c67ad28aa79d4b8850078f,com.nicue.onetwo.fragments.DiceFragment,283,0,24
1a5960eba54677ab43c67ad28aa79d4b8850078f,com.nicue.onetwo.fragments.StartFragment,30,0,7
1a5960eba54677ab43c67ad28aa79d4b8850078f,com.nicue.onetwo.fragments.TimerFragment,317,90,21
1a5960eba54677ab43c67ad28aa79d4b8850078f,com.nicue.onetwo.MainActivity,400,123,24
1a5960eba54677ab43c67ad28aa79d4b8850078f,com.nicue.onetwo.Utils.Pools,149,0,0
1a5960eba54677ab43c67ad28aa79d4b8850078f,com.nicue.onetwo.Utils.ScrollAwareFABBehavior,46,6,8
1a5960eba54677ab43c67ad28aa79d4b8850078f,com.nicue.onetwo.Utils.TimerBackend,199,0,10
1a5960eba54677ab43c67ad28aa79d4b8850078f,com.nicue.onetwo.Utils.TouchDisplayView,424,40,19
1a5960eba54677ab43c67ad28aa79d4b8850078f,com.nicue.onetwo.ExampleUnitTest,17,0,2
5d12752005098396010c8c4ffff14ec877e63f95,com.nicue.onetwo.ExampleInstrumentedTest,26,0,6
5d12752005098396010c8c4ffff14ec877e63f95,com.nicue.onetwo.adapters.DiceListAdapter,213,4,14
5d12752005098396010c8c4ffff14ec877e63f95,com.nicue.onetwo.adapters.ListAdapter,132,4,12
5d12752005098396010c8c4ffff14ec877e63f95,com.nicue.onetwo.db.TaskContract,18,0,1
5d12752005098396010c8c4ffff14ec877e63f95,com.nicue.onetwo.db.TaskDbHelper,35,3,3
5d12752005098396010c8c4ffff14ec877e63f95,com.nicue.onetwo.fragments.ChooserFragment,27,0,8
5d12752005098396010c8c4ffff14ec877e63f95,com.nicue.onetwo.fragments.CounterFragment,216,15,25
5d12752005098396010c8c4ffff14ec877e63f95,com.nicue.onetwo.fragments.DiceFragment,283,0,24
5d12752005098396010c8c4ffff14ec877e63f95,com.nicue.onetwo.fragments.StartFragment,30,0,7
5d12752005098396010c8c4ffff14ec877e63f95,com.nicue.onetwo.fragments.TimerFragment,317,90,21
5d12752005098396010c8c4ffff14ec877e63f95,com.nicue.onetwo.MainActivity,400,123,24
5d12752005098396010c8c4ffff14ec877e63f95,com.nicue.onetwo.Utils.Pools,149,0,0
5d12752005098396010c8c4ffff14ec877e63f95,com.nicue.onetwo.Utils.ScrollAwareFABBehavior,46,6,8
5d12752005098396010c8c4ffff14ec877e63f95,com.nicue.onetwo.Utils.TimerBackend,199,0,10
5d12752005098396010c8c4ffff14ec877e63f95,com.nicue.onetwo.Utils.TouchDisplayView,424,40,19
5d12752005098396010c8c4ffff14ec877e63f95,com.nicue.onetwo.ExampleUnitTest,17,0,2
aa39810e57c8b5f98432c22a645b6c90963ce922,com.nicue.onetwo.ExampleInstrumentedTest,26,0,6
aa39810e57c8b5f98432c22a645b6c90963ce922,com.nicue.onetwo.adapters.DiceListAdapter,213,4,14
aa39810e57c8b5f98432c22a645b6c90963ce922,com.nicue.onetwo.adapters.ListAdapter,132,4,12
aa39810e57c8b5f98432c22a645b6c90963ce922,com.nicue.onetwo.db.TaskContract,18,0,1
aa39810e57c8b5f98432c22a645b6c90963ce922,com.nicue.onetwo.db.TaskDbHelper,35,3,3
aa39810e57c8b5f98432c22a645b6c90963ce922,com.nicue.onetwo.fragments.ChooserFragment,27,0,8
aa39810e57c8b5f98432c22a645b6c90963ce922,com.nicue.onetwo.fragments.CounterFragment,216,15,25
aa39810e57c8b5f98432c22a645b6c90963ce922,com.nicue.onetwo.fragments.DiceFragment,283,0,24
aa39810e57c8b5f98432c22a645b6c90963ce922,com.nicue.onetwo.fragments.StartFragment,30,0,7
aa39810e57c8b5f98432c22a645b6c90963ce922,com.nicue.onetwo.fragments.TimerFragment,317,90,21
aa39810e57c8b5f98432c22a645b6c90963ce922,com.nicue.onetwo.MainActivity,400,123,24
aa39810e57c8b5f98432c22a645b6c90963ce922,com.nicue.onetwo.Utils.Pools,149,0,0
aa39810e57c8b5f98432c22a645b6c90963ce922,com.nicue.onetwo.Utils.ScrollAwareFABBehavior,46,6,8
aa39810e57c8b5f98432c22a645b6c90963ce922,com.nicue.onetwo.Utils.TimerBackend,199,0,10
aa39810e57c8b5f98432c22a645b6c90963ce922,com.nicue.onetwo.Utils.TouchDisplayView,424,40,19
aa39810e57c8b5f98432c22a645b6c90963ce922,com.nicue.onetwo.ExampleUnitTest,17,0,2
b899c614e176c730b0dd82d50b02b279a5d58eeb,com.nicue.onetwo.ExampleInstrumentedTest,26,0,6
b899c614e176c730b0dd82d50b02b279a5d58eeb,com.nicue.onetwo.adapters.DiceListAdapter,213,4,14
b899c614e176c730b0dd82d50b02b279a5d58eeb,com.nicue.onetwo.adapters.ListAdapter,132,4,12
b899c614e176c730b0dd82d50b02b279a5d58eeb,com.nicue.onetwo.db.TaskContract,18,0,1
b899c614e176c730b0dd82d50b02b279a5d58eeb,com.nicue.onetwo.db.TaskDbHelper,35,3,3
b899c614e176c730b0dd82d50b02b279a5d58eeb,com.nicue.onetwo.fragments.ChooserFragment,27,0,8
b899c614e176c730b0dd82d50b02b279a5d58eeb,com.nicue.onetwo.fragments.CounterFragment,216,15,25
b899c614e176c730b0dd82d50b02b279a5d58eeb,com.nicue.onetwo.fragments.DiceFragment,283,0,24
b899c614e176c730b0dd82d50b02b279a5d58eeb,com.nicue.onetwo.fragments.StartFragment,30,0,7
b899c614e176c730b0dd82d50b02b279a5d58eeb,com.nicue.onetwo.fragments.TimerFragment,317,90,21
b899c614e176c730b0dd82d50b02b279a5d58eeb,com.nicue.onetwo.MainActivity,400,123,24
b899c614e176c730b0dd82d50b02b279a5d58eeb,com.nicue.onetwo.Utils.Pools,149,0,0
b899c614e176c730b0dd82d50b02b279a5d58eeb,com.nicue.onetwo.Utils.ScrollAwareFABBehavior,46,6,8
b899c614e176c730b0dd82d50b02b279a5d58eeb,com.nicue.onetwo.Utils.TimerBackend,199,0,10
b899c614e176c730b0dd82d50b02b279a5d58eeb,com.nicue.onetwo.Utils.TouchDisplayView,424,40,19
b899c614e176c730b0dd82d50b02b279a5d58eeb,com.nicue.onetwo.ExampleUnitTest,17,0,2
54aa1681c2ff9452aa8491631f1ae9c50aaea79c,com.nicue.onetwo.ExampleInstrumentedTest,26,0,6
54aa1681c2ff9452aa8491631f1ae9c50aaea79c,com.nicue.onetwo.adapters.DiceListAdapter,213,4,14
54aa1681c2ff9452aa8491631f1ae9c50aaea79c,com.nicue.onetwo.adapters.ListAdapter,132,4,12
54aa1681c2ff9452aa8491631f1ae9c50aaea79c,com.nicue.onetwo.db.TaskContract,18,0,1
54aa1681c2ff9452aa8491631f1ae9c50aaea79c,com.nicue.onetwo.db.TaskDbHelper,35,3,3
54aa1681c2ff9452aa8491631f1ae9c50aaea79c,com.nicue.onetwo.fragments.ChooserFragment,27,0,8
54aa1681c2ff9452aa8491631f1ae9c50aaea79c,com.nicue.onetwo.fragments.CounterFragment,216,15,25
54aa1681c2ff9452aa8491631f1ae9c50aaea79c,com.nicue.onetwo.fragments.DiceFragment,283,0,24
54aa1681c2ff9452aa8491631f1ae9c50aaea79c,com.nicue.onetwo.fragments.StartFragment,30,0,7
54aa1681c2ff9452aa8491631f1ae9c50aaea79c,com.nicue.onetwo.fragments.TimerFragment,317,90,21
54aa1681c2ff9452aa8491631f1ae9c50aaea79c,com.nicue.onetwo.MainActivity,400,123,24
54aa1681c2ff9452aa8491631f1ae9c50aaea79c,com.nicue.onetwo.Utils.Pools,149,0,0
54aa1681c2ff9452aa8491631f1ae9c50aaea79c,com.nicue.onetwo.Utils.ScrollAwareFABBehavior,46,6,8
54aa1681c2ff9452aa8491631f1ae9c50aaea79c,com.nicue.onetwo.Utils.TimerBackend,199,0,10
54aa1681c2ff9452aa8491631f1ae9c50aaea79c,com.nicue.onetwo.Utils.TouchDisplayView,424,40,19
54aa1681c2ff9452aa8491631f1ae9c50aaea79c,com.nicue.onetwo.ExampleUnitTest,17,0,2
1b62a49a26185ed7846e14981e920d60fb864952,com.nicue.onetwo.ExampleInstrumentedTest,26,0,6
1b62a49a26185ed7846e14981e920d60fb864952,com.nicue.onetwo.adapters.DiceListAdapter,213,4,14
1b62a49a26185ed7846e14981e920d60fb864952,com.nicue.onetwo.adapters.ListAdapter,132,4,12
1b62a49a26185ed7846e14981e920d60fb864952,com.nicue.onetwo.db.TaskContract,18,0,1
1b62a49a26185ed7846e14981e920d60fb864952,com.nicue.onetwo.db.TaskDbHelper,35,3,3
1b62a49a26185ed7846e14981e920d60fb864952,com.nicue.onetwo.fragments.ChooserFragment,27,0,8
1b62a49a26185ed7846e14981e920d60fb864952,com.nicue.onetwo.fragments.CounterFragment,216,15,25
1b62a49a26185ed7846e14981e920d60fb864952,com.nicue.onetwo.fragments.DiceFragment,283,0,24
1b62a49a26185ed7846e14981e920d60fb864952,com.nicue.onetwo.fragments.StartFragment,30,0,7
1b62a49a26185ed7846e14981e920d60fb864952,com.nicue.onetwo.fragments.TimerFragment,317,90,21
1b62a49a26185ed7846e14981e920d60fb864952,com.nicue.onetwo.MainActivity,400,123,24
1b62a49a26185ed7846e14981e920d60fb864952,com.nicue.onetwo.Utils.Pools,149,0,0
1b62a49a26185ed7846e14981e920d60fb864952,com.nicue.onetwo.Utils.ScrollAwareFABBehavior,46,6,8
1b62a49a26185ed7846e14981e920d60fb864952,com.nicue.onetwo.Utils.TimerBackend,199,0,10
1b62a49a26185ed7846e14981e920d60fb864952,com.nicue.onetwo.Utils.TouchDisplayView,424,40,19
1b62a49a26185ed7846e14981e920d60fb864952,com.nicue.onetwo.ExampleUnitTest,17,0,2
202efd42ae6b4287c27caadc1e8d02ef6a6548aa,com.nicue.onetwo.ExampleInstrumentedTest,26,0,6
202efd42ae6b4287c27caadc1e8d02ef6a6548aa,com.nicue.onetwo.adapters.DiceListAdapter,213,4,14
202efd42ae6b4287c27caadc1e8d02ef6a6548aa,com.nicue.onetwo.adapters.ListAdapter,132,4,12
202efd42ae6b4287c27caadc1e8d02ef6a6548aa,com.nicue.onetwo.db.TaskContract,18,0,1
202efd42ae6b4287c27caadc1e8d02ef6a6548aa,com.nicue.onetwo.db.TaskDbHelper,35,3,3
202efd42ae6b4287c27caadc1e8d02ef6a6548aa,com.nicue.onetwo.fragments.ChooserFragment,27,0,8
202efd42ae6b4287c27caadc1e8d02ef6a6548aa,com.nicue.onetwo.fragments.CounterFragment,216,15,25
202efd42ae6b4287c27caadc1e8d02ef6a6548aa,com.nicue.onetwo.fragments.DiceFragment,283,0,24
202efd42ae6b4287c27caadc1e8d02ef6a6548aa,com.nicue.onetwo.fragments.StartFragment,30,0,7
202efd42ae6b4287c27caadc1e8d02ef6a6548aa,com.nicue.onetwo.fragments.TimerFragment,317,90,21
202efd42ae6b4287c27caadc1e8d02ef6a6548aa,com.nicue.onetwo.MainActivity,400,123,24
202efd42ae6b4287c27caadc1e8d02ef6a6548aa,com.nicue.onetwo.Utils.Pools,149,0,0
202efd42ae6b4287c27caadc1e8d02ef6a6548aa,com.nicue.onetwo.Utils.ScrollAwareFABBehavior,46,6,8
202efd42ae6b4287c27caadc1e8d02ef6a6548aa,com.nicue.onetwo.Utils.TimerBackend,199,0,10
202efd42ae6b4287c27caadc1e8d02ef6a6548aa,com.nicue.onetwo.Utils.TouchDisplayView,424,40,19
202efd42ae6b4287c27caadc1e8d02ef6a6548aa,com.nicue.onetwo.ExampleUnitTest,17,0,2
91f162045e610fea1153fdd39220001aa8e91b07,com.nicue.onetwo.ExampleInstrumentedTest,26,0,6
91f162045e610fea1153fdd39220001aa8e91b07,com.nicue.onetwo.adapters.DiceListAdapter,213,4,14
91f162045e610fea1153fdd39220001aa8e91b07,com.nicue.onetwo.adapters.ListAdapter,132,4,12
91f162045e610fea1153fdd39220001aa8e91b07,com.nicue.onetwo.db.TaskContract,18,0,1
91f162045e610fea1153fdd39220001aa8e91b07,com.nicue.onetwo.db.TaskDbHelper,35,3,3
91f162045e610fea1153fdd39220001aa8e91b07,com.nicue.onetwo.fragments.ChooserFragment,27,0,8
91f162045e610fea1153fdd39220001aa8e91b07,com.nicue.onetwo.fragments.CounterFragment,216,15,25
91f162045e610fea1153fdd39220001aa8e91b07,com.nicue.onetwo.fragments.DiceFragment,283,0,24
91f162045e610fea1153fdd39220001aa8e91b07,com.nicue.onetwo.fragments.StartFragment,30,0,7
91f162045e610fea1153fdd39220001aa8e91b07,com.nicue.onetwo.fragments.TimerFragment,317,90,21
91f162045e610fea1153fdd39220001aa8e91b07,com.nicue.onetwo.MainActivity,400,123,24
91f162045e610fea1153fdd39220001aa8e91b07,com.nicue.onetwo.Utils.Pools,149,0,0
91f162045e610fea1153fdd39220001aa8e91b07,com.nicue.onetwo.Utils.ScrollAwareFABBehavior,46,6,8
91f162045e610fea1153fdd39220001aa8e91b07,com.nicue.onetwo.Utils.TimerBackend,199,0,10
91f162045e610fea1153fdd39220001aa8e91b07,com.nicue.onetwo.Utils.TouchDisplayView,424,40,19
91f162045e610fea1153fdd39220001aa8e91b07,com.nicue.onetwo.ExampleUnitTest,17,0,2
51f26adece59e0f2db437e565835c675ce29bf71,com.nicue.onetwo.ExampleInstrumentedTest,26,0,6
51f26adece59e0f2db437e565835c675ce29bf71,com.nicue.onetwo.adapters.DiceListAdapter,213,4,14
51f26adece59e0f2db437e565835c675ce29bf71,com.nicue.onetwo.adapters.ListAdapter,132,4,12
51f26adece59e0f2db437e565835c675ce29bf71,com.nicue.onetwo.db.TaskContract,18,0,1
51f26adece59e0f2db437e565835c675ce29bf71,com.nicue.onetwo.db.TaskDbHelper,35,3,3
51f26adece59e0f2db437e565835c675ce29bf71,com.nicue.onetwo.fragments.ChooserFragment,27,0,8
51f26adece59e0f2db437e565835c675ce29bf71,com.nicue.onetwo.fragments.CounterFragment,216,15,25
51f26adece59e0f2db437e565835c675ce29bf71,com.nicue.onetwo.fragments.DiceFragment,283,0,24
51f26adece59e0f2db437e565835c675ce29bf71,com.nicue.onetwo.fragments.StartFragment,30,0,7
51f26adece59e0f2db437e565835c675ce29bf71,com.nicue.onetwo.fragments.TimerFragment,317,90,21
51f26adece59e0f2db437e565835c675ce29bf71,com.nicue.onetwo.MainActivity,400,123,24
51f26adece59e0f2db437e565835c675ce29bf71,com.nicue.onetwo.Utils.Pools,149,0,0
51f26adece59e0f2db437e565835c675ce29bf71,com.nicue.onetwo.Utils.ScrollAwareFABBehavior,46,6,8
51f26adece59e0f2db437e565835c675ce29bf71,com.nicue.onetwo.Utils.TimerBackend,199,0,10
51f26adece59e0f2db437e565835c675ce29bf71,com.nicue.onetwo.Utils.TouchDisplayView,424,40,19
51f26adece59e0f2db437e565835c675ce29bf71,com.nicue.onetwo.ExampleUnitTest,17,0,2
d7843a451918b755ac53e495a685b50f535cae5e,com.nicue.onetwo.ExampleInstrumentedTest,26,0,6
d7843a451918b755ac53e495a685b50f535cae5e,com.nicue.onetwo.adapters.DiceListAdapter,213,4,14
d7843a451918b755ac53e495a685b50f535cae5e,com.nicue.onetwo.adapters.ListAdapter,132,4,12
d7843a451918b755ac53e495a685b50f535cae5e,com.nicue.onetwo.db.TaskContract,18,0,1
d7843a451918b755ac53e495a685b50f535cae5e,com.nicue.onetwo.db.TaskDbHelper,35,3,3
d7843a451918b755ac53e495a685b50f535cae5e,com.nicue.onetwo.fragments.ChooserFragment,27,0,8
d7843a451918b755ac53e495a685b50f535cae5e,com.nicue.onetwo.fragments.CounterFragment,216,15,25
d7843a451918b755ac53e495a685b50f535cae5e,com.nicue.onetwo.fragments.DiceFragment,283,0,24
d7843a451918b755ac53e495a685b50f535cae5e,com.nicue.onetwo.fragments.StartFragment,30,0,7
d7843a451918b755ac53e495a685b50f535cae5e,com.nicue.onetwo.fragments.TimerFragment,317,90,21
d7843a451918b755ac53e495a685b50f535cae5e,com.nicue.onetwo.MainActivity,400,123,24
d7843a451918b755ac53e495a685b50f535cae5e,com.nicue.onetwo.Utils.Pools,149,0,0
d7843a451918b755ac53e495a685b50f535cae5e,com.nicue.onetwo.Utils.ScrollAwareFABBehavior,46,6,8
d7843a451918b755ac53e495a685b50f535cae5e,com.nicue.onetwo.Utils.TimerBackend,199,0,10
d7843a451918b755ac53e495a685b50f535cae5e,com.nicue.onetwo.Utils.TouchDisplayView,424,40,19
d7843a451918b755ac53e495a685b50f535cae5e,com.nicue.onetwo.ExampleUnitTest,17,0,2
0ece27f28883b4dbea637be8725c98c578b6dfaf,com.nicue.onetwo.ExampleInstrumentedTest,26,0,6
0ece27f28883b4dbea637be8725c98c578b6dfaf,com.nicue.onetwo.adapters.DiceListAdapter,213,4,14
0ece27f28883b4dbea637be8725c98c578b6dfaf,com.nicue.onetwo.adapters.ListAdapter,132,4,12
0ece27f28883b4dbea637be8725c98c578b6dfaf,com.nicue.onetwo.db.TaskContract,18,0,1
0ece27f28883b4dbea637be8725c98c578b6dfaf,com.nicue.onetwo.db.TaskDbHelper,35,3,3
0ece27f28883b4dbea637be8725c98c578b6dfaf,com.nicue.onetwo.fragments.ChooserFragment,27,0,8
0ece27f28883b4dbea637be8725c98c578b6dfaf,com.nicue.onetwo.fragments.CounterFragment,216,15,25
0ece27f28883b4dbea637be8725c98c578b6dfaf,com.nicue.onetwo.fragments.DiceFragment,283,0,24
0ece27f28883b4dbea637be8725c98c578b6dfaf,com.nicue.onetwo.fragments.StartFragment,30,0,7
0ece27f28883b4dbea637be8725c98c578b6dfaf,com.nicue.onetwo.fragments.TimerFragment,317,90,21
0ece27f28883b4dbea637be8725c98c578b6dfaf,com.nicue.onetwo.MainActivity,400,123,24
0ece27f28883b4dbea637be8725c98c578b6dfaf,com.nicue.onetwo.Utils.Pools,149,0,0
0ece27f28883b4dbea637be8725c98c578b6dfaf,com.nicue.onetwo.Utils.ScrollAwareFABBehavior,46,6,8
0ece27f28883b4dbea637be8725c98c578b6dfaf,com.nicue.onetwo.Utils.TimerBackend,199,0,10
0ece27f28883b4dbea637be8725c98c578b6dfaf,com.nicue.onetwo.Utils.TouchDisplayView,424,40,19
0ece27f28883b4dbea637be8725c98c578b6dfaf,com.nicue.onetwo.ExampleUnitTest,17,0,2
37ac96f22b1889fb9374ccd313e4e367fef312f3,com.nicue.onetwo.ExampleInstrumentedTest,26,0,6
37ac96f22b1889fb9374ccd313e4e367fef312f3,com.nicue.onetwo.adapters.DiceListAdapter,213,4,14
37ac96f22b1889fb9374ccd313e4e367fef312f3,com.nicue.onetwo.adapters.ListAdapter,132,4,12
37ac96f22b1889fb9374ccd313e4e367fef312f3,com.nicue.onetwo.db.TaskContract,18,0,1
37ac96f22b1889fb9374ccd313e4e367fef312f3,com.nicue.onetwo.db.TaskDbHelper,35,3,3
37ac96f22b1889fb9374ccd313e4e367fef312f3,com.nicue.onetwo.fragments.ChooserFragment,27,0,8
37ac96f22b1889fb9374ccd313e4e367fef312f3,com.nicue.onetwo.fragments.CounterFragment,216,15,25
37ac96f22b1889fb9374ccd313e4e367fef312f3,com.nicue.onetwo.fragments.DiceFragment,283,0,24
37ac96f22b1889fb9374ccd313e4e367fef312f3,com.nicue.onetwo.fragments.StartFragment,30,0,7
37ac96f22b1889fb9374ccd313e4e367fef312f3,com.nicue.onetwo.fragments.TimerFragment,317,90,21
37ac96f22b1889fb9374ccd313e4e367fef312f3,com.nicue.onetwo.MainActivity,400,123,24
37ac96f22b1889fb9374ccd313e4e367fef312f3,com.nicue.onetwo.Utils.Pools,149,0,0
37ac96f22b1889fb9374ccd313e4e367fef312f3,com.nicue.onetwo.Utils.ScrollAwareFABBehavior,46,6,8
37ac96f22b1889fb9374ccd313e4e367fef312f3,com.nicue.onetwo.Utils.TimerBackend,199,0,10
37ac96f22b1889fb9374ccd313e4e367fef312f3,com.nicue.onetwo.Utils.TouchDisplayView,424,40,19
37ac96f22b1889fb9374ccd313e4e367fef312f3,com.nicue.onetwo.ExampleUnitTest,17,0,2
cb87ed335324eb50cb2fb586c2024f010f785dbf,com.nicue.onetwo.ExampleInstrumentedTest,26,0,6
cb87ed335324eb50cb2fb586c2024f010f785dbf,com.nicue.onetwo.adapters.DiceListAdapter,213,4,14
cb87ed335324eb50cb2fb586c2024f010f785dbf,com.nicue.onetwo.adapters.ListAdapter,132,4,12
cb87ed335324eb50cb2fb586c2024f010f785dbf,com.nicue.onetwo.db.TaskContract,18,0,1
cb87ed335324eb50cb2fb586c2024f010f785dbf,com.nicue.onetwo.db.TaskDbHelper,35,3,3
cb87ed335324eb50cb2fb586c2024f010f785dbf,com.nicue.onetwo.fragments.ChooserFragment,27,0,8
cb87ed335324eb50cb2fb586c2024f010f785dbf,com.nicue.onetwo.fragments.CounterFragment,216,15,25
cb87ed335324eb50cb2fb586c2024f010f785dbf,com.nicue.onetwo.fragments.DiceFragment,283,0,24
cb87ed335324eb50cb2fb586c2024f010f785dbf,com.nicue.onetwo.fragments.StartFragment,30,0,7
cb87ed335324eb50cb2fb586c2024f010f785dbf,com.nicue.onetwo.fragments.TimerFragment,317,90,21
cb87ed335324eb50cb2fb586c2024f010f785dbf,com.nicue.onetwo.MainActivity,400,123,24
cb87ed335324eb50cb2fb586c2024f010f785dbf,com.nicue.onetwo.Utils.Pools,149,0,0
cb87ed335324eb50cb2fb586c2024f010f785dbf,com.nicue.onetwo.Utils.ScrollAwareFABBehavior,46,6,8
cb87ed335324eb50cb2fb586c2024f010f785dbf,com.nicue.onetwo.Utils.TimerBackend,199,0,10
cb87ed335324eb50cb2fb586c2024f010f785dbf,com.nicue.onetwo.Utils.TouchDisplayView,424,40,19
cb87ed335324eb50cb2fb586c2024f010f785dbf,com.nicue.onetwo.ExampleUnitTest,17,0,2
0227bff25c924f698c08a2aaf2a2183873a73986,com.nicue.onetwo.ExampleInstrumentedTest,26,0,6
0227bff25c924f698c08a2aaf2a2183873a73986,com.nicue.onetwo.adapters.DiceListAdapter,213,4,14
0227bff25c924f698c08a2aaf2a2183873a73986,com.nicue.onetwo.adapters.ListAdapter,132,4,12
0227bff25c924f698c08a2aaf2a2183873a73986,com.nicue.onetwo.db.TaskContract,18,0,1
0227bff25c924f698c08a2aaf2a2183873a73986,com.nicue.onetwo.db.TaskDbHelper,35,3,3
0227bff25c924f698c08a2aaf2a2183873a73986,com.nicue.onetwo.fragments.ChooserFragment,27,0,8
0227bff25c924f698c08a2aaf2a2183873a73986,com.nicue.onetwo.fragments.CounterFragment,216,15,25
0227bff25c924f698c08a2aaf2a2183873a73986,com.nicue.onetwo.fragments.DiceFragment,283,0,24
0227bff25c924f698c08a2aaf2a2183873a73986,com.nicue.onetwo.fragments.StartFragment,30,0,7
0227bff25c924f698c08a2aaf2a2183873a73986,com.nicue.onetwo.fragments.TimerFragment,317,90,21
0227bff25c924f698c08a2aaf2a2183873a73986,com.nicue.onetwo.MainActivity,400,123,24
0227bff25c924f698c08a2aaf2a2183873a73986,com.nicue.onetwo.Utils.Pools,149,0,0
0227bff25c924f698c08a2aaf2a2183873a73986,com.nicue.onetwo.Utils.ScrollAwareFABBehavior,46,6,8
0227bff25c924f698c08a2aaf2a2183873a73986,com.nicue.onetwo.Utils.TimerBackend,199,0,10
0227bff25c924f698c08a2aaf2a2183873a73986,com.nicue.onetwo.Utils.TouchDisplayView,424,40,19
0227bff25c924f698c08a2aaf2a2183873a73986,com.nicue.onetwo.ExampleUnitTest,17,0,2
76ab8c5c62d4f1d4a9545cfac1a92704c4e396fe,com.nicue.onetwo.ExampleInstrumentedTest,26,0,6
76ab8c5c62d4f1d4a9545cfac1a92704c4e396fe,com.nicue.onetwo.adapters.DiceListAdapter,213,4,14
76ab8c5c62d4f1d4a9545cfac1a92704c4e396fe,com.nicue.onetwo.adapters.ListAdapter,132,4,12
76ab8c5c62d4f1d4a9545cfac1a92704c4e396fe,com.nicue.onetwo.db.TaskContract,18,0,1
76ab8c5c62d4f1d4a9545cfac1a92704c4e396fe,com.nicue.onetwo.db.TaskDbHelper,35,3,3
76ab8c5c62d4f1d4a9545cfac1a92704c4e396fe,com.nicue.onetwo.fragments.ChooserFragment,27,0,8
76ab8c5c62d4f1d4a9545cfac1a92704c4e396fe,com.nicue.onetwo.fragments.CounterFragment,216,15,25
76ab8c5c62d4f1d4a9545cfac1a92704c4e396fe,com.nicue.onetwo.fragments.DiceFragment,283,0,24
76ab8c5c62d4f1d4a9545cfac1a92704c4e396fe,com.nicue.onetwo.fragments.StartFragment,30,0,7
76ab8c5c62d4f1d4a9545cfac1a92704c4e396fe,com.nicue.onetwo.fragments.TimerFragment,317,90,21
76ab8c5c62d4f1d4a9545cfac1a92704c4e396fe,com.nicue.onetwo.MainActivity,400,123,24
76ab8c5c62d4f1d4a9545cfac1a92704c4e396fe,com.nicue.onetwo.Utils.Pools,149,0,0
76ab8c5c62d4f1d4a9545cfac1a92704c4e396fe,com.nicue.onetwo.Utils.ScrollAwareFABBehavior,46,6,8
76ab8c5c62d4f1d4a9545cfac1a92704c4e396fe,com.nicue.onetwo.Utils.TimerBackend,199,0,10
76ab8c5c62d4f1d4a9545cfac1a92704c4e396fe,com.nicue.onetwo.Utils.TouchDisplayView,424,40,19
76ab8c5c62d4f1d4a9545cfac1a92704c4e396fe,com.nicue.onetwo.ExampleUnitTest,17,0,2
92433f975560bf9e3b1486a7857d42c97582f41f,com.nicue.onetwo.ExampleInstrumentedTest,26,0,6
92433f975560bf9e3b1486a7857d42c97582f41f,com.nicue.onetwo.adapters.DiceListAdapter,213,4,14
92433f975560bf9e3b1486a7857d42c97582f41f,com.nicue.onetwo.adapters.ListAdapter,132,4,12
92433f975560bf9e3b1486a7857d42c97582f41f,com.nicue.onetwo.db.TaskContract,18,0,1
92433f975560bf9e3b1486a7857d42c97582f41f,com.nicue.onetwo.db.TaskDbHelper,35,3,3
92433f975560bf9e3b1486a7857d42c97582f41f,com.nicue.onetwo.fragments.ChooserFragment,27,0,8
92433f975560bf9e3b1486a7857d42c97582f41f,com.nicue.onetwo.fragments.CounterFragment,216,15,25
92433f975560bf9e3b1486a7857d42c97582f41f,com.nicue.onetwo.fragments.DiceFragment,283,0,24
92433f975560bf9e3b1486a7857d42c97582f41f,com.nicue.onetwo.fragments.StartFragment,30,0,7
92433f975560bf9e3b1486a7857d42c97582f41f,com.nicue.onetwo.fragments.TimerFragment,317,90,21
92433f975560bf9e3b1486a7857d42c97582f41f,com.nicue.onetwo.MainActivity,400,123,24
92433f975560bf9e3b1486a7857d42c97582f41f,com.nicue.onetwo.Utils.Pools,149,0,0
92433f975560bf9e3b1486a7857d42c97582f41f,com.nicue.onetwo.Utils.ScrollAwareFABBehavior,46,6,8
92433f975560bf9e3b1486a7857d42c97582f41f,com.nicue.onetwo.Utils.TimerBackend,199,0,10
92433f975560bf9e3b1486a7857d42c97582f41f,com.nicue.onetwo.Utils.TouchDisplayView,424,40,19
92433f975560bf9e3b1486a7857d42c97582f41f,com.nicue.onetwo.ExampleUnitTest,17,0,2
fd3c3aeef6b8b30f68959e030e044c0d8ad354e0,com.nicue.onetwo.ExampleInstrumentedTest,26,0,6
fd3c3aeef6b8b30f68959e030e044c0d8ad354e0,com.nicue.onetwo.adapters.DiceListAdapter,213,4,14
fd3c3aeef6b8b30f68959e030e044c0d8ad354e0,com.nicue.onetwo.adapters.ListAdapter,132,4,12
fd3c3aeef6b8b30f68959e030e044c0d8ad354e0,com.nicue.onetwo.db.TaskContract,18,0,1
fd3c3aeef6b8b30f68959e030e044c0d8ad354e0,com.nicue.onetwo.db.TaskDbHelper,35,3,3
fd3c3aeef6b8b30f68959e030e044c0d8ad354e0,com.nicue.onetwo.fragments.ChooserFragment,27,0,8
fd3c3aeef6b8b30f68959e030e044c0d8ad354e0,com.nicue.onetwo.fragments.CounterFragment,216,15,25
fd3c3aeef6b8b30f68959e030e044c0d8ad354e0,com.nicue.onetwo.fragments.DiceFragment,283,0,24
fd3c3aeef6b8b30f68959e030e044c0d8ad354e0,com.nicue.onetwo.fragments.StartFragment,30,0,7
fd3c3aeef6b8b30f68959e030e044c0d8ad354e0,com.nicue.onetwo.fragments.TimerFragment,317,90,21
fd3c3aeef6b8b30f68959e030e044c0d8ad354e0,com.nicue.onetwo.MainActivity,400,123,24
fd3c3aeef6b8b30f68959e030e044c0d8ad354e0,com.nicue.onetwo.Utils.Pools,149,0,0
fd3c3aeef6b8b30f68959e030e044c0d8ad354e0,com.nicue.onetwo.Utils.ScrollAwareFABBehavior,46,6,8
fd3c3aeef6b8b30f68959e030e044c0d8ad354e0,com.nicue.onetwo.Utils.TimerBackend,199,0,10
fd3c3aeef6b8b30f68959e030e044c0d8ad354e0,com.nicue.onetwo.Utils.TouchDisplayView,424,40,19
fd3c3aeef6b8b30f68959e030e044c0d8ad354e0,com.nicue.onetwo.ExampleUnitTest,17,0,2
50ff6118a0540c50a8b962f1b904829f7257e95f,com.nicue.onetwo.ExampleInstrumentedTest,26,0,6
50ff6118a0540c50a8b962f1b904829f7257e95f,com.nicue.onetwo.adapters.DiceListAdapter,213,4,14
50ff6118a0540c50a8b962f1b904829f7257e95f,com.nicue.onetwo.adapters.ListAdapter,132,4,12
50ff6118a0540c50a8b962f1b904829f7257e95f,com.nicue.onetwo.db.TaskContract,18,0,1
50ff6118a0540c50a8b962f1b904829f7257e95f,com.nicue.onetwo.db.TaskDbHelper,35,3,3
50ff6118a0540c50a8b962f1b904829f7257e95f,com.nicue.onetwo.fragments.ChooserFragment,27,0,8
50ff6118a0540c50a8b962f1b904829f7257e95f,com.nicue.onetwo.fragments.CounterFragment,216,15,25
50ff6118a0540c50a8b962f1b904829f7257e95f,com.nicue.onetwo.fragments.DiceFragment,283,0,24
50ff6118a0540c50a8b962f1b904829f7257e95f,com.nicue.onetwo.fragments.StartFragment,30,0,7
50ff6118a0540c50a8b962f1b904829f7257e95f,com.nicue.onetwo.fragments.TimerFragment,317,90,21
50ff6118a0540c50a8b962f1b904829f7257e95f,com.nicue.onetwo.MainActivity,400,123,24
50ff6118a0540c50a8b962f1b904829f7257e95f,com.nicue.onetwo.Utils.Pools,149,0,0
50ff6118a0540c50a8b962f1b904829f7257e95f,com.nicue.onetwo.Utils.ScrollAwareFABBehavior,46,6,8
50ff6118a0540c50a8b962f1b904829f7257e95f,com.nicue.onetwo.Utils.TimerBackend,199,0,10
50ff6118a0540c50a8b962f1b904829f7257e95f,com.nicue.onetwo.Utils.TouchDisplayView,424,40,19
50ff6118a0540c50a8b962f1b904829f7257e95f,com.nicue.onetwo.ExampleUnitTest,17,0,2
89cc664248d0ac046138e95af422d352300118a5,com.nicue.onetwo.ExampleInstrumentedTest,26,0,6
89cc664248d0ac046138e95af422d352300118a5,com.nicue.onetwo.adapters.DiceListAdapter,213,4,14
89cc664248d0ac046138e95af422d352300118a5,com.nicue.onetwo.adapters.ListAdapter,132,4,12
89cc664248d0ac046138e95af422d352300118a5,com.nicue.onetwo.db.TaskContract,18,0,1
89cc664248d0ac046138e95af422d352300118a5,com.nicue.onetwo.db.TaskDbHelper,35,3,3
89cc664248d0ac046138e95af422d352300118a5,com.nicue.onetwo.fragments.ChooserFragment,27,0,8
89cc664248d0ac046138e95af422d352300118a5,com.nicue.onetwo.fragments.CounterFragment,216,15,25
89cc664248d0ac046138e95af422d352300118a5,com.nicue.onetwo.fragments.DiceFragment,283,0,24
89cc664248d0ac046138e95af422d352300118a5,com.nicue.onetwo.fragments.StartFragment,30,0,7
89cc664248d0ac046138e95af422d352300118a5,com.nicue.onetwo.fragments.TimerFragment,317,90,21
89cc664248d0ac046138e95af422d352300118a5,com.nicue.onetwo.MainActivity,400,123,24
89cc664248d0ac046138e95af422d352300118a5,com.nicue.onetwo.Utils.Pools,149,0,0
89cc664248d0ac046138e95af422d352300118a5,com.nicue.onetwo.Utils.ScrollAwareFABBehavior,46,6,8
89cc664248d0ac046138e95af422d352300118a5,com.nicue.onetwo.Utils.TimerBackend,199,0,10
89cc664248d0ac046138e95af422d352300118a5,com.nicue.onetwo.Utils.TouchDisplayView,424,40,19
89cc664248d0ac046138e95af422d352300118a5,com.nicue.onetwo.ExampleUnitTest,17,0,2
83451db0ae478a524afd1ef368dffbdde3a72f8d,com.nicue.onetwo.ExampleInstrumentedTest,26,0,6
83451db0ae478a524afd1ef368dffbdde3a72f8d,com.nicue.onetwo.adapters.DiceListAdapter,213,4,14
83451db0ae478a524afd1ef368dffbdde3a72f8d,com.nicue.onetwo.adapters.ListAdapter,132,4,12
83451db0ae478a524afd1ef368dffbdde3a72f8d,com.nicue.onetwo.db.TaskContract,18,0,1
83451db0ae478a524afd1ef368dffbdde3a72f8d,com.nicue.onetwo.db.TaskDbHelper,35,3,3
83451db0ae478a524afd1ef368dffbdde3a72f8d,com.nicue.onetwo.fragments.ChooserFragment,27,0,8
83451db0ae478a524afd1ef368dffbdde3a72f8d,com.nicue.onetwo.fragments.CounterFragment,216,15,25
83451db0ae478a524afd1ef368dffbdde3a72f8d,com.nicue.onetwo.fragments.DiceFragment,283,0,24
83451db0ae478a524afd1ef368dffbdde3a72f8d,com.nicue.onetwo.fragments.StartFragment,30,0,7
83451db0ae478a524afd1ef368dffbdde3a72f8d,com.nicue.onetwo.fragments.TimerFragment,317,90,21
83451db0ae478a524afd1ef368dffbdde3a72f8d,com.nicue.onetwo.MainActivity,400,123,24
83451db0ae478a524afd1ef368dffbdde3a72f8d,com.nicue.onetwo.Utils.Pools,149,0,0
83451db0ae478a524afd1ef368dffbdde3a72f8d,com.nicue.onetwo.Utils.ScrollAwareFABBehavior,46,6,8
83451db0ae478a524afd1ef368dffbdde3a72f8d,com.nicue.onetwo.Utils.TimerBackend,199,0,10
83451db0ae478a524afd1ef368dffbdde3a72f8d,com.nicue.onetwo.Utils.TouchDisplayView,424,40,19
83451db0ae478a524afd1ef368dffbdde3a72f8d,com.nicue.onetwo.ExampleUnitTest,17,0,2
f6b2384adf3b12baefb5ecb8b0e3b62b60ed7fa4,com.nicue.onetwo.ExampleInstrumentedTest,26,0,6
f6b2384adf3b12baefb5ecb8b0e3b62b60ed7fa4,com.nicue.onetwo.adapters.DiceListAdapter,213,4,14
f6b2384adf3b12baefb5ecb8b0e3b62b60ed7fa4,com.nicue.onetwo.adapters.ListAdapter,132,4,12
f6b2384adf3b12baefb5ecb8b0e3b62b60ed7fa4,com.nicue.onetwo.db.TaskContract,18,0,1
f6b2384adf3b12baefb5ecb8b0e3b62b60ed7fa4,com.nicue.onetwo.db.TaskDbHelper,35,3,3
f6b2384adf3b12baefb5ecb8b0e3b62b60ed7fa4,com.nicue.onetwo.fragments.ChooserFragment,27,0,8
f6b2384adf3b12baefb5ecb8b0e3b62b60ed7fa4,com.nicue.onetwo.fragments.CounterFragment,216,15,25
f6b2384adf3b12baefb5ecb8b0e3b62b60ed7fa4,com.nicue.onetwo.fragments.DiceFragment,283,0,24
f6b2384adf3b12baefb5ecb8b0e3b62b60ed7fa4,com.nicue.onetwo.fragments.StartFragment,30,0,7
f6b2384adf3b12baefb5ecb8b0e3b62b60ed7fa4,com.nicue.onetwo.fragments.TimerFragment,317,90,21
f6b2384adf3b12baefb5ecb8b0e3b62b60ed7fa4,com.nicue.onetwo.MainActivity,400,123,24
f6b2384adf3b12baefb5ecb8b0e3b62b60ed7fa4,com.nicue.onetwo.Utils.Pools,149,0,0
f6b2384adf3b12baefb5ecb8b0e3b62b60ed7fa4,com.nicue.onetwo.Utils.ScrollAwareFABBehavior,46,6,8
f6b2384adf3b12baefb5ecb8b0e3b62b60ed7fa4,com.nicue.onetwo.Utils.TimerBackend,199,0,10
f6b2384adf3b12baefb5ecb8b0e3b62b60ed7fa4,com.nicue.onetwo.Utils.TouchDisplayView,424,40,19
f6b2384adf3b12baefb5ecb8b0e3b62b60ed7fa4,com.nicue.onetwo.ExampleUnitTest,17,0,2
2d3f8706898614dc039116b4f802d9e2233eb245,com.nicue.onetwo.ExampleInstrumentedTest,26,0,6
2d3f8706898614dc039116b4f802d9e2233eb245,com.nicue.onetwo.adapters.DiceListAdapter,213,4,14
2d3f8706898614dc039116b4f802d9e2233eb245,com.nicue.onetwo.adapters.ListAdapter,132,4,12
2d3f8706898614dc039116b4f802d9e2233eb245,com.nicue.onetwo.db.TaskContract,18,0,1
2d3f8706898614dc039116b4f802d9e2233eb245,com.nicue.onetwo.db.TaskDbHelper,35,3,3
2d3f8706898614dc039116b4f802d9e2233eb245,com.nicue.onetwo.fragments.ChooserFragment,27,0,8
2d3f8706898614dc039116b4f802d9e2233eb245,com.nicue.onetwo.fragments.CounterFragment,216,15,25
2d3f8706898614dc039116b4f802d9e2233eb245,com.nicue.onetwo.fragments.DiceFragment,283,0,24
2d3f8706898614dc039116b4f802d9e2233eb245,com.nicue.onetwo.fragments.StartFragment,30,0,7
2d3f8706898614dc039116b4f802d9e2233eb245,com.nicue.onetwo.fragments.TimerFragment,317,90,21
2d3f8706898614dc039116b4f802d9e2233eb245,com.nicue.onetwo.MainActivity,400,123,24
2d3f8706898614dc039116b4f802d9e2233eb245,com.nicue.onetwo.Utils.Pools,149,0,0
2d3f8706898614dc039116b4f802d9e2233eb245,com.nicue.onetwo.Utils.ScrollAwareFABBehavior,46,6,8
2d3f8706898614dc039116b4f802d9e2233eb245,com.nicue.onetwo.Utils.TimerBackend,199,0,10
2d3f8706898614dc039116b4f802d9e2233eb245,com.nicue.onetwo.Utils.TouchDisplayView,424,40,19
2d3f8706898614dc039116b4f802d9e2233eb245,com.nicue.onetwo.ExampleUnitTest,17,0,2
8868f9cc73d69c224327b52ce00ae5099ec7dfe3,com.nicue.onetwo.ExampleInstrumentedTest,26,0,6
8868f9cc73d69c224327b52ce00ae5099ec7dfe3,com.nicue.onetwo.adapters.DiceListAdapter,213,4,14
8868f9cc73d69c224327b52ce00ae5099ec7dfe3,com.nicue.onetwo.adapters.ListAdapter,132,4,12
8868f9cc73d69c224327b52ce00ae5099ec7dfe3,com.nicue.onetwo.db.TaskContract,18,0,1
8868f9cc73d69c224327b52ce00ae5099ec7dfe3,com.nicue.onetwo.db.TaskDbHelper,35,3,3
8868f9cc73d69c224327b52ce00ae5099ec7dfe3,com.nicue.onetwo.fragments.ChooserFragment,27,0,8
8868f9cc73d69c224327b52ce00ae5099ec7dfe3,com.nicue.onetwo.fragments.CounterFragment,216,15,25
8868f9cc73d69c224327b52ce00ae5099ec7dfe3,com.nicue.onetwo.fragments.DiceFragment,283,0,24
8868f9cc73d69c224327b52ce00ae5099ec7dfe3,com.nicue.onetwo.fragments.StartFragment,30,0,7
8868f9cc73d69c224327b52ce00ae5099ec7dfe3,com.nicue.onetwo.fragments.TimerFragment,317,90,21
8868f9cc73d69c224327b52ce00ae5099ec7dfe3,com.nicue.onetwo.MainActivity,400,123,24
8868f9cc73d69c224327b52ce00ae5099ec7dfe3,com.nicue.onetwo.Utils.Pools,149,0,0
8868f9cc73d69c224327b52ce00ae5099ec7dfe3,com.nicue.onetwo.Utils.ScrollAwareFABBehavior,46,6,8
8868f9cc73d69c224327b52ce00ae5099ec7dfe3,com.nicue.onetwo.Utils.TimerBackend,199,0,10
8868f9cc73d69c224327b52ce00ae5099ec7dfe3,com.nicue.onetwo.Utils.TouchDisplayView,424,40,19
8868f9cc73d69c224327b52ce00ae5099ec7dfe3,com.nicue.onetwo.ExampleUnitTest,17,0,2
d2ac3178930c9fd10fdc812a813854f1a3045f8d,com.nicue.onetwo.ExampleInstrumentedTest,26,0,6
d2ac3178930c9fd10fdc812a813854f1a3045f8d,com.nicue.onetwo.adapters.DiceListAdapter,213,4,14
d2ac3178930c9fd10fdc812a813854f1a3045f8d,com.nicue.onetwo.adapters.ListAdapter,132,4,12
d2ac3178930c9fd10fdc812a813854f1a3045f8d,com.nicue.onetwo.db.TaskContract,18,0,1
d2ac3178930c9fd10fdc812a813854f1a3045f8d,com.nicue.onetwo.db.TaskDbHelper,35,3,3
d2ac3178930c9fd10fdc812a813854f1a3045f8d,com.nicue.onetwo.fragments.ChooserFragment,27,0,8
d2ac3178930c9fd10fdc812a813854f1a3045f8d,com.nicue.onetwo.fragments.CounterFragment,216,15,25
d2ac3178930c9fd10fdc812a813854f1a3045f8d,com.nicue.onetwo.fragments.DiceFragment,283,0,24
d2ac3178930c9fd10fdc812a813854f1a3045f8d,com.nicue.onetwo.fragments.StartFragment,30,0,7
d2ac3178930c9fd10fdc812a813854f1a3045f8d,com.nicue.onetwo.fragments.TimerFragment,317,90,21
d2ac3178930c9fd10fdc812a813854f1a3045f8d,com.nicue.onetwo.MainActivity,400,123,24
d2ac3178930c9fd10fdc812a813854f1a3045f8d,com.nicue.onetwo.Utils.Pools,149,0,0
d2ac3178930c9fd10fdc812a813854f1a3045f8d,com.nicue.onetwo.Utils.ScrollAwareFABBehavior,46,6,8
d2ac3178930c9fd10fdc812a813854f1a3045f8d,com.nicue.onetwo.Utils.TimerBackend,199,0,10
d2ac3178930c9fd10fdc812a813854f1a3045f8d,com.nicue.onetwo.Utils.TouchDisplayView,424,40,19
d2ac3178930c9fd10fdc812a813854f1a3045f8d,com.nicue.onetwo.ExampleUnitTest,17,0,2
a5bd9a81f017118ab897271db1df0a5a7771ddbd,com.nicue.onetwo.ExampleInstrumentedTest,26,0,6
a5bd9a81f017118ab897271db1df0a5a7771ddbd,com.nicue.onetwo.adapters.DiceListAdapter,213,4,14
a5bd9a81f017118ab897271db1df0a5a7771ddbd,com.nicue.onetwo.adapters.ListAdapter,132,4,12
a5bd9a81f017118ab897271db1df0a5a7771ddbd,com.nicue.onetwo.db.TaskContract,18,0,1
a5bd9a81f017118ab897271db1df0a5a7771ddbd,com.nicue.onetwo.db.TaskDbHelper,35,3,3
a5bd9a81f017118ab897271db1df0a5a7771ddbd,com.nicue.onetwo.fragments.ChooserFragment,27,0,8
a5bd9a81f017118ab897271db1df0a5a7771ddbd,com.nicue.onetwo.fragments.CounterFragment,216,15,25
a5bd9a81f017118ab897271db1df0a5a7771ddbd,com.nicue.onetwo.fragments.DiceFragment,283,0,24
a5bd9a81f017118ab897271db1df0a5a7771ddbd,com.nicue.onetwo.fragments.StartFragment,30,0,7
a5bd9a81f017118ab897271db1df0a5a7771ddbd,com.nicue.onetwo.fragments.TimerFragment,317,90,21
a5bd9a81f017118ab897271db1df0a5a7771ddbd,com.nicue.onetwo.MainActivity,400,123,24
a5bd9a81f017118ab897271db1df0a5a7771ddbd,com.nicue.onetwo.Utils.Pools,149,0,0
a5bd9a81f017118ab897271db1df0a5a7771ddbd,com.nicue.onetwo.Utils.ScrollAwareFABBehavior,46,6,8
a5bd9a81f017118ab897271db1df0a5a7771ddbd,com.nicue.onetwo.Utils.TimerBackend,199,0,10
a5bd9a81f017118ab897271db1df0a5a7771ddbd,com.nicue.onetwo.Utils.TouchDisplayView,424,40,19
a5bd9a81f017118ab897271db1df0a5a7771ddbd,com.nicue.onetwo.ExampleUnitTest,17,0,2
a0e8241cd4f4592b423c1bca06e2be0f71b76b75,com.nicue.onetwo.ExampleInstrumentedTest,26,0,6
a0e8241cd4f4592b423c1bca06e2be0f71b76b75,com.nicue.onetwo.adapters.DiceListAdapter,213,4,14
a0e8241cd4f4592b423c1bca06e2be0f71b76b75,com.nicue.onetwo.adapters.ListAdapter,132,4,12
a0e8241cd4f4592b423c1bca06e2be0f71b76b75,com.nicue.onetwo.db.TaskContract,18,0,1
a0e8241cd4f4592b423c1bca06e2be0f71b76b75,com.nicue.onetwo.db.TaskDbHelper,35,3,3
a0e8241cd4f4592b423c1bca06e2be0f71b76b75,com.nicue.onetwo.fragments.ChooserFragment,27,0,8
a0e8241cd4f4592b423c1bca06e2be0f71b76b75,com.nicue.onetwo.fragments.CounterFragment,216,15,25
a0e8241cd4f4592b423c1bca06e2be0f71b76b75,com.nicue.onetwo.fragments.DiceFragment,283,0,24
a0e8241cd4f4592b423c1bca06e2be0f71b76b75,com.nicue.onetwo.fragments.StartFragment,30,0,7
a0e8241cd4f4592b423c1bca06e2be0f71b76b75,com.nicue.onetwo.fragments.TimerFragment,317,90,21
a0e8241cd4f4592b423c1bca06e2be0f71b76b75,com.nicue.onetwo.MainActivity,400,123,24
a0e8241cd4f4592b423c1bca06e2be0f71b76b75,com.nicue.onetwo.Utils.Pools,149,0,0
a0e8241cd4f4592b423c1bca06e2be0f71b76b75,com.nicue.onetwo.Utils.ScrollAwareFABBehavior,46,6,8
a0e8241cd4f4592b423c1bca06e2be0f71b76b75,com.nicue.onetwo.Utils.TimerBackend,199,0,10
a0e8241cd4f4592b423c1bca06e2be0f71b76b75,com.nicue.onetwo.Utils.TouchDisplayView,424,40,19
a0e8241cd4f4592b423c1bca06e2be0f71b76b75,com.nicue.onetwo.ExampleUnitTest,17,0,2
ac5b0084a110b32c62524d7b2aa641d288458fa1,com.nicue.onetwo.ExampleInstrumentedTest,26,0,6
ac5b0084a110b32c62524d7b2aa641d288458fa1,com.nicue.onetwo.adapters.DiceListAdapter,213,4,14
ac5b0084a110b32c62524d7b2aa641d288458fa1,com.nicue.onetwo.adapters.ListAdapter,132,4,12
ac5b0084a110b32c62524d7b2aa641d288458fa1,com.nicue.onetwo.db.TaskContract,18,0,1
ac5b0084a110b32c62524d7b2aa641d288458fa1,com.nicue.onetwo.db.TaskDbHelper,35,3,3
ac5b0084a110b32c62524d7b2aa641d288458fa1,com.nicue.onetwo.fragments.ChooserFragment,27,0,8
ac5b0084a110b32c62524d7b2aa641d288458fa1,com.nicue.onetwo.fragments.CounterFragment,216,15,25
ac5b0084a110b32c62524d7b2aa641d288458fa1,com.nicue.onetwo.fragments.DiceFragment,283,0,24
ac5b0084a110b32c62524d7b2aa641d288458fa1,com.nicue.onetwo.fragments.StartFragment,30,0,7
ac5b0084a110b32c62524d7b2aa641d288458fa1,com.nicue.onetwo.fragments.TimerFragment,317,90,21
ac5b0084a110b32c62524d7b2aa641d288458fa1,com.nicue.onetwo.MainActivity,400,123,24
ac5b0084a110b32c62524d7b2aa641d288458fa1,com.nicue.onetwo.Utils.Pools,149,0,0
ac5b0084a110b32c62524d7b2aa641d288458fa1,com.nicue.onetwo.Utils.ScrollAwareFABBehavior,46,6,8
ac5b0084a110b32c62524d7b2aa641d288458fa1,com.nicue.onetwo.Utils.TimerBackend,199,0,10
ac5b0084a110b32c62524d7b2aa641d288458fa1,com.nicue.onetwo.Utils.TouchDisplayView,424,40,19
ac5b0084a110b32c62524d7b2aa641d288458fa1,com.nicue.onetwo.ExampleUnitTest,17,0,2
19d15830d01c6ca830bfab27e5e8e090060d76bb,com.nicue.onetwo.ExampleInstrumentedTest,26,0,6
19d15830d01c6ca830bfab27e5e8e090060d76bb,com.nicue.onetwo.adapters.DiceListAdapter,213,4,14
19d15830d01c6ca830bfab27e5e8e090060d76bb,com.nicue.onetwo.adapters.ListAdapter,132,4,12
19d15830d01c6ca830bfab27e5e8e090060d76bb,com.nicue.onetwo.db.TaskContract,18,0,1
19d15830d01c6ca830bfab27e5e8e090060d76bb,com.nicue.onetwo.db.TaskDbHelper,35,3,3
19d15830d01c6ca830bfab27e5e8e090060d76bb,com.nicue.onetwo.fragments.ChooserFragment,27,0,8
19d15830d01c6ca830bfab27e5e8e090060d76bb,com.nicue.onetwo.fragments.CounterFragment,216,15,25
19d15830d01c6ca830bfab27e5e8e090060d76bb,com.nicue.onetwo.fragments.DiceFragment,283,0,24
19d15830d01c6ca830bfab27e5e8e090060d76bb,com.nicue.onetwo.fragments.StartFragment,30,0,7
19d15830d01c6ca830bfab27e5e8e090060d76bb,com.nicue.onetwo.fragments.TimerFragment,317,90,21
19d15830d01c6ca830bfab27e5e8e090060d76bb,com.nicue.onetwo.MainActivity,400,123,24
19d15830d01c6ca830bfab27e5e8e090060d76bb,com.nicue.onetwo.Utils.Pools,149,0,0
19d15830d01c6ca830bfab27e5e8e090060d76bb,com.nicue.onetwo.Utils.ScrollAwareFABBehavior,46,6,8
19d15830d01c6ca830bfab27e5e8e090060d76bb,com.nicue.onetwo.Utils.TimerBackend,199,0,10
19d15830d01c6ca830bfab27e5e8e090060d76bb,com.nicue.onetwo.Utils.TouchDisplayView,424,40,19
19d15830d01c6ca830bfab27e5e8e090060d76bb,com.nicue.onetwo.ExampleUnitTest,17,0,2
917dac9fedcff62462e390ad811eb995635dc512,com.nicue.onetwo.ExampleInstrumentedTest,26,0,6
917dac9fedcff62462e390ad811eb995635dc512,com.nicue.onetwo.adapters.DiceListAdapter,213,4,14
917dac9fedcff62462e390ad811eb995635dc512,com.nicue.onetwo.adapters.ListAdapter,132,4,12
917dac9fedcff62462e390ad811eb995635dc512,com.nicue.onetwo.db.TaskContract,18,0,1
917dac9fedcff62462e390ad811eb995635dc512,com.nicue.onetwo.db.TaskDbHelper,35,3,3
917dac9fedcff62462e390ad811eb995635dc512,com.nicue.onetwo.fragments.ChooserFragment,27,0,8
917dac9fedcff62462e390ad811eb995635dc512,com.nicue.onetwo.fragments.CounterFragment,216,15,25
917dac9fedcff62462e390ad811eb995635dc512,com.nicue.onetwo.fragments.DiceFragment,283,0,24
917dac9fedcff62462e390ad811eb995635dc512,com.nicue.onetwo.fragments.StartFragment,30,0,7
917dac9fedcff62462e390ad811eb995635dc512,com.nicue.onetwo.fragments.TimerFragment,317,90,21
917dac9fedcff62462e390ad811eb995635dc512,com.nicue.onetwo.MainActivity,400,123,24
917dac9fedcff62462e390ad811eb995635dc512,com.nicue.onetwo.Utils.Pools,149,0,0
917dac9fedcff62462e390ad811eb995635dc512,com.nicue.onetwo.Utils.ScrollAwareFABBehavior,46,6,8
917dac9fedcff62462e390ad811eb995635dc512,com.nicue.onetwo.Utils.TimerBackend,199,0,10
917dac9fedcff62462e390ad811eb995635dc512,com.nicue.onetwo.Utils.TouchDisplayView,424,40,19
917dac9fedcff62462e390ad811eb995635dc512,com.nicue.onetwo.ExampleUnitTest,17,0,2
0d9f869203ff48e20015c51598b55d6f9575f018,com.nicue.onetwo.ExampleInstrumentedTest,26,0,6
0d9f869203ff48e20015c51598b55d6f9575f018,com.nicue.onetwo.adapters.DiceListAdapter,213,4,14
0d9f869203ff48e20015c51598b55d6f9575f018,com.nicue.onetwo.adapters.ListAdapter,132,4,12
0d9f869203ff48e20015c51598b55d6f9575f018,com.nicue.onetwo.db.TaskContract,18,0,1
0d9f869203ff48e20015c51598b55d6f9575f018,com.nicue.onetwo.db.TaskDbHelper,35,3,3
0d9f869203ff48e20015c51598b55d6f9575f018,com.nicue.onetwo.fragments.ChooserFragment,27,0,8
0d9f869203ff48e20015c51598b55d6f9575f018,com.nicue.onetwo.fragments.CounterFragment,216,15,25
0d9f869203ff48e20015c51598b55d6f9575f018,com.nicue.onetwo.fragments.DiceFragment,283,0,24
0d9f869203ff48e20015c51598b55d6f9575f018,com.nicue.onetwo.fragments.StartFragment,30,0,7
0d9f869203ff48e20015c51598b55d6f9575f018,com.nicue.onetwo.fragments.TimerFragment,317,90,21
0d9f869203ff48e20015c51598b55d6f9575f018,com.nicue.onetwo.MainActivity,400,123,24
0d9f869203ff48e20015c51598b55d6f9575f018,com.nicue.onetwo.Utils.Pools,149,0,0
0d9f869203ff48e20015c51598b55d6f9575f018,com.nicue.onetwo.Utils.ScrollAwareFABBehavior,46,6,8
0d9f869203ff48e20015c51598b55d6f9575f018,com.nicue.onetwo.Utils.TimerBackend,199,0,10
0d9f869203ff48e20015c51598b55d6f9575f018,com.nicue.onetwo.Utils.TouchDisplayView,424,40,19
0d9f869203ff48e20015c51598b55d6f9575f018,com.nicue.onetwo.ExampleUnitTest,17,0,2
078dc87c5ffc349ef0f92afdd7b68fe564a64747,com.nicue.onetwo.ExampleInstrumentedTest,26,0,6
078dc87c5ffc349ef0f92afdd7b68fe564a64747,com.nicue.onetwo.adapters.DiceListAdapter,213,4,14
078dc87c5ffc349ef0f92afdd7b68fe564a64747,com.nicue.onetwo.adapters.ListAdapter,132,4,12
078dc87c5ffc349ef0f92afdd7b68fe564a64747,com.nicue.onetwo.db.TaskContract,18,0,1
078dc87c5ffc349ef0f92afdd7b68fe564a64747,com.nicue.onetwo.db.TaskDbHelper,35,3,3
078dc87c5ffc349ef0f92afdd7b68fe564a64747,com.nicue.onetwo.fragments.ChooserFragment,27,0,8
078dc87c5ffc349ef0f92afdd7b68fe564a64747,com.nicue.onetwo.fragments.CounterFragment,216,15,25
078dc87c5ffc349ef0f92afdd7b68fe564a64747,com.nicue.onetwo.fragments.DiceFragment,283,0,24
078dc87c5ffc349ef0f92afdd7b68fe564a64747,com.nicue.onetwo.fragments.StartFragment,30,0,7
078dc87c5ffc349ef0f92afdd7b68fe564a64747,com.nicue.onetwo.fragments.TimerFragment,317,90,21
078dc87c5ffc349ef0f92afdd7b68fe564a64747,com.nicue.onetwo.MainActivity,400,123,24
078dc87c5ffc349ef0f92afdd7b68fe564a64747,com.nicue.onetwo.Utils.Pools,149,0,0
078dc87c5ffc349ef0f92afdd7b68fe564a64747,com.nicue.onetwo.Utils.ScrollAwareFABBehavior,46,6,8
078dc87c5ffc349ef0f92afdd7b68fe564a64747,com.nicue.onetwo.Utils.TimerBackend,199,0,10
078dc87c5ffc349ef0f92afdd7b68fe564a64747,com.nicue.onetwo.Utils.TouchDisplayView,424,40,19
078dc87c5ffc349ef0f92afdd7b68fe564a64747,com.nicue.onetwo.ExampleUnitTest,17,0,2
9a7a69662bf568256b86a452fdcdcdeba1f0018a,com.nicue.onetwo.ExampleInstrumentedTest,26,0,6
9a7a69662bf568256b86a452fdcdcdeba1f0018a,com.nicue.onetwo.adapters.DiceListAdapter,213,4,14
9a7a69662bf568256b86a452fdcdcdeba1f0018a,com.nicue.onetwo.adapters.ListAdapter,132,4,12
9a7a69662bf568256b86a452fdcdcdeba1f0018a,com.nicue.onetwo.db.TaskContract,18,0,1
9a7a69662bf568256b86a452fdcdcdeba1f0018a,com.nicue.onetwo.db.TaskDbHelper,35,3,3
9a7a69662bf568256b86a452fdcdcdeba1f0018a,com.nicue.onetwo.fragments.ChooserFragment,27,0,8
9a7a69662bf568256b86a452fdcdcdeba1f0018a,com.nicue.onetwo.fragments.CounterFragment,216,15,25
9a7a69662bf568256b86a452fdcdcdeba1f0018a,com.nicue.onetwo.fragments.DiceFragment,283,0,24
9a7a69662bf568256b86a452fdcdcdeba1f0018a,com.nicue.onetwo.fragments.StartFragment,30,0,7
9a7a69662bf568256b86a452fdcdcdeba1f0018a,com.nicue.onetwo.fragments.TimerFragment,317,90,21
9a7a69662bf568256b86a452fdcdcdeba1f0018a,com.nicue.onetwo.MainActivity,400,123,24
9a7a69662bf568256b86a452fdcdcdeba1f0018a,com.nicue.onetwo.Utils.Pools,149,0,0
9a7a69662bf568256b86a452fdcdcdeba1f0018a,com.nicue.onetwo.Utils.ScrollAwareFABBehavior,46,6,8
9a7a69662bf568256b86a452fdcdcdeba1f0018a,com.nicue.onetwo.Utils.TimerBackend,199,0,10
9a7a69662bf568256b86a452fdcdcdeba1f0018a,com.nicue.onetwo.Utils.TouchDisplayView,424,40,19
9a7a69662bf568256b86a452fdcdcdeba1f0018a,com.nicue.onetwo.ExampleUnitTest,17,0,2
53fe0351d0253f59dd64adf2131f1ef7ad728f76,com.nicue.onetwo.ExampleInstrumentedTest,26,0,6
53fe0351d0253f59dd64adf2131f1ef7ad728f76,com.nicue.onetwo.adapters.DiceListAdapter,213,4,14
53fe0351d0253f59dd64adf2131f1ef7ad728f76,com.nicue.onetwo.adapters.ListAdapter,132,4,12
53fe0351d0253f59dd64adf2131f1ef7ad728f76,com.nicue.onetwo.db.TaskContract,18,0,1
53fe0351d0253f59dd64adf2131f1ef7ad728f76,com.nicue.onetwo.db.TaskDbHelper,35,3,3
53fe0351d0253f59dd64adf2131f1ef7ad728f76,com.nicue.onetwo.fragments.ChooserFragment,27,0,8
53fe0351d0253f59dd64adf2131f1ef7ad728f76,com.nicue.onetwo.fragments.CounterFragment,216,15,25
53fe0351d0253f59dd64adf2131f1ef7ad728f76,com.nicue.onetwo.fragments.DiceFragment,283,0,24
53fe0351d0253f59dd64adf2131f1ef7ad728f76,com.nicue.onetwo.fragments.StartFragment,30,0,7
53fe0351d0253f59dd64adf2131f1ef7ad728f76,com.nicue.onetwo.fragments.TimerFragment,317,90,21
53fe0351d0253f59dd64adf2131f1ef7ad728f76,com.nicue.onetwo.MainActivity,400,123,24
53fe0351d0253f59dd64adf2131f1ef7ad728f76,com.nicue.onetwo.Utils.Pools,149,0,0
53fe0351d0253f59dd64adf2131f1ef7ad728f76,com.nicue.onetwo.Utils.ScrollAwareFABBehavior,46,6,8
53fe0351d0253f59dd64adf2131f1ef7ad728f76,com.nicue.onetwo.Utils.TimerBackend,199,0,10
53fe0351d0253f59dd64adf2131f1ef7ad728f76,com.nicue.onetwo.Utils.TouchDisplayView,424,40,19
53fe0351d0253f59dd64adf2131f1ef7ad728f76,com.nicue.onetwo.ExampleUnitTest,17,0,2
4a73feb1dba2748e4d39dd2dc927a3d9537c9eca,com.nicue.onetwo.ExampleInstrumentedTest,26,0,6
4a73feb1dba2748e4d39dd2dc927a3d9537c9eca,com.nicue.onetwo.adapters.DiceListAdapter,213,4,14
4a73feb1dba2748e4d39dd2dc927a3d9537c9eca,com.nicue.onetwo.adapters.ListAdapter,132,4,12
4a73feb1dba2748e4d39dd2dc927a3d9537c9eca,com.nicue.onetwo.db.TaskContract,18,0,1
4a73feb1dba2748e4d39dd2dc927a3d9537c9eca,com.nicue.onetwo.db.TaskDbHelper,35,3,3
4a73feb1dba2748e4d39dd2dc927a3d9537c9eca,com.nicue.onetwo.fragments.ChooserFragment,27,0,8
4a73feb1dba2748e4d39dd2dc927a3d9537c9eca,com.nicue.onetwo.fragments.CounterFragment,216,15,25
4a73feb1dba2748e4d39dd2dc927a3d9537c9eca,com.nicue.onetwo.fragments.DiceFragment,283,0,24
4a73feb1dba2748e4d39dd2dc927a3d9537c9eca,com.nicue.onetwo.fragments.StartFragment,30,0,7
4a73feb1dba2748e4d39dd2dc927a3d9537c9eca,com.nicue.onetwo.fragments.TimerFragment,317,90,21
4a73feb1dba2748e4d39dd2dc927a3d9537c9eca,com.nicue.onetwo.MainActivity,400,123,24
4a73feb1dba2748e4d39dd2dc927a3d9537c9eca,com.nicue.onetwo.Utils.Pools,149,0,0
4a73feb1dba2748e4d39dd2dc927a3d9537c9eca,com.nicue.onetwo.Utils.ScrollAwareFABBehavior,46,6,8
4a73feb1dba2748e4d39dd2dc927a3d9537c9eca,com.nicue.onetwo.Utils.TimerBackend,199,0,10
4a73feb1dba2748e4d39dd2dc927a3d9537c9eca,com.nicue.onetwo.Utils.TouchDisplayView,424,40,19
4a73feb1dba2748e4d39dd2dc927a3d9537c9eca,com.nicue.onetwo.ExampleUnitTest,17,0,2
2a36637886d5b0329e6f50bedb7d6d2495c31394,com.nicue.onetwo.ExampleInstrumentedTest,26,0,6
2a36637886d5b0329e6f50bedb7d6d2495c31394,com.nicue.onetwo.adapters.DiceListAdapter,213,4,14
2a36637886d5b0329e6f50bedb7d6d2495c31394,com.nicue.onetwo.adapters.ListAdapter,132,4,12
2a36637886d5b0329e6f50bedb7d6d2495c31394,com.nicue.onetwo.db.TaskContract,18,0,1
2a36637886d5b0329e6f50bedb7d6d2495c31394,com.nicue.onetwo.db.TaskDbHelper,35,3,3
2a36637886d5b0329e6f50bedb7d6d2495c31394,com.nicue.onetwo.fragments.ChooserFragment,27,0,8
2a36637886d5b0329e6f50bedb7d6d2495c31394,com.nicue.onetwo.fragments.CounterFragment,216,15,25
2a36637886d5b0329e6f50bedb7d6d2495c31394,com.nicue.onetwo.fragments.DiceFragment,283,0,24
2a36637886d5b0329e6f50bedb7d6d2495c31394,com.nicue.onetwo.fragments.StartFragment,30,0,7
2a36637886d5b0329e6f50bedb7d6d2495c31394,com.nicue.onetwo.fragments.TimerFragment,317,90,21
2a36637886d5b0329e6f50bedb7d6d2495c31394,com.nicue.onetwo.MainActivity,400,123,24
2a36637886d5b0329e6f50bedb7d6d2495c31394,com.nicue.onetwo.Utils.Pools,149,0,0
2a36637886d5b0329e6f50bedb7d6d2495c31394,com.nicue.onetwo.Utils.ScrollAwareFABBehavior,46,6,8
2a36637886d5b0329e6f50bedb7d6d2495c31394,com.nicue.onetwo.Utils.TimerBackend,199,0,10
2a36637886d5b0329e6f50bedb7d6d2495c31394,com.nicue.onetwo.Utils.TouchDisplayView,424,40,19
2a36637886d5b0329e6f50bedb7d6d2495c31394,com.nicue.onetwo.ExampleUnitTest,17,0,2
a733703a631f21d34d23d729e9ae77a016148b0c,com.nicue.onetwo.ExampleInstrumentedTest,26,0,6
a733703a631f21d34d23d729e9ae77a016148b0c,com.nicue.onetwo.adapters.DiceListAdapter,213,4,14
a733703a631f21d34d23d729e9ae77a016148b0c,com.nicue.onetwo.adapters.ListAdapter,132,4,12
a733703a631f21d34d23d729e9ae77a016148b0c,com.nicue.onetwo.db.TaskContract,18,0,1
a733703a631f21d34d23d729e9ae77a016148b0c,com.nicue.onetwo.db.TaskDbHelper,35,3,3
a733703a631f21d34d23d729e9ae77a016148b0c,com.nicue.onetwo.fragments.ChooserFragment,27,0,8
a733703a631f21d34d23d729e9ae77a016148b0c,com.nicue.onetwo.fragments.CounterFragment,216,15,25
a733703a631f21d34d23d729e9ae77a016148b0c,com.nicue.onetwo.fragments.DiceFragment,283,0,24
a733703a631f21d34d23d729e9ae77a016148b0c,com.nicue.onetwo.fragments.StartFragment,30,0,7
a733703a631f21d34d23d729e9ae77a016148b0c,com.nicue.onetwo.fragments.TimerFragment,317,90,21
a733703a631f21d34d23d729e9ae77a016148b0c,com.nicue.onetwo.MainActivity,400,123,24
a733703a631f21d34d23d729e9ae77a016148b0c,com.nicue.onetwo.Utils.Pools,149,0,0
a733703a631f21d34d23d729e9ae77a016148b0c,com.nicue.onetwo.Utils.ScrollAwareFABBehavior,46,6,8
a733703a631f21d34d23d729e9ae77a016148b0c,com.nicue.onetwo.Utils.TimerBackend,199,0,10
a733703a631f21d34d23d729e9ae77a016148b0c,com.nicue.onetwo.Utils.TouchDisplayView,424,40,19
a733703a631f21d34d23d729e9ae77a016148b0c,com.nicue.onetwo.ExampleUnitTest,17,0,2
5f4d5ab43515f1873d4644548695f5cf2c33692b,com.nicue.onetwo.ExampleInstrumentedTest,26,0,6
5f4d5ab43515f1873d4644548695f5cf2c33692b,com.nicue.onetwo.adapters.DiceListAdapter,213,4,14
5f4d5ab43515f1873d4644548695f5cf2c33692b,com.nicue.onetwo.adapters.ListAdapter,132,4,12
5f4d5ab43515f1873d4644548695f5cf2c33692b,com.nicue.onetwo.db.TaskContract,18,0,1
5f4d5ab43515f1873d4644548695f5cf2c33692b,com.nicue.onetwo.db.TaskDbHelper,35,3,3
5f4d5ab43515f1873d4644548695f5cf2c33692b,com.nicue.onetwo.fragments.ChooserFragment,27,0,8
5f4d5ab43515f1873d4644548695f5cf2c33692b,com.nicue.onetwo.fragments.CounterFragment,216,15,25
5f4d5ab43515f1873d4644548695f5cf2c33692b,com.nicue.onetwo.fragments.DiceFragment,283,0,24
5f4d5ab43515f1873d4644548695f5cf2c33692b,com.nicue.onetwo.fragments.StartFragment,30,0,7
5f4d5ab43515f1873d4644548695f5cf2c33692b,com.nicue.onetwo.fragments.TimerFragment,317,90,21
5f4d5ab43515f1873d4644548695f5cf2c33692b,com.nicue.onetwo.MainActivity,400,123,24
5f4d5ab43515f1873d4644548695f5cf2c33692b,com.nicue.onetwo.Utils.Pools,149,0,0
5f4d5ab43515f1873d4644548695f5cf2c33692b,com.nicue.onetwo.Utils.ScrollAwareFABBehavior,46,6,8
5f4d5ab43515f1873d4644548695f5cf2c33692b,com.nicue.onetwo.Utils.TimerBackend,199,0,10
5f4d5ab43515f1873d4644548695f5cf2c33692b,com.nicue.onetwo.Utils.TouchDisplayView,424,40,19
5f4d5ab43515f1873d4644548695f5cf2c33692b,com.nicue.onetwo.ExampleUnitTest,17,0,2
a9d036215b8b39c71d7c9d18f9340cfba7fdb285,com.nicue.onetwo.ExampleInstrumentedTest,26,0,6
a9d036215b8b39c71d7c9d18f9340cfba7fdb285,com.nicue.onetwo.adapters.DiceListAdapter,213,4,14
a9d036215b8b39c71d7c9d18f9340cfba7fdb285,com.nicue.onetwo.adapters.ListAdapter,132,4,12
a9d036215b8b39c71d7c9d18f9340cfba7fdb285,com.nicue.onetwo.db.TaskContract,18,0,1
a9d036215b8b39c71d7c9d18f9340cfba7fdb285,com.nicue.onetwo.db.TaskDbHelper,35,3,3
a9d036215b8b39c71d7c9d18f9340cfba7fdb285,com.nicue.onetwo.fragments.ChooserFragment,27,0,8
a9d036215b8b39c71d7c9d18f9340cfba7fdb285,com.nicue.onetwo.fragments.CounterFragment,216,15,25
a9d036215b8b39c71d7c9d18f9340cfba7fdb285,com.nicue.onetwo.fragments.DiceFragment,283,0,24
a9d036215b8b39c71d7c9d18f9340cfba7fdb285,com.nicue.onetwo.fragments.StartFragment,30,0,7
a9d036215b8b39c71d7c9d18f9340cfba7fdb285,com.nicue.onetwo.fragments.TimerFragment,317,90,21
a9d036215b8b39c71d7c9d18f9340cfba7fdb285,com.nicue.onetwo.MainActivity,400,123,24
a9d036215b8b39c71d7c9d18f9340cfba7fdb285,com.nicue.onetwo.Utils.Pools,149,0,0
a9d036215b8b39c71d7c9d18f9340cfba7fdb285,com.nicue.onetwo.Utils.ScrollAwareFABBehavior,46,6,8
a9d036215b8b39c71d7c9d18f9340cfba7fdb285,com.nicue.onetwo.Utils.TimerBackend,199,0,10
a9d036215b8b39c71d7c9d18f9340cfba7fdb285,com.nicue.onetwo.Utils.TouchDisplayView,424,40,19
a9d036215b8b39c71d7c9d18f9340cfba7fdb285,com.nicue.onetwo.ExampleUnitTest,17,0,2
68c5a8f9ba6c2f7b4d8afa70d501445b04ba5c1a,com.nicue.onetwo.ExampleInstrumentedTest,26,0,6
68c5a8f9ba6c2f7b4d8afa70d501445b04ba5c1a,com.nicue.onetwo.adapters.DiceListAdapter,213,4,14
68c5a8f9ba6c2f7b4d8afa70d501445b04ba5c1a,com.nicue.onetwo.adapters.ListAdapter,132,4,12
68c5a8f9ba6c2f7b4d8afa70d501445b04ba5c1a,com.nicue.onetwo.db.TaskContract,18,0,1
68c5a8f9ba6c2f7b4d8afa70d501445b04ba5c1a,com.nicue.onetwo.db.TaskDbHelper,35,3,3
68c5a8f9ba6c2f7b4d8afa70d501445b04ba5c1a,com.nicue.onetwo.fragments.ChooserFragment,27,0,8
68c5a8f9ba6c2f7b4d8afa70d501445b04ba5c1a,com.nicue.onetwo.fragments.CounterFragment,216,15,25
68c5a8f9ba6c2f7b4d8afa70d501445b04ba5c1a,com.nicue.onetwo.fragments.DiceFragment,283,0,24
68c5a8f9ba6c2f7b4d8afa70d501445b04ba5c1a,com.nicue.onetwo.fragments.StartFragment,30,0,7
68c5a8f9ba6c2f7b4d8afa70d501445b04ba5c1a,com.nicue.onetwo.fragments.TimerFragment,317,90,21
68c5a8f9ba6c2f7b4d8afa70d501445b04ba5c1a,com.nicue.onetwo.MainActivity,400,123,24
68c5a8f9ba6c2f7b4d8afa70d501445b04ba5c1a,com.nicue.onetwo.Utils.Pools,149,0,0
68c5a8f9ba6c2f7b4d8afa70d501445b04ba5c1a,com.nicue.onetwo.Utils.ScrollAwareFABBehavior,46,6,8
68c5a8f9ba6c2f7b4d8afa70d501445b04ba5c1a,com.nicue.onetwo.Utils.TimerBackend,199,0,10
68c5a8f9ba6c2f7b4d8afa70d501445b04ba5c1a,com.nicue.onetwo.Utils.TouchDisplayView,424,40,19
68c5a8f9ba6c2f7b4d8afa70d501445b04ba5c1a,com.nicue.onetwo.ExampleUnitTest,17,0,2
4b3f1a235e0f0634177c54594a5c07d2895500cf,com.nicue.onetwo.ExampleInstrumentedTest,26,0,6
4b3f1a235e0f0634177c54594a5c07d2895500cf,com.nicue.onetwo.adapters.DiceListAdapter,213,4,14
4b3f1a235e0f0634177c54594a5c07d2895500cf,com.nicue.onetwo.adapters.ListAdapter,132,4,12
4b3f1a235e0f0634177c54594a5c07d2895500cf,com.nicue.onetwo.db.TaskContract,18,0,1
4b3f1a235e0f0634177c54594a5c07d2895500cf,com.nicue.onetwo.db.TaskDbHelper,35,3,3
4b3f1a235e0f0634177c54594a5c07d2895500cf,com.nicue.onetwo.fragments.ChooserFragment,27,0,8
4b3f1a235e0f0634177c54594a5c07d2895500cf,com.nicue.onetwo.fragments.CounterFragment,216,15,25
4b3f1a235e0f0634177c54594a5c07d2895500cf,com.nicue.onetwo.fragments.DiceFragment,283,0,24
4b3f1a235e0f0634177c54594a5c07d2895500cf,com.nicue.onetwo.fragments.StartFragment,30,0,7
4b3f1a235e0f0634177c54594a5c07d2895500cf,com.nicue.onetwo.fragments.TimerFragment,317,90,21
4b3f1a235e0f0634177c54594a5c07d2895500cf,com.nicue.onetwo.MainActivity,400,123,24
4b3f1a235e0f0634177c54594a5c07d2895500cf,com.nicue.onetwo.Utils.Pools,149,0,0
4b3f1a235e0f0634177c54594a5c07d2895500cf,com.nicue.onetwo.Utils.ScrollAwareFABBehavior,46,6,8
4b3f1a235e0f0634177c54594a5c07d2895500cf,com.nicue.onetwo.Utils.TimerBackend,199,0,10
4b3f1a235e0f0634177c54594a5c07d2895500cf,com.nicue.onetwo.Utils.TouchDisplayView,424,40,19
4b3f1a235e0f0634177c54594a5c07d2895500cf,com.nicue.onetwo.ExampleUnitTest,17,0,2
fab8b405d90b6366f7f0d17dcbb12523d16b9e59,com.nicue.onetwo.ExampleInstrumentedTest,26,0,6
fab8b405d90b6366f7f0d17dcbb12523d16b9e59,com.nicue.onetwo.adapters.DiceListAdapter,213,4,14
fab8b405d90b6366f7f0d17dcbb12523d16b9e59,com.nicue.onetwo.adapters.ListAdapter,132,4,12
fab8b405d90b6366f7f0d17dcbb12523d16b9e59,com.nicue.onetwo.db.TaskContract,18,0,1
fab8b405d90b6366f7f0d17dcbb12523d16b9e59,com.nicue.onetwo.db.TaskDbHelper,35,3,3
fab8b405d90b6366f7f0d17dcbb12523d16b9e59,com.nicue.onetwo.fragments.ChooserFragment,27,0,8
fab8b405d90b6366f7f0d17dcbb12523d16b9e59,com.nicue.onetwo.fragments.CounterFragment,216,15,25
fab8b405d90b6366f7f0d17dcbb12523d16b9e59,com.nicue.onetwo.fragments.DiceFragment,283,0,24
fab8b405d90b6366f7f0d17dcbb12523d16b9e59,com.nicue.onetwo.fragments.StartFragment,30,0,7
fab8b405d90b6366f7f0d17dcbb12523d16b9e59,com.nicue.onetwo.fragments.TimerFragment,317,90,21
fab8b405d90b6366f7f0d17dcbb12523d16b9e59,com.nicue.onetwo.MainActivity,400,123,24
fab8b405d90b6366f7f0d17dcbb12523d16b9e59,com.nicue.onetwo.Utils.Pools,149,0,0
fab8b405d90b6366f7f0d17dcbb12523d16b9e59,com.nicue.onetwo.Utils.ScrollAwareFABBehavior,46,6,8
fab8b405d90b6366f7f0d17dcbb12523d16b9e59,com.nicue.onetwo.Utils.TimerBackend,199,0,10
fab8b405d90b6366f7f0d17dcbb12523d16b9e59,com.nicue.onetwo.Utils.TouchDisplayView,424,40,19
fab8b405d90b6366f7f0d17dcbb12523d16b9e59,com.nicue.onetwo.ExampleUnitTest,17,0,2
372deeb4cf427e703a48f3096cef5c3dd7894629,com.nicue.onetwo.ExampleInstrumentedTest,26,0,6
372deeb4cf427e703a48f3096cef5c3dd7894629,com.nicue.onetwo.adapters.DiceListAdapter,213,4,14
372deeb4cf427e703a48f3096cef5c3dd7894629,com.nicue.onetwo.adapters.ListAdapter,132,4,12
372deeb4cf427e703a48f3096cef5c3dd7894629,com.nicue.onetwo.db.TaskContract,18,0,1
372deeb4cf427e703a48f3096cef5c3dd7894629,com.nicue.onetwo.db.TaskDbHelper,35,3,3
372deeb4cf427e703a48f3096cef5c3dd7894629,com.nicue.onetwo.fragments.ChooserFragment,27,0,8
372deeb4cf427e703a48f3096cef5c3dd7894629,com.nicue.onetwo.fragments.CounterFragment,216,15,25
372deeb4cf427e703a48f3096cef5c3dd7894629,com.nicue.onetwo.fragments.DiceFragment,283,0,24
372deeb4cf427e703a48f3096cef5c3dd7894629,com.nicue.onetwo.fragments.StartFragment,30,0,7
372deeb4cf427e703a48f3096cef5c3dd7894629,com.nicue.onetwo.fragments.TimerFragment,317,90,21
372deeb4cf427e703a48f3096cef5c3dd7894629,com.nicue.onetwo.MainActivity,400,123,24
372deeb4cf427e703a48f3096cef5c3dd7894629,com.nicue.onetwo.Utils.Pools,149,0,0
372deeb4cf427e703a48f3096cef5c3dd7894629,com.nicue.onetwo.Utils.ScrollAwareFABBehavior,46,6,8
372deeb4cf427e703a48f3096cef5c3dd7894629,com.nicue.onetwo.Utils.TimerBackend,199,0,10
372deeb4cf427e703a48f3096cef5c3dd7894629,com.nicue.onetwo.Utils.TouchDisplayView,424,40,19
372deeb4cf427e703a48f3096cef5c3dd7894629,com.nicue.onetwo.ExampleUnitTest,17,0,2
bc65d32b30cbee5575fbf2a0bdebf53ffd723abd,com.nicue.onetwo.ExampleInstrumentedTest,26,0,6
bc65d32b30cbee5575fbf2a0bdebf53ffd723abd,com.nicue.onetwo.adapters.DiceListAdapter,213,4,14
bc65d32b30cbee5575fbf2a0bdebf53ffd723abd,com.nicue.onetwo.adapters.ListAdapter,132,4,12
bc65d32b30cbee5575fbf2a0bdebf53ffd723abd,com.nicue.onetwo.db.TaskContract,18,0,1
bc65d32b30cbee5575fbf2a0bdebf53ffd723abd,com.nicue.onetwo.db.TaskDbHelper,35,3,3
bc65d32b30cbee5575fbf2a0bdebf53ffd723abd,com.nicue.onetwo.fragments.ChooserFragment,27,0,8
bc65d32b30cbee5575fbf2a0bdebf53ffd723abd,com.nicue.onetwo.fragments.CounterFragment,216,15,25
bc65d32b30cbee5575fbf2a0bdebf53ffd723abd,com.nicue.onetwo.fragments.DiceFragment,283,0,24
bc65d32b30cbee5575fbf2a0bdebf53ffd723abd,com.nicue.onetwo.fragments.StartFragment,30,0,7
bc65d32b30cbee5575fbf2a0bdebf53ffd723abd,com.nicue.onetwo.fragments.TimerFragment,317,90,21
bc65d32b30cbee5575fbf2a0bdebf53ffd723abd,com.nicue.onetwo.MainActivity,400,123,24
bc65d32b30cbee5575fbf2a0bdebf53ffd723abd,com.nicue.onetwo.Utils.Pools,149,0,0
bc65d32b30cbee5575fbf2a0bdebf53ffd723abd,com.nicue.onetwo.Utils.ScrollAwareFABBehavior,46,6,8
bc65d32b30cbee5575fbf2a0bdebf53ffd723abd,com.nicue.onetwo.Utils.TimerBackend,199,0,10
bc65d32b30cbee5575fbf2a0bdebf53ffd723abd,com.nicue.onetwo.Utils.TouchDisplayView,424,40,19
bc65d32b30cbee5575fbf2a0bdebf53ffd723abd,com.nicue.onetwo.ExampleUnitTest,17,0,2
9ee53ed8211417b9e253a4072ebe918fa8723c69,com.nicue.onetwo.ExampleInstrumentedTest,26,0,6
9ee53ed8211417b9e253a4072ebe918fa8723c69,com.nicue.onetwo.adapters.DiceListAdapter,213,4,14
9ee53ed8211417b9e253a4072ebe918fa8723c69,com.nicue.onetwo.adapters.ListAdapter,132,4,12
9ee53ed8211417b9e253a4072ebe918fa8723c69,com.nicue.onetwo.db.TaskContract,18,0,1
9ee53ed8211417b9e253a4072ebe918fa8723c69,com.nicue.onetwo.db.TaskDbHelper,35,3,3
9ee53ed8211417b9e253a4072ebe918fa8723c69,com.nicue.onetwo.fragments.ChooserFragment,27,0,8
9ee53ed8211417b9e253a4072ebe918fa8723c69,com.nicue.onetwo.fragments.CounterFragment,216,15,25
9ee53ed8211417b9e253a4072ebe918fa8723c69,com.nicue.onetwo.fragments.DiceFragment,283,0,24
9ee53ed8211417b9e253a4072ebe918fa8723c69,com.nicue.onetwo.fragments.StartFragment,30,0,7
9ee53ed8211417b9e253a4072ebe918fa8723c69,com.nicue.onetwo.fragments.TimerFragment,317,90,21
9ee53ed8211417b9e253a4072ebe918fa8723c69,com.nicue.onetwo.MainActivity,400,123,24
9ee53ed8211417b9e253a4072ebe918fa8723c69,com.nicue.onetwo.Utils.Pools,149,0,0
9ee53ed8211417b9e253a4072ebe918fa8723c69,com.nicue.onetwo.Utils.ScrollAwareFABBehavior,46,6,8
9ee53ed8211417b9e253a4072ebe918fa8723c69,com.nicue.onetwo.Utils.TimerBackend,199,0,10
9ee53ed8211417b9e253a4072ebe918fa8723c69,com.nicue.onetwo.Utils.TouchDisplayView,424,40,19
9ee53ed8211417b9e253a4072ebe918fa8723c69,com.nicue.onetwo.ExampleUnitTest,17,0,2
193bca5905df760039827d8948614d3e1648d189,com.nicue.onetwo.ExampleInstrumentedTest,26,0,6
193bca5905df760039827d8948614d3e1648d189,com.nicue.onetwo.adapters.DiceListAdapter,213,4,14
193bca5905df760039827d8948614d3e1648d189,com.nicue.onetwo.adapters.ListAdapter,132,4,12
193bca5905df760039827d8948614d3e1648d189,com.nicue.onetwo.db.TaskContract,18,0,1
193bca5905df760039827d8948614d3e1648d189,com.nicue.onetwo.db.TaskDbHelper,35,3,3
193bca5905df760039827d8948614d3e1648d189,com.nicue.onetwo.fragments.ChooserFragment,27,0,8
193bca5905df760039827d8948614d3e1648d189,com.nicue.onetwo.fragments.CounterFragment,216,15,25
193bca5905df760039827d8948614d3e1648d189,com.nicue.onetwo.fragments.DiceFragment,283,0,24
193bca5905df760039827d8948614d3e1648d189,com.nicue.onetwo.fragments.StartFragment,30,0,7
193bca5905df760039827d8948614d3e1648d189,com.nicue.onetwo.fragments.TimerFragment,317,90,21
193bca5905df760039827d8948614d3e1648d189,com.nicue.onetwo.MainActivity,400,123,24
193bca5905df760039827d8948614d3e1648d189,com.nicue.onetwo.Utils.Pools,149,0,0
193bca5905df760039827d8948614d3e1648d189,com.nicue.onetwo.Utils.ScrollAwareFABBehavior,46,6,8
193bca5905df760039827d8948614d3e1648d189,com.nicue.onetwo.Utils.TimerBackend,199,0,10
193bca5905df760039827d8948614d3e1648d189,com.nicue.onetwo.Utils.TouchDisplayView,424,40,19
193bca5905df760039827d8948614d3e1648d189,com.nicue.onetwo.ExampleUnitTest,17,0,2
e8dcf79ce22a0a7016d92fce99c5b40d7b910a22,com.nicue.onetwo.ExampleInstrumentedTest,26,0,6
e8dcf79ce22a0a7016d92fce99c5b40d7b910a22,com.nicue.onetwo.adapters.DiceListAdapter,213,4,14
e8dcf79ce22a0a7016d92fce99c5b40d7b910a22,com.nicue.onetwo.adapters.ListAdapter,132,4,12
e8dcf79ce22a0a7016d92fce99c5b40d7b910a22,com.nicue.onetwo.db.TaskContract,18,0,1
e8dcf79ce22a0a7016d92fce99c5b40d7b910a22,com.nicue.onetwo.db.TaskDbHelper,35,3,3
e8dcf79ce22a0a7016d92fce99c5b40d7b910a22,com.nicue.onetwo.fragments.ChooserFragment,27,0,8
e8dcf79ce22a0a7016d92fce99c5b40d7b910a22,com.nicue.onetwo.fragments.CounterFragment,216,15,25
e8dcf79ce22a0a7016d92fce99c5b40d7b910a22,com.nicue.onetwo.fragments.DiceFragment,283,0,24
e8dcf79ce22a0a7016d92fce99c5b40d7b910a22,com.nicue.onetwo.fragments.StartFragment,30,0,7
e8dcf79ce22a0a7016d92fce99c5b40d7b910a22,com.nicue.onetwo.fragments.TimerFragment,317,90,21
e8dcf79ce22a0a7016d92fce99c5b40d7b910a22,com.nicue.onetwo.MainActivity,400,123,24
e8dcf79ce22a0a7016d92fce99c5b40d7b910a22,com.nicue.onetwo.Utils.Pools,149,0,0
e8dcf79ce22a0a7016d92fce99c5b40d7b910a22,com.nicue.onetwo.Utils.ScrollAwareFABBehavior,46,6,8
e8dcf79ce22a0a7016d92fce99c5b40d7b910a22,com.nicue.onetwo.Utils.TimerBackend,199,0,10
e8dcf79ce22a0a7016d92fce99c5b40d7b910a22,com.nicue.onetwo.Utils.TouchDisplayView,424,40,19
e8dcf79ce22a0a7016d92fce99c5b40d7b910a22,com.nicue.onetwo.ExampleUnitTest,17,0,2
26bb63764eb89014f89d04f3062cdd02328763cb,com.nicue.onetwo.ExampleInstrumentedTest,26,0,6
26bb63764eb89014f89d04f3062cdd02328763cb,com.nicue.onetwo.adapters.DiceListAdapter,213,4,14
26bb63764eb89014f89d04f3062cdd02328763cb,com.nicue.onetwo.adapters.ListAdapter,132,4,12
26bb63764eb89014f89d04f3062cdd02328763cb,com.nicue.onetwo.db.TaskContract,18,0,1
26bb63764eb89014f89d04f3062cdd02328763cb,com.nicue.onetwo.db.TaskDbHelper,35,3,3
26bb63764eb89014f89d04f3062cdd02328763cb,com.nicue.onetwo.fragments.ChooserFragment,27,0,8
26bb63764eb89014f89d04f3062cdd02328763cb,com.nicue.onetwo.fragments.CounterFragment,216,15,25
26bb63764eb89014f89d04f3062cdd02328763cb,com.nicue.onetwo.fragments.DiceFragment,283,0,24
26bb63764eb89014f89d04f3062cdd02328763cb,com.nicue.onetwo.fragments.StartFragment,30,0,7
26bb63764eb89014f89d04f3062cdd02328763cb,com.nicue.onetwo.fragments.TimerFragment,317,90,21
26bb63764eb89014f89d04f3062cdd02328763cb,com.nicue.onetwo.MainActivity,400,123,24
26bb63764eb89014f89d04f3062cdd02328763cb,com.nicue.onetwo.Utils.Pools,149,0,0
26bb63764eb89014f89d04f3062cdd02328763cb,com.nicue.onetwo.Utils.ScrollAwareFABBehavior,46,6,8
26bb63764eb89014f89d04f3062cdd02328763cb,com.nicue.onetwo.Utils.TimerBackend,199,0,10
26bb63764eb89014f89d04f3062cdd02328763cb,com.nicue.onetwo.Utils.TouchDisplayView,424,40,19
26bb63764eb89014f89d04f3062cdd02328763cb,com.nicue.onetwo.ExampleUnitTest,17,0,2
cc00ffd513c0bfbd0012fc1c76dcdd4016fc627c,com.nicue.onetwo.ExampleInstrumentedTest,26,0,6
cc00ffd513c0bfbd0012fc1c76dcdd4016fc627c,com.nicue.onetwo.adapters.DiceListAdapter,213,4,14
cc00ffd513c0bfbd0012fc1c76dcdd4016fc627c,com.nicue.onetwo.adapters.ListAdapter,132,4,12
cc00ffd513c0bfbd0012fc1c76dcdd4016fc627c,com.nicue.onetwo.db.TaskContract,18,0,1
cc00ffd513c0bfbd0012fc1c76dcdd4016fc627c,com.nicue.onetwo.db.TaskDbHelper,35,3,3
cc00ffd513c0bfbd0012fc1c76dcdd4016fc627c,com.nicue.onetwo.fragments.ChooserFragment,27,0,8
cc00ffd513c0bfbd0012fc1c76dcdd4016fc627c,com.nicue.onetwo.fragments.CounterFragment,216,15,25
cc00ffd513c0bfbd0012fc1c76dcdd4016fc627c,com.nicue.onetwo.fragments.DiceFragment,283,0,24
cc00ffd513c0bfbd0012fc1c76dcdd4016fc627c,com.nicue.onetwo.fragments.StartFragment,30,0,7
cc00ffd513c0bfbd0012fc1c76dcdd4016fc627c,com.nicue.onetwo.fragments.TimerFragment,317,90,21
cc00ffd513c0bfbd0012fc1c76dcdd4016fc627c,com.nicue.onetwo.MainActivity,400,123,24
cc00ffd513c0bfbd0012fc1c76dcdd4016fc627c,com.nicue.onetwo.Utils.Pools,149,0,0
cc00ffd513c0bfbd0012fc1c76dcdd4016fc627c,com.nicue.onetwo.Utils.ScrollAwareFABBehavior,46,6,8
cc00ffd513c0bfbd0012fc1c76dcdd4016fc627c,com.nicue.onetwo.Utils.TimerBackend,199,0,10
cc00ffd513c0bfbd0012fc1c76dcdd4016fc627c,com.nicue.onetwo.Utils.TouchDisplayView,424,40,19
cc00ffd513c0bfbd0012fc1c76dcdd4016fc627c,com.nicue.onetwo.ExampleUnitTest,17,0,2
efaadbf8c8c3f22fb123917a3dbbd7b323ebb884,com.nicue.onetwo.ExampleInstrumentedTest,26,0,6
efaadbf8c8c3f22fb123917a3dbbd7b323ebb884,com.nicue.onetwo.adapters.DiceListAdapter,213,4,14
efaadbf8c8c3f22fb123917a3dbbd7b323ebb884,com.nicue.onetwo.adapters.ListAdapter,132,4,12
efaadbf8c8c3f22fb123917a3dbbd7b323ebb884,com.nicue.onetwo.db.TaskContract,18,0,1
efaadbf8c8c3f22fb123917a3dbbd7b323ebb884,com.nicue.onetwo.db.TaskDbHelper,35,3,3
efaadbf8c8c3f22fb123917a3dbbd7b323ebb884,com.nicue.onetwo.fragments.ChooserFragment,27,0,8
efaadbf8c8c3f22fb123917a3dbbd7b323ebb884,com.nicue.onetwo.fragments.CounterFragment,216,15,25
efaadbf8c8c3f22fb123917a3dbbd7b323ebb884,com.nicue.onetwo.fragments.DiceFragment,283,0,24
efaadbf8c8c3f22fb123917a3dbbd7b323ebb884,com.nicue.onetwo.fragments.StartFragment,30,0,7
efaadbf8c8c3f22fb123917a3dbbd7b323ebb884,com.nicue.onetwo.fragments.TimerFragment,317,90,21
efaadbf8c8c3f22fb123917a3dbbd7b323ebb884,com.nicue.onetwo.MainActivity,400,123,24
efaadbf8c8c3f22fb123917a3dbbd7b323ebb884,com.nicue.onetwo.Utils.Pools,149,0,0
efaadbf8c8c3f22fb123917a3dbbd7b323ebb884,com.nicue.onetwo.Utils.ScrollAwareFABBehavior,46,6,8
efaadbf8c8c3f22fb123917a3dbbd7b323ebb884,com.nicue.onetwo.Utils.TimerBackend,199,0,10
efaadbf8c8c3f22fb123917a3dbbd7b323ebb884,com.nicue.onetwo.Utils.TouchDisplayView,424,40,19
efaadbf8c8c3f22fb123917a3dbbd7b323ebb884,com.nicue.onetwo.ExampleUnitTest,17,0,2
1bbf41ec0b5eea35a935d250158dfe3940f26577,com.nicue.onetwo.ExampleInstrumentedTest,26,0,6
1bbf41ec0b5eea35a935d250158dfe3940f26577,com.nicue.onetwo.adapters.DiceListAdapter,213,4,14
1bbf41ec0b5eea35a935d250158dfe3940f26577,com.nicue.onetwo.adapters.ListAdapter,132,4,12
1bbf41ec0b5eea35a935d250158dfe3940f26577,com.nicue.onetwo.db.TaskContract,18,0,1
1bbf41ec0b5eea35a935d250158dfe3940f26577,com.nicue.onetwo.db.TaskDbHelper,35,3,3
1bbf41ec0b5eea35a935d250158dfe3940f26577,com.nicue.onetwo.fragments.ChooserFragment,27,0,8
1bbf41ec0b5eea35a935d250158dfe3940f26577,com.nicue.onetwo.fragments.CounterFragment,216,15,25
1bbf41ec0b5eea35a935d250158dfe3940f26577,com.nicue.onetwo.fragments.DiceFragment,283,0,24
1bbf41ec0b5eea35a935d250158dfe3940f26577,com.nicue.onetwo.fragments.StartFragment,30,0,7
1bbf41ec0b5eea35a935d250158dfe3940f26577,com.nicue.onetwo.fragments.TimerFragment,317,90,21
1bbf41ec0b5eea35a935d250158dfe3940f26577,com.nicue.onetwo.MainActivity,400,123,24
1bbf41ec0b5eea35a935d250158dfe3940f26577,com.nicue.onetwo.Utils.Pools,149,0,0
1bbf41ec0b5eea35a935d250158dfe3940f26577,com.nicue.onetwo.Utils.ScrollAwareFABBehavior,46,6,8
1bbf41ec0b5eea35a935d250158dfe3940f26577,com.nicue.onetwo.Utils.TimerBackend,199,0,10
1bbf41ec0b5eea35a935d250158dfe3940f26577,com.nicue.onetwo.Utils.TouchDisplayView,424,40,19
1bbf41ec0b5eea35a935d250158dfe3940f26577,com.nicue.onetwo.ExampleUnitTest,17,0,2
a1177128858b4c68d3484e1a70003a981059125a,com.nicue.onetwo.ExampleInstrumentedTest,26,0,6
a1177128858b4c68d3484e1a70003a981059125a,com.nicue.onetwo.adapters.DiceListAdapter,213,4,14
a1177128858b4c68d3484e1a70003a981059125a,com.nicue.onetwo.adapters.ListAdapter,132,4,12
a1177128858b4c68d3484e1a70003a981059125a,com.nicue.onetwo.db.TaskContract,18,0,1
a1177128858b4c68d3484e1a70003a981059125a,com.nicue.onetwo.db.TaskDbHelper,35,3,3
a1177128858b4c68d3484e1a70003a981059125a,com.nicue.onetwo.fragments.ChooserFragment,27,0,8
a1177128858b4c68d3484e1a70003a981059125a,com.nicue.onetwo.fragments.CounterFragment,216,15,25
a1177128858b4c68d3484e1a70003a981059125a,com.nicue.onetwo.fragments.DiceFragment,283,0,24
a1177128858b4c68d3484e1a70003a981059125a,com.nicue.onetwo.fragments.StartFragment,30,0,7
a1177128858b4c68d3484e1a70003a981059125a,com.nicue.onetwo.fragments.TimerFragment,317,90,21
a1177128858b4c68d3484e1a70003a981059125a,com.nicue.onetwo.MainActivity,400,123,24
a1177128858b4c68d3484e1a70003a981059125a,com.nicue.onetwo.Utils.Pools,149,0,0
a1177128858b4c68d3484e1a70003a981059125a,com.nicue.onetwo.Utils.ScrollAwareFABBehavior,46,6,8
a1177128858b4c68d3484e1a70003a981059125a,com.nicue.onetwo.Utils.TimerBackend,199,0,10
a1177128858b4c68d3484e1a70003a981059125a,com.nicue.onetwo.Utils.TouchDisplayView,424,40,19
a1177128858b4c68d3484e1a70003a981059125a,com.nicue.onetwo.ExampleUnitTest,17,0,2
e92e9e93539262dd80abf53504ffdf9adbc608bb,com.nicue.onetwo.ExampleInstrumentedTest,26,0,6
e92e9e93539262dd80abf53504ffdf9adbc608bb,com.nicue.onetwo.adapters.DiceListAdapter,213,4,14
e92e9e93539262dd80abf53504ffdf9adbc608bb,com.nicue.onetwo.adapters.ListAdapter,132,4,12
e92e9e93539262dd80abf53504ffdf9adbc608bb,com.nicue.onetwo.db.TaskContract,18,0,1
e92e9e93539262dd80abf53504ffdf9adbc608bb,com.nicue.onetwo.db.TaskDbHelper,35,3,3
e92e9e93539262dd80abf53504ffdf9adbc608bb,com.nicue.onetwo.fragments.ChooserFragment,27,0,8
e92e9e93539262dd80abf53504ffdf9adbc608bb,com.nicue.onetwo.fragments.CounterFragment,216,15,25
e92e9e93539262dd80abf53504ffdf9adbc608bb,com.nicue.onetwo.fragments.DiceFragment,283,0,24
e92e9e93539262dd80abf53504ffdf9adbc608bb,com.nicue.onetwo.fragments.StartFragment,30,0,7
e92e9e93539262dd80abf53504ffdf9adbc608bb,com.nicue.onetwo.fragments.TimerFragment,317,90,21
e92e9e93539262dd80abf53504ffdf9adbc608bb,com.nicue.onetwo.MainActivity,400,123,24
e92e9e93539262dd80abf53504ffdf9adbc608bb,com.nicue.onetwo.Utils.Pools,149,0,0
e92e9e93539262dd80abf53504ffdf9adbc608bb,com.nicue.onetwo.Utils.ScrollAwareFABBehavior,46,6,8
e92e9e93539262dd80abf53504ffdf9adbc608bb,com.nicue.onetwo.Utils.TimerBackend,199,0,10
e92e9e93539262dd80abf53504ffdf9adbc608bb,com.nicue.onetwo.Utils.TouchDisplayView,424,40,19
e92e9e93539262dd80abf53504ffdf9adbc608bb,com.nicue.onetwo.ExampleUnitTest,17,0,2
eebd1f5e8d99f478dc88d6ec4bf1f82ddc6c5fa9,com.nicue.onetwo.ExampleInstrumentedTest,26,0,6
eebd1f5e8d99f478dc88d6ec4bf1f82ddc6c5fa9,com.nicue.onetwo.adapters.DiceListAdapter,213,4,14
eebd1f5e8d99f478dc88d6ec4bf1f82ddc6c5fa9,com.nicue.onetwo.adapters.ListAdapter,132,4,12
eebd1f5e8d99f478dc88d6ec4bf1f82ddc6c5fa9,com.nicue.onetwo.db.TaskContract,18,0,1
eebd1f5e8d99f478dc88d6ec4bf1f82ddc6c5fa9,com.nicue.onetwo.db.TaskDbHelper,35,3,3
eebd1f5e8d99f478dc88d6ec4bf1f82ddc6c5fa9,com.nicue.onetwo.fragments.ChooserFragment,27,0,8
eebd1f5e8d99f478dc88d6ec4bf1f82ddc6c5fa9,com.nicue.onetwo.fragments.CounterFragment,216,15,25
eebd1f5e8d99f478dc88d6ec4bf1f82ddc6c5fa9,com.nicue.onetwo.fragments.DiceFragment,283,0,24
eebd1f5e8d99f478dc88d6ec4bf1f82ddc6c5fa9,com.nicue.onetwo.fragments.StartFragment,30,0,7
eebd1f5e8d99f478dc88d6ec4bf1f82ddc6c5fa9,com.nicue.onetwo.fragments.TimerFragment,317,90,21
eebd1f5e8d99f478dc88d6ec4bf1f82ddc6c5fa9,com.nicue.onetwo.MainActivity,400,123,24
eebd1f5e8d99f478dc88d6ec4bf1f82ddc6c5fa9,com.nicue.onetwo.Utils.Pools,149,0,0
eebd1f5e8d99f478dc88d6ec4bf1f82ddc6c5fa9,com.nicue.onetwo.Utils.ScrollAwareFABBehavior,46,6,8
eebd1f5e8d99f478dc88d6ec4bf1f82ddc6c5fa9,com.nicue.onetwo.Utils.TimerBackend,199,0,10
eebd1f5e8d99f478dc88d6ec4bf1f82ddc6c5fa9,com.nicue.onetwo.Utils.TouchDisplayView,424,40,19
eebd1f5e8d99f478dc88d6ec4bf1f82ddc6c5fa9,com.nicue.onetwo.ExampleUnitTest,17,0,2
7725b58659402c4e91b64b04891c9b5fb9311d05,com.nicue.onetwo.ExampleInstrumentedTest,26,0,6
7725b58659402c4e91b64b04891c9b5fb9311d05,com.nicue.onetwo.adapters.DiceListAdapter,213,4,14
7725b58659402c4e91b64b04891c9b5fb9311d05,com.nicue.onetwo.adapters.ListAdapter,132,4,12
7725b58659402c4e91b64b04891c9b5fb9311d05,com.nicue.onetwo.db.TaskContract,18,0,1
7725b58659402c4e91b64b04891c9b5fb9311d05,com.nicue.onetwo.db.TaskDbHelper,35,3,3
7725b58659402c4e91b64b04891c9b5fb9311d05,com.nicue.onetwo.fragments.ChooserFragment,27,0,8
7725b58659402c4e91b64b04891c9b5fb9311d05,com.nicue.onetwo.fragments.CounterFragment,216,15,25
7725b58659402c4e91b64b04891c9b5fb9311d05,com.nicue.onetwo.fragments.DiceFragment,283,0,24
7725b58659402c4e91b64b04891c9b5fb9311d05,com.nicue.onetwo.fragments.StartFragment,30,0,7
7725b58659402c4e91b64b04891c9b5fb9311d05,com.nicue.onetwo.fragments.TimerFragment,317,90,21
7725b58659402c4e91b64b04891c9b5fb9311d05,com.nicue.onetwo.MainActivity,400,123,24
7725b58659402c4e91b64b04891c9b5fb9311d05,com.nicue.onetwo.Utils.Pools,149,0,0
7725b58659402c4e91b64b04891c9b5fb9311d05,com.nicue.onetwo.Utils.ScrollAwareFABBehavior,46,6,8
7725b58659402c4e91b64b04891c9b5fb9311d05,com.nicue.onetwo.Utils.TimerBackend,199,0,10
7725b58659402c4e91b64b04891c9b5fb9311d05,com.nicue.onetwo.Utils.TouchDisplayView,424,40,19
7725b58659402c4e91b64b04891c9b5fb9311d05,com.nicue.onetwo.ExampleUnitTest,17,0,2
c8413825d614b54ea2c64fa06d8d63c32a99362d,com.nicue.onetwo.ExampleInstrumentedTest,26,0,6
c8413825d614b54ea2c64fa06d8d63c32a99362d,com.nicue.onetwo.adapters.DiceListAdapter,213,4,14
c8413825d614b54ea2c64fa06d8d63c32a99362d,com.nicue.onetwo.adapters.ListAdapter,132,4,12
c8413825d614b54ea2c64fa06d8d63c32a99362d,com.nicue.onetwo.db.TaskContract,18,0,1
c8413825d614b54ea2c64fa06d8d63c32a99362d,com.nicue.onetwo.db.TaskDbHelper,35,3,3
c8413825d614b54ea2c64fa06d8d63c32a99362d,com.nicue.onetwo.fragments.ChooserFragment,27,0,8
c8413825d614b54ea2c64fa06d8d63c32a99362d,com.nicue.onetwo.fragments.CounterFragment,216,15,25
c8413825d614b54ea2c64fa06d8d63c32a99362d,com.nicue.onetwo.fragments.DiceFragment,283,0,24
c8413825d614b54ea2c64fa06d8d63c32a99362d,com.nicue.onetwo.fragments.StartFragment,30,0,7
c8413825d614b54ea2c64fa06d8d63c32a99362d,com.nicue.onetwo.fragments.TimerFragment,317,90,21
c8413825d614b54ea2c64fa06d8d63c32a99362d,com.nicue.onetwo.MainActivity,400,123,24
c8413825d614b54ea2c64fa06d8d63c32a99362d,com.nicue.onetwo.Utils.Pools,149,0,0
c8413825d614b54ea2c64fa06d8d63c32a99362d,com.nicue.onetwo.Utils.ScrollAwareFABBehavior,46,6,8
c8413825d614b54ea2c64fa06d8d63c32a99362d,com.nicue.onetwo.Utils.TimerBackend,199,0,10
c8413825d614b54ea2c64fa06d8d63c32a99362d,com.nicue.onetwo.Utils.TouchDisplayView,424,40,19
c8413825d614b54ea2c64fa06d8d63c32a99362d,com.nicue.onetwo.ExampleUnitTest,17,0,2
54827ef61b5acc4510dc35732da190361cfc887e,com.nicue.onetwo.ExampleInstrumentedTest,26,0,6
54827ef61b5acc4510dc35732da190361cfc887e,com.nicue.onetwo.adapters.DiceListAdapter,213,4,14
54827ef61b5acc4510dc35732da190361cfc887e,com.nicue.onetwo.adapters.ListAdapter,132,4,12
54827ef61b5acc4510dc35732da190361cfc887e,com.nicue.onetwo.db.TaskContract,18,0,1
54827ef61b5acc4510dc35732da190361cfc887e,com.nicue.onetwo.db.TaskDbHelper,35,3,3
54827ef61b5acc4510dc35732da190361cfc887e,com.nicue.onetwo.fragments.ChooserFragment,27,0,8
54827ef61b5acc4510dc35732da190361cfc887e,com.nicue.onetwo.fragments.CounterFragment,216,15,25
54827ef61b5acc4510dc35732da190361cfc887e,com.nicue.onetwo.fragments.DiceFragment,283,0,24
54827ef61b5acc4510dc35732da190361cfc887e,com.nicue.onetwo.fragments.StartFragment,30,0,7
54827ef61b5acc4510dc35732da190361cfc887e,com.nicue.onetwo.fragments.TimerFragment,317,90,21
54827ef61b5acc4510dc35732da190361cfc887e,com.nicue.onetwo.MainActivity,400,123,24
54827ef61b5acc4510dc35732da190361cfc887e,com.nicue.onetwo.Utils.Pools,149,0,0
54827ef61b5acc4510dc35732da190361cfc887e,com.nicue.onetwo.Utils.ScrollAwareFABBehavior,46,6,8
54827ef61b5acc4510dc35732da190361cfc887e,com.nicue.onetwo.Utils.TimerBackend,199,0,10
54827ef61b5acc4510dc35732da190361cfc887e,com.nicue.onetwo.Utils.TouchDisplayView,424,40,19
54827ef61b5acc4510dc35732da190361cfc887e,com.nicue.onetwo.ExampleUnitTest,17,0,2
