a09e0290ca3b87989cee2850b98976a4e575c615,nl.ttys0.simplec25k.R,73,0,0
a09e0290ca3b87989cee2850b98976a4e575c615,nl.ttys0.simplec25k.CountdownChronometer,482,367,9
a09e0290ca3b87989cee2850b98976a4e575c615,nl.ttys0.simplec25k.MyAlarmService,105,10,8
a09e0290ca3b87989cee2850b98976a4e575c615,nl.ttys0.simplec25k.MyPhoneStateListener,44,0,4
a09e0290ca3b87989cee2850b98976a4e575c615,nl.ttys0.simplec25k.MyPreferenceActivity,52,6,9
a09e0290ca3b87989cee2850b98976a4e575c615,nl.ttys0.simplec25k.ProgramService,705,38,18
a09e0290ca3b87989cee2850b98976a4e575c615,nl.ttys0.simplec25k.ServiceReceiver,20,0,5
a09e0290ca3b87989cee2850b98976a4e575c615,nl.ttys0.simplec25k.Simplec25kMainActivity,173,0,17
a09e0290ca3b87989cee2850b98976a4e575c615,nl.ttys0.simplec25k.TimerActivity,385,75,21
a09e0290ca3b87989cee2850b98976a4e575c615,nl.ttys0.simplec25k.WorkoutFileEditor,71,0,7
fe2104bbbd77f2f9597e74a99a0f6ead194d7a2f,nl.ttys0.simplec25k.R,73,0,0
fe2104bbbd77f2f9597e74a99a0f6ead194d7a2f,nl.ttys0.simplec25k.CountdownChronometer,482,367,9
fe2104bbbd77f2f9597e74a99a0f6ead194d7a2f,nl.ttys0.simplec25k.MyAlarmService,105,10,8
fe2104bbbd77f2f9597e74a99a0f6ead194d7a2f,nl.ttys0.simplec25k.MyPhoneStateListener,44,0,4
fe2104bbbd77f2f9597e74a99a0f6ead194d7a2f,nl.ttys0.simplec25k.MyPreferenceActivity,52,6,9
fe2104bbbd77f2f9597e74a99a0f6ead194d7a2f,nl.ttys0.simplec25k.ProgramService,705,38,18
fe2104bbbd77f2f9597e74a99a0f6ead194d7a2f,nl.ttys0.simplec25k.ServiceReceiver,20,0,5
fe2104bbbd77f2f9597e74a99a0f6ead194d7a2f,nl.ttys0.simplec25k.Simplec25kMainActivity,173,0,17
fe2104bbbd77f2f9597e74a99a0f6ead194d7a2f,nl.ttys0.simplec25k.TimerActivity,385,75,21
fe2104bbbd77f2f9597e74a99a0f6ead194d7a2f,nl.ttys0.simplec25k.WorkoutFileEditor,71,0,7
0cf0f518437d5a453100b6bedddb3c6b82f31ff1,nl.ttys0.simplec25k.R,73,0,0
0cf0f518437d5a453100b6bedddb3c6b82f31ff1,nl.ttys0.simplec25k.CountdownChronometer,482,367,9
0cf0f518437d5a453100b6bedddb3c6b82f31ff1,nl.ttys0.simplec25k.MyAlarmService,105,10,8
0cf0f518437d5a453100b6bedddb3c6b82f31ff1,nl.ttys0.simplec25k.MyPhoneStateListener,44,0,4
0cf0f518437d5a453100b6bedddb3c6b82f31ff1,nl.ttys0.simplec25k.MyPreferenceActivity,52,6,9
0cf0f518437d5a453100b6bedddb3c6b82f31ff1,nl.ttys0.simplec25k.ProgramService,705,38,18
0cf0f518437d5a453100b6bedddb3c6b82f31ff1,nl.ttys0.simplec25k.ServiceReceiver,20,0,5
0cf0f518437d5a453100b6bedddb3c6b82f31ff1,nl.ttys0.simplec25k.Simplec25kMainActivity,173,0,17
0cf0f518437d5a453100b6bedddb3c6b82f31ff1,nl.ttys0.simplec25k.TimerActivity,385,75,21
0cf0f518437d5a453100b6bedddb3c6b82f31ff1,nl.ttys0.simplec25k.WorkoutFileEditor,71,0,7
191749d57a0490021dc3edadcc34795a6bbccd99,nl.ttys0.simplec25k.R,73,0,0
191749d57a0490021dc3edadcc34795a6bbccd99,nl.ttys0.simplec25k.CountdownChronometer,482,367,9
191749d57a0490021dc3edadcc34795a6bbccd99,nl.ttys0.simplec25k.MyAlarmService,105,10,8
191749d57a0490021dc3edadcc34795a6bbccd99,nl.ttys0.simplec25k.MyPhoneStateListener,44,0,4
191749d57a0490021dc3edadcc34795a6bbccd99,nl.ttys0.simplec25k.MyPreferenceActivity,52,6,9
191749d57a0490021dc3edadcc34795a6bbccd99,nl.ttys0.simplec25k.ProgramService,705,38,18
191749d57a0490021dc3edadcc34795a6bbccd99,nl.ttys0.simplec25k.ServiceReceiver,20,0,5
191749d57a0490021dc3edadcc34795a6bbccd99,nl.ttys0.simplec25k.Simplec25kMainActivity,173,0,17
191749d57a0490021dc3edadcc34795a6bbccd99,nl.ttys0.simplec25k.TimerActivity,385,75,21
191749d57a0490021dc3edadcc34795a6bbccd99,nl.ttys0.simplec25k.WorkoutFileEditor,71,0,7
711a515276e6501be5245852ba124ce76521da84,nl.ttys0.simplec25k.R,73,0,0
711a515276e6501be5245852ba124ce76521da84,nl.ttys0.simplec25k.CountdownChronometer,482,367,9
711a515276e6501be5245852ba124ce76521da84,nl.ttys0.simplec25k.MyAlarmService,105,10,8
711a515276e6501be5245852ba124ce76521da84,nl.ttys0.simplec25k.MyPhoneStateListener,44,0,4
711a515276e6501be5245852ba124ce76521da84,nl.ttys0.simplec25k.MyPreferenceActivity,52,6,9
711a515276e6501be5245852ba124ce76521da84,nl.ttys0.simplec25k.ProgramService,705,38,18
711a515276e6501be5245852ba124ce76521da84,nl.ttys0.simplec25k.ServiceReceiver,20,0,5
711a515276e6501be5245852ba124ce76521da84,nl.ttys0.simplec25k.Simplec25kMainActivity,173,0,17
711a515276e6501be5245852ba124ce76521da84,nl.ttys0.simplec25k.TimerActivity,385,75,21
711a515276e6501be5245852ba124ce76521da84,nl.ttys0.simplec25k.WorkoutFileEditor,71,0,7
09c4ed35882dc33ec4644a6f8b30dfea54fe2453,nl.ttys0.simplec25k.R,73,0,0
09c4ed35882dc33ec4644a6f8b30dfea54fe2453,nl.ttys0.simplec25k.CountdownChronometer,482,367,9
09c4ed35882dc33ec4644a6f8b30dfea54fe2453,nl.ttys0.simplec25k.MyAlarmService,105,10,8
09c4ed35882dc33ec4644a6f8b30dfea54fe2453,nl.ttys0.simplec25k.MyPhoneStateListener,44,0,4
09c4ed35882dc33ec4644a6f8b30dfea54fe2453,nl.ttys0.simplec25k.MyPreferenceActivity,52,6,9
09c4ed35882dc33ec4644a6f8b30dfea54fe2453,nl.ttys0.simplec25k.ProgramService,705,38,18
09c4ed35882dc33ec4644a6f8b30dfea54fe2453,nl.ttys0.simplec25k.ServiceReceiver,20,0,5
09c4ed35882dc33ec4644a6f8b30dfea54fe2453,nl.ttys0.simplec25k.Simplec25kMainActivity,173,0,17
09c4ed35882dc33ec4644a6f8b30dfea54fe2453,nl.ttys0.simplec25k.TimerActivity,385,75,21
09c4ed35882dc33ec4644a6f8b30dfea54fe2453,nl.ttys0.simplec25k.WorkoutFileEditor,71,0,7
688c060a0e2f626bd3bf95f557d91481d7c0a9bd,nl.ttys0.simplec25k.R,73,0,0
688c060a0e2f626bd3bf95f557d91481d7c0a9bd,nl.ttys0.simplec25k.CountdownChronometer,482,367,9
688c060a0e2f626bd3bf95f557d91481d7c0a9bd,nl.ttys0.simplec25k.MyAlarmService,105,10,8
688c060a0e2f626bd3bf95f557d91481d7c0a9bd,nl.ttys0.simplec25k.MyPhoneStateListener,44,0,4
688c060a0e2f626bd3bf95f557d91481d7c0a9bd,nl.ttys0.simplec25k.MyPreferenceActivity,52,6,9
688c060a0e2f626bd3bf95f557d91481d7c0a9bd,nl.ttys0.simplec25k.ProgramService,705,38,18
688c060a0e2f626bd3bf95f557d91481d7c0a9bd,nl.ttys0.simplec25k.ServiceReceiver,20,0,5
688c060a0e2f626bd3bf95f557d91481d7c0a9bd,nl.ttys0.simplec25k.Simplec25kMainActivity,173,0,17
688c060a0e2f626bd3bf95f557d91481d7c0a9bd,nl.ttys0.simplec25k.TimerActivity,385,75,21
688c060a0e2f626bd3bf95f557d91481d7c0a9bd,nl.ttys0.simplec25k.WorkoutFileEditor,71,0,7
89da1ea998ec979873946a9dd6bad3b30ff57a8b,nl.ttys0.simplec25k.R,73,0,0
89da1ea998ec979873946a9dd6bad3b30ff57a8b,nl.ttys0.simplec25k.CountdownChronometer,482,367,9
89da1ea998ec979873946a9dd6bad3b30ff57a8b,nl.ttys0.simplec25k.MyAlarmService,105,10,8
89da1ea998ec979873946a9dd6bad3b30ff57a8b,nl.ttys0.simplec25k.MyPhoneStateListener,44,0,4
89da1ea998ec979873946a9dd6bad3b30ff57a8b,nl.ttys0.simplec25k.MyPreferenceActivity,52,6,9
89da1ea998ec979873946a9dd6bad3b30ff57a8b,nl.ttys0.simplec25k.ProgramService,705,38,18
89da1ea998ec979873946a9dd6bad3b30ff57a8b,nl.ttys0.simplec25k.ServiceReceiver,20,0,5
89da1ea998ec979873946a9dd6bad3b30ff57a8b,nl.ttys0.simplec25k.Simplec25kMainActivity,173,0,17
89da1ea998ec979873946a9dd6bad3b30ff57a8b,nl.ttys0.simplec25k.TimerActivity,385,75,21
89da1ea998ec979873946a9dd6bad3b30ff57a8b,nl.ttys0.simplec25k.WorkoutFileEditor,71,0,7
377a9400a1e0d9d55a7559b8aac314a84bd72db6,nl.ttys0.simplec25k.R,73,0,0
377a9400a1e0d9d55a7559b8aac314a84bd72db6,nl.ttys0.simplec25k.CountdownChronometer,482,367,9
377a9400a1e0d9d55a7559b8aac314a84bd72db6,nl.ttys0.simplec25k.MyAlarmService,105,10,8
377a9400a1e0d9d55a7559b8aac314a84bd72db6,nl.ttys0.simplec25k.MyPhoneStateListener,44,0,4
377a9400a1e0d9d55a7559b8aac314a84bd72db6,nl.ttys0.simplec25k.MyPreferenceActivity,52,6,9
377a9400a1e0d9d55a7559b8aac314a84bd72db6,nl.ttys0.simplec25k.ProgramService,705,38,18
377a9400a1e0d9d55a7559b8aac314a84bd72db6,nl.ttys0.simplec25k.ServiceReceiver,20,0,5
377a9400a1e0d9d55a7559b8aac314a84bd72db6,nl.ttys0.simplec25k.Simplec25kMainActivity,173,0,17
377a9400a1e0d9d55a7559b8aac314a84bd72db6,nl.ttys0.simplec25k.TimerActivity,385,75,21
377a9400a1e0d9d55a7559b8aac314a84bd72db6,nl.ttys0.simplec25k.WorkoutFileEditor,71,0,7
58bc259056aff1ca73d21b0e815f38eb9ae92c30,nl.ttys0.simplec25k.R,73,0,0
58bc259056aff1ca73d21b0e815f38eb9ae92c30,nl.ttys0.simplec25k.CountdownChronometer,482,367,9
58bc259056aff1ca73d21b0e815f38eb9ae92c30,nl.ttys0.simplec25k.MyAlarmService,105,10,8
58bc259056aff1ca73d21b0e815f38eb9ae92c30,nl.ttys0.simplec25k.MyPhoneStateListener,44,0,4
58bc259056aff1ca73d21b0e815f38eb9ae92c30,nl.ttys0.simplec25k.MyPreferenceActivity,52,6,9
58bc259056aff1ca73d21b0e815f38eb9ae92c30,nl.ttys0.simplec25k.ProgramService,705,38,18
58bc259056aff1ca73d21b0e815f38eb9ae92c30,nl.ttys0.simplec25k.ServiceReceiver,20,0,5
58bc259056aff1ca73d21b0e815f38eb9ae92c30,nl.ttys0.simplec25k.Simplec25kMainActivity,173,0,17
58bc259056aff1ca73d21b0e815f38eb9ae92c30,nl.ttys0.simplec25k.TimerActivity,385,75,21
58bc259056aff1ca73d21b0e815f38eb9ae92c30,nl.ttys0.simplec25k.WorkoutFileEditor,71,0,7
cf62e9de965479d24352834c2287aded8280e713,nl.ttys0.simplec25k.R,73,0,0
cf62e9de965479d24352834c2287aded8280e713,nl.ttys0.simplec25k.CountdownChronometer,482,367,9
cf62e9de965479d24352834c2287aded8280e713,nl.ttys0.simplec25k.MyAlarmService,105,10,8
cf62e9de965479d24352834c2287aded8280e713,nl.ttys0.simplec25k.MyPhoneStateListener,44,0,4
cf62e9de965479d24352834c2287aded8280e713,nl.ttys0.simplec25k.MyPreferenceActivity,52,6,9
cf62e9de965479d24352834c2287aded8280e713,nl.ttys0.simplec25k.ProgramService,705,38,18
cf62e9de965479d24352834c2287aded8280e713,nl.ttys0.simplec25k.ServiceReceiver,20,0,5
cf62e9de965479d24352834c2287aded8280e713,nl.ttys0.simplec25k.Simplec25kMainActivity,173,0,17
cf62e9de965479d24352834c2287aded8280e713,nl.ttys0.simplec25k.TimerActivity,385,75,21
cf62e9de965479d24352834c2287aded8280e713,nl.ttys0.simplec25k.WorkoutFileEditor,71,0,7
633303fb4fdbe30f8cd7d0ae09fbf29cf7a83b77,nl.ttys0.simplec25k.R,73,0,0
633303fb4fdbe30f8cd7d0ae09fbf29cf7a83b77,nl.ttys0.simplec25k.CountdownChronometer,482,367,9
633303fb4fdbe30f8cd7d0ae09fbf29cf7a83b77,nl.ttys0.simplec25k.MyAlarmService,105,10,8
633303fb4fdbe30f8cd7d0ae09fbf29cf7a83b77,nl.ttys0.simplec25k.MyPhoneStateListener,44,0,4
633303fb4fdbe30f8cd7d0ae09fbf29cf7a83b77,nl.ttys0.simplec25k.MyPreferenceActivity,52,6,9
633303fb4fdbe30f8cd7d0ae09fbf29cf7a83b77,nl.ttys0.simplec25k.ProgramService,705,38,18
633303fb4fdbe30f8cd7d0ae09fbf29cf7a83b77,nl.ttys0.simplec25k.ServiceReceiver,20,0,5
633303fb4fdbe30f8cd7d0ae09fbf29cf7a83b77,nl.ttys0.simplec25k.Simplec25kMainActivity,173,0,17
633303fb4fdbe30f8cd7d0ae09fbf29cf7a83b77,nl.ttys0.simplec25k.TimerActivity,385,75,21
633303fb4fdbe30f8cd7d0ae09fbf29cf7a83b77,nl.ttys0.simplec25k.WorkoutFileEditor,71,0,7
0d95c4320c4c0c971582393aa7639b4e81298352,nl.ttys0.simplec25k.R,73,0,0
0d95c4320c4c0c971582393aa7639b4e81298352,nl.ttys0.simplec25k.CountdownChronometer,482,367,9
0d95c4320c4c0c971582393aa7639b4e81298352,nl.ttys0.simplec25k.MyAlarmService,105,10,8
0d95c4320c4c0c971582393aa7639b4e81298352,nl.ttys0.simplec25k.MyPhoneStateListener,44,0,4
0d95c4320c4c0c971582393aa7639b4e81298352,nl.ttys0.simplec25k.MyPreferenceActivity,52,6,9
0d95c4320c4c0c971582393aa7639b4e81298352,nl.ttys0.simplec25k.ProgramService,705,38,18
0d95c4320c4c0c971582393aa7639b4e81298352,nl.ttys0.simplec25k.ServiceReceiver,20,0,5
0d95c4320c4c0c971582393aa7639b4e81298352,nl.ttys0.simplec25k.Simplec25kMainActivity,173,0,17
0d95c4320c4c0c971582393aa7639b4e81298352,nl.ttys0.simplec25k.TimerActivity,385,75,21
0d95c4320c4c0c971582393aa7639b4e81298352,nl.ttys0.simplec25k.WorkoutFileEditor,71,0,7
1e8fba9551f8322e2eab2205d961f3a7d1bebcc3,nl.ttys0.simplec25k.R,73,0,0
1e8fba9551f8322e2eab2205d961f3a7d1bebcc3,nl.ttys0.simplec25k.CountdownChronometer,482,367,9
1e8fba9551f8322e2eab2205d961f3a7d1bebcc3,nl.ttys0.simplec25k.MyAlarmService,105,10,8
1e8fba9551f8322e2eab2205d961f3a7d1bebcc3,nl.ttys0.simplec25k.MyPhoneStateListener,44,0,4
1e8fba9551f8322e2eab2205d961f3a7d1bebcc3,nl.ttys0.simplec25k.MyPreferenceActivity,52,6,9
1e8fba9551f8322e2eab2205d961f3a7d1bebcc3,nl.ttys0.simplec25k.ProgramService,705,38,18
1e8fba9551f8322e2eab2205d961f3a7d1bebcc3,nl.ttys0.simplec25k.ServiceReceiver,20,0,5
1e8fba9551f8322e2eab2205d961f3a7d1bebcc3,nl.ttys0.simplec25k.Simplec25kMainActivity,173,0,17
1e8fba9551f8322e2eab2205d961f3a7d1bebcc3,nl.ttys0.simplec25k.TimerActivity,385,75,21
1e8fba9551f8322e2eab2205d961f3a7d1bebcc3,nl.ttys0.simplec25k.WorkoutFileEditor,71,0,7
1906b5cd41747a46518e1c4d6e17cc6291db4149,nl.ttys0.simplec25k.R,73,0,0
1906b5cd41747a46518e1c4d6e17cc6291db4149,nl.ttys0.simplec25k.CountdownChronometer,482,367,9
1906b5cd41747a46518e1c4d6e17cc6291db4149,nl.ttys0.simplec25k.MyAlarmService,105,10,8
1906b5cd41747a46518e1c4d6e17cc6291db4149,nl.ttys0.simplec25k.MyPhoneStateListener,44,0,4
1906b5cd41747a46518e1c4d6e17cc6291db4149,nl.ttys0.simplec25k.MyPreferenceActivity,52,6,9
1906b5cd41747a46518e1c4d6e17cc6291db4149,nl.ttys0.simplec25k.ProgramService,705,38,18
1906b5cd41747a46518e1c4d6e17cc6291db4149,nl.ttys0.simplec25k.ServiceReceiver,20,0,5
1906b5cd41747a46518e1c4d6e17cc6291db4149,nl.ttys0.simplec25k.Simplec25kMainActivity,173,0,17
1906b5cd41747a46518e1c4d6e17cc6291db4149,nl.ttys0.simplec25k.TimerActivity,385,75,21
1906b5cd41747a46518e1c4d6e17cc6291db4149,nl.ttys0.simplec25k.WorkoutFileEditor,71,0,7
087131f45afb918620df94355b2b0c122a4b1f8f,nl.ttys0.simplec25k.R,73,0,0
087131f45afb918620df94355b2b0c122a4b1f8f,nl.ttys0.simplec25k.CountdownChronometer,482,367,9
087131f45afb918620df94355b2b0c122a4b1f8f,nl.ttys0.simplec25k.MyAlarmService,105,10,8
087131f45afb918620df94355b2b0c122a4b1f8f,nl.ttys0.simplec25k.MyPhoneStateListener,44,0,4
087131f45afb918620df94355b2b0c122a4b1f8f,nl.ttys0.simplec25k.MyPreferenceActivity,52,6,9
087131f45afb918620df94355b2b0c122a4b1f8f,nl.ttys0.simplec25k.ProgramService,705,38,18
087131f45afb918620df94355b2b0c122a4b1f8f,nl.ttys0.simplec25k.ServiceReceiver,20,0,5
087131f45afb918620df94355b2b0c122a4b1f8f,nl.ttys0.simplec25k.Simplec25kMainActivity,173,0,17
087131f45afb918620df94355b2b0c122a4b1f8f,nl.ttys0.simplec25k.TimerActivity,385,75,21
087131f45afb918620df94355b2b0c122a4b1f8f,nl.ttys0.simplec25k.WorkoutFileEditor,71,0,7
ed515dd6c37fdbd3898482eb9b98cb8c5844f0ba,nl.ttys0.simplec25k.R,73,0,0
ed515dd6c37fdbd3898482eb9b98cb8c5844f0ba,nl.ttys0.simplec25k.CountdownChronometer,482,367,9
ed515dd6c37fdbd3898482eb9b98cb8c5844f0ba,nl.ttys0.simplec25k.MyAlarmService,105,10,8
ed515dd6c37fdbd3898482eb9b98cb8c5844f0ba,nl.ttys0.simplec25k.MyPhoneStateListener,44,0,4
ed515dd6c37fdbd3898482eb9b98cb8c5844f0ba,nl.ttys0.simplec25k.MyPreferenceActivity,52,6,9
ed515dd6c37fdbd3898482eb9b98cb8c5844f0ba,nl.ttys0.simplec25k.ProgramService,705,38,18
ed515dd6c37fdbd3898482eb9b98cb8c5844f0ba,nl.ttys0.simplec25k.ServiceReceiver,20,0,5
ed515dd6c37fdbd3898482eb9b98cb8c5844f0ba,nl.ttys0.simplec25k.Simplec25kMainActivity,173,0,17
ed515dd6c37fdbd3898482eb9b98cb8c5844f0ba,nl.ttys0.simplec25k.TimerActivity,385,75,21
ed515dd6c37fdbd3898482eb9b98cb8c5844f0ba,nl.ttys0.simplec25k.WorkoutFileEditor,71,0,7
4142430b7bc67d81ee9771937fc36ec6cf08c536,nl.ttys0.simplec25k.R,73,0,0
4142430b7bc67d81ee9771937fc36ec6cf08c536,nl.ttys0.simplec25k.CountdownChronometer,482,367,9
4142430b7bc67d81ee9771937fc36ec6cf08c536,nl.ttys0.simplec25k.MyAlarmService,105,10,8
4142430b7bc67d81ee9771937fc36ec6cf08c536,nl.ttys0.simplec25k.MyPhoneStateListener,44,0,4
4142430b7bc67d81ee9771937fc36ec6cf08c536,nl.ttys0.simplec25k.MyPreferenceActivity,52,6,9
4142430b7bc67d81ee9771937fc36ec6cf08c536,nl.ttys0.simplec25k.ProgramService,705,38,18
4142430b7bc67d81ee9771937fc36ec6cf08c536,nl.ttys0.simplec25k.ServiceReceiver,20,0,5
4142430b7bc67d81ee9771937fc36ec6cf08c536,nl.ttys0.simplec25k.Simplec25kMainActivity,173,0,17
4142430b7bc67d81ee9771937fc36ec6cf08c536,nl.ttys0.simplec25k.TimerActivity,385,75,21
4142430b7bc67d81ee9771937fc36ec6cf08c536,nl.ttys0.simplec25k.WorkoutFileEditor,71,0,7
4b4fb024d831a03e4203a55d7bd98ccba0e2d945,nl.ttys0.simplec25k.R,73,0,0
4b4fb024d831a03e4203a55d7bd98ccba0e2d945,nl.ttys0.simplec25k.CountdownChronometer,482,367,9
4b4fb024d831a03e4203a55d7bd98ccba0e2d945,nl.ttys0.simplec25k.MyAlarmService,105,10,8
4b4fb024d831a03e4203a55d7bd98ccba0e2d945,nl.ttys0.simplec25k.MyPhoneStateListener,44,0,4
4b4fb024d831a03e4203a55d7bd98ccba0e2d945,nl.ttys0.simplec25k.MyPreferenceActivity,52,6,9
4b4fb024d831a03e4203a55d7bd98ccba0e2d945,nl.ttys0.simplec25k.ProgramService,705,38,18
4b4fb024d831a03e4203a55d7bd98ccba0e2d945,nl.ttys0.simplec25k.ServiceReceiver,20,0,5
4b4fb024d831a03e4203a55d7bd98ccba0e2d945,nl.ttys0.simplec25k.Simplec25kMainActivity,173,0,17
4b4fb024d831a03e4203a55d7bd98ccba0e2d945,nl.ttys0.simplec25k.TimerActivity,385,75,21
4b4fb024d831a03e4203a55d7bd98ccba0e2d945,nl.ttys0.simplec25k.WorkoutFileEditor,71,0,7
2b1c1a7f6009c483994501e6672c9b7b34808aba,nl.ttys0.simplec25k.R,73,0,0
2b1c1a7f6009c483994501e6672c9b7b34808aba,nl.ttys0.simplec25k.CountdownChronometer,482,367,9
2b1c1a7f6009c483994501e6672c9b7b34808aba,nl.ttys0.simplec25k.MyAlarmService,105,10,8
2b1c1a7f6009c483994501e6672c9b7b34808aba,nl.ttys0.simplec25k.MyPhoneStateListener,44,0,4
2b1c1a7f6009c483994501e6672c9b7b34808aba,nl.ttys0.simplec25k.MyPreferenceActivity,52,6,9
2b1c1a7f6009c483994501e6672c9b7b34808aba,nl.ttys0.simplec25k.ProgramService,705,38,18
2b1c1a7f6009c483994501e6672c9b7b34808aba,nl.ttys0.simplec25k.ServiceReceiver,20,0,5
2b1c1a7f6009c483994501e6672c9b7b34808aba,nl.ttys0.simplec25k.Simplec25kMainActivity,173,0,17
2b1c1a7f6009c483994501e6672c9b7b34808aba,nl.ttys0.simplec25k.TimerActivity,385,75,21
2b1c1a7f6009c483994501e6672c9b7b34808aba,nl.ttys0.simplec25k.WorkoutFileEditor,71,0,7
cd224bf9230e8867e2e9d75ff28b7fa5f043560f,nl.ttys0.simplec25k.R,73,0,0
cd224bf9230e8867e2e9d75ff28b7fa5f043560f,nl.ttys0.simplec25k.CountdownChronometer,482,367,9
cd224bf9230e8867e2e9d75ff28b7fa5f043560f,nl.ttys0.simplec25k.MyAlarmService,105,10,8
cd224bf9230e8867e2e9d75ff28b7fa5f043560f,nl.ttys0.simplec25k.MyPhoneStateListener,44,0,4
cd224bf9230e8867e2e9d75ff28b7fa5f043560f,nl.ttys0.simplec25k.MyPreferenceActivity,52,6,9
cd224bf9230e8867e2e9d75ff28b7fa5f043560f,nl.ttys0.simplec25k.ProgramService,705,38,18
cd224bf9230e8867e2e9d75ff28b7fa5f043560f,nl.ttys0.simplec25k.ServiceReceiver,20,0,5
cd224bf9230e8867e2e9d75ff28b7fa5f043560f,nl.ttys0.simplec25k.Simplec25kMainActivity,173,0,17
cd224bf9230e8867e2e9d75ff28b7fa5f043560f,nl.ttys0.simplec25k.TimerActivity,385,75,21
cd224bf9230e8867e2e9d75ff28b7fa5f043560f,nl.ttys0.simplec25k.WorkoutFileEditor,71,0,7
846990ac10f8d69c6e74a94bb14d73cb91e8d3dd,nl.ttys0.simplec25k.R,73,0,0
846990ac10f8d69c6e74a94bb14d73cb91e8d3dd,nl.ttys0.simplec25k.CountdownChronometer,482,367,9
846990ac10f8d69c6e74a94bb14d73cb91e8d3dd,nl.ttys0.simplec25k.MyAlarmService,105,10,8
846990ac10f8d69c6e74a94bb14d73cb91e8d3dd,nl.ttys0.simplec25k.MyPhoneStateListener,44,0,4
846990ac10f8d69c6e74a94bb14d73cb91e8d3dd,nl.ttys0.simplec25k.MyPreferenceActivity,52,6,9
846990ac10f8d69c6e74a94bb14d73cb91e8d3dd,nl.ttys0.simplec25k.ProgramService,705,38,18
846990ac10f8d69c6e74a94bb14d73cb91e8d3dd,nl.ttys0.simplec25k.ServiceReceiver,20,0,5
846990ac10f8d69c6e74a94bb14d73cb91e8d3dd,nl.ttys0.simplec25k.Simplec25kMainActivity,173,0,17
846990ac10f8d69c6e74a94bb14d73cb91e8d3dd,nl.ttys0.simplec25k.TimerActivity,385,75,21
846990ac10f8d69c6e74a94bb14d73cb91e8d3dd,nl.ttys0.simplec25k.WorkoutFileEditor,71,0,7
4952bf4fc717e8894cdc2ee07a9b02af40c33ece,nl.ttys0.simplec25k.R,73,0,0
4952bf4fc717e8894cdc2ee07a9b02af40c33ece,nl.ttys0.simplec25k.CountdownChronometer,482,367,9
4952bf4fc717e8894cdc2ee07a9b02af40c33ece,nl.ttys0.simplec25k.MyAlarmService,105,10,8
4952bf4fc717e8894cdc2ee07a9b02af40c33ece,nl.ttys0.simplec25k.MyPhoneStateListener,44,0,4
4952bf4fc717e8894cdc2ee07a9b02af40c33ece,nl.ttys0.simplec25k.MyPreferenceActivity,52,6,9
4952bf4fc717e8894cdc2ee07a9b02af40c33ece,nl.ttys0.simplec25k.ProgramService,705,38,18
4952bf4fc717e8894cdc2ee07a9b02af40c33ece,nl.ttys0.simplec25k.ServiceReceiver,20,0,5
4952bf4fc717e8894cdc2ee07a9b02af40c33ece,nl.ttys0.simplec25k.Simplec25kMainActivity,173,0,17
4952bf4fc717e8894cdc2ee07a9b02af40c33ece,nl.ttys0.simplec25k.TimerActivity,385,75,21
4952bf4fc717e8894cdc2ee07a9b02af40c33ece,nl.ttys0.simplec25k.WorkoutFileEditor,71,0,7
54541cbed9e718d9dfaf9f61c005794de2100113,nl.ttys0.simplec25k.R,73,0,0
54541cbed9e718d9dfaf9f61c005794de2100113,nl.ttys0.simplec25k.CountdownChronometer,482,367,9
54541cbed9e718d9dfaf9f61c005794de2100113,nl.ttys0.simplec25k.MyAlarmService,105,10,8
54541cbed9e718d9dfaf9f61c005794de2100113,nl.ttys0.simplec25k.MyPhoneStateListener,44,0,4
54541cbed9e718d9dfaf9f61c005794de2100113,nl.ttys0.simplec25k.MyPreferenceActivity,52,6,9
54541cbed9e718d9dfaf9f61c005794de2100113,nl.ttys0.simplec25k.ProgramService,705,38,18
54541cbed9e718d9dfaf9f61c005794de2100113,nl.ttys0.simplec25k.ServiceReceiver,20,0,5
54541cbed9e718d9dfaf9f61c005794de2100113,nl.ttys0.simplec25k.Simplec25kMainActivity,173,0,17
54541cbed9e718d9dfaf9f61c005794de2100113,nl.ttys0.simplec25k.TimerActivity,385,75,21
54541cbed9e718d9dfaf9f61c005794de2100113,nl.ttys0.simplec25k.WorkoutFileEditor,71,0,7
5908c98658a24a57ca1fafa4e79441a930f09cce,nl.ttys0.simplec25k.R,73,0,0
5908c98658a24a57ca1fafa4e79441a930f09cce,nl.ttys0.simplec25k.CountdownChronometer,482,367,9
5908c98658a24a57ca1fafa4e79441a930f09cce,nl.ttys0.simplec25k.MyAlarmService,105,10,8
5908c98658a24a57ca1fafa4e79441a930f09cce,nl.ttys0.simplec25k.MyPhoneStateListener,44,0,4
5908c98658a24a57ca1fafa4e79441a930f09cce,nl.ttys0.simplec25k.MyPreferenceActivity,52,6,9
5908c98658a24a57ca1fafa4e79441a930f09cce,nl.ttys0.simplec25k.ProgramService,705,38,18
5908c98658a24a57ca1fafa4e79441a930f09cce,nl.ttys0.simplec25k.ServiceReceiver,20,0,5
5908c98658a24a57ca1fafa4e79441a930f09cce,nl.ttys0.simplec25k.Simplec25kMainActivity,173,0,17
5908c98658a24a57ca1fafa4e79441a930f09cce,nl.ttys0.simplec25k.TimerActivity,385,75,21
5908c98658a24a57ca1fafa4e79441a930f09cce,nl.ttys0.simplec25k.WorkoutFileEditor,71,0,7
bed11fdcdf5199535b8858e5f903848e6ca8b849,nl.ttys0.simplec25k.R,73,0,0
bed11fdcdf5199535b8858e5f903848e6ca8b849,nl.ttys0.simplec25k.CountdownChronometer,482,367,9
bed11fdcdf5199535b8858e5f903848e6ca8b849,nl.ttys0.simplec25k.MyAlarmService,105,10,8
bed11fdcdf5199535b8858e5f903848e6ca8b849,nl.ttys0.simplec25k.MyPhoneStateListener,44,0,4
bed11fdcdf5199535b8858e5f903848e6ca8b849,nl.ttys0.simplec25k.MyPreferenceActivity,52,6,9
bed11fdcdf5199535b8858e5f903848e6ca8b849,nl.ttys0.simplec25k.ProgramService,705,38,18
bed11fdcdf5199535b8858e5f903848e6ca8b849,nl.ttys0.simplec25k.ServiceReceiver,20,0,5
bed11fdcdf5199535b8858e5f903848e6ca8b849,nl.ttys0.simplec25k.Simplec25kMainActivity,173,0,17
bed11fdcdf5199535b8858e5f903848e6ca8b849,nl.ttys0.simplec25k.TimerActivity,385,75,21
bed11fdcdf5199535b8858e5f903848e6ca8b849,nl.ttys0.simplec25k.WorkoutFileEditor,71,0,7
2a700f49d7e1703d3da9982c21d949c44f400fa1,nl.ttys0.simplec25k.R,73,0,0
2a700f49d7e1703d3da9982c21d949c44f400fa1,nl.ttys0.simplec25k.CountdownChronometer,482,367,9
2a700f49d7e1703d3da9982c21d949c44f400fa1,nl.ttys0.simplec25k.MyAlarmService,105,10,8
2a700f49d7e1703d3da9982c21d949c44f400fa1,nl.ttys0.simplec25k.MyPhoneStateListener,44,0,4
2a700f49d7e1703d3da9982c21d949c44f400fa1,nl.ttys0.simplec25k.MyPreferenceActivity,52,6,9
2a700f49d7e1703d3da9982c21d949c44f400fa1,nl.ttys0.simplec25k.ProgramService,705,38,18
2a700f49d7e1703d3da9982c21d949c44f400fa1,nl.ttys0.simplec25k.ServiceReceiver,20,0,5
2a700f49d7e1703d3da9982c21d949c44f400fa1,nl.ttys0.simplec25k.Simplec25kMainActivity,173,0,17
2a700f49d7e1703d3da9982c21d949c44f400fa1,nl.ttys0.simplec25k.TimerActivity,385,75,21
2a700f49d7e1703d3da9982c21d949c44f400fa1,nl.ttys0.simplec25k.WorkoutFileEditor,71,0,7
d5d9fef33edf406bf32fb1d0b49dbf029fefac53,nl.ttys0.simplec25k.R,73,0,0
d5d9fef33edf406bf32fb1d0b49dbf029fefac53,nl.ttys0.simplec25k.CountdownChronometer,482,367,9
d5d9fef33edf406bf32fb1d0b49dbf029fefac53,nl.ttys0.simplec25k.MyAlarmService,105,10,8
d5d9fef33edf406bf32fb1d0b49dbf029fefac53,nl.ttys0.simplec25k.MyPhoneStateListener,44,0,4
d5d9fef33edf406bf32fb1d0b49dbf029fefac53,nl.ttys0.simplec25k.MyPreferenceActivity,52,6,9
d5d9fef33edf406bf32fb1d0b49dbf029fefac53,nl.ttys0.simplec25k.ProgramService,705,38,18
d5d9fef33edf406bf32fb1d0b49dbf029fefac53,nl.ttys0.simplec25k.ServiceReceiver,20,0,5
d5d9fef33edf406bf32fb1d0b49dbf029fefac53,nl.ttys0.simplec25k.Simplec25kMainActivity,173,0,17
d5d9fef33edf406bf32fb1d0b49dbf029fefac53,nl.ttys0.simplec25k.TimerActivity,385,75,21
d5d9fef33edf406bf32fb1d0b49dbf029fefac53,nl.ttys0.simplec25k.WorkoutFileEditor,71,0,7
b3346557cdbcdc3d065d920871390d837f9f5510,nl.ttys0.simplec25k.R,73,0,0
b3346557cdbcdc3d065d920871390d837f9f5510,nl.ttys0.simplec25k.CountdownChronometer,482,367,9
b3346557cdbcdc3d065d920871390d837f9f5510,nl.ttys0.simplec25k.MyAlarmService,105,10,8
b3346557cdbcdc3d065d920871390d837f9f5510,nl.ttys0.simplec25k.MyPhoneStateListener,44,0,4
b3346557cdbcdc3d065d920871390d837f9f5510,nl.ttys0.simplec25k.MyPreferenceActivity,52,6,9
b3346557cdbcdc3d065d920871390d837f9f5510,nl.ttys0.simplec25k.ProgramService,705,38,18
b3346557cdbcdc3d065d920871390d837f9f5510,nl.ttys0.simplec25k.ServiceReceiver,20,0,5
b3346557cdbcdc3d065d920871390d837f9f5510,nl.ttys0.simplec25k.Simplec25kMainActivity,173,0,17
b3346557cdbcdc3d065d920871390d837f9f5510,nl.ttys0.simplec25k.TimerActivity,385,75,21
b3346557cdbcdc3d065d920871390d837f9f5510,nl.ttys0.simplec25k.WorkoutFileEditor,71,0,7
ba2aeaed9abffc2c77f8077cff00318903b71412,nl.ttys0.simplec25k.R,73,0,0
ba2aeaed9abffc2c77f8077cff00318903b71412,nl.ttys0.simplec25k.CountdownChronometer,482,367,9
ba2aeaed9abffc2c77f8077cff00318903b71412,nl.ttys0.simplec25k.MyAlarmService,105,10,8
ba2aeaed9abffc2c77f8077cff00318903b71412,nl.ttys0.simplec25k.MyPhoneStateListener,44,0,4
ba2aeaed9abffc2c77f8077cff00318903b71412,nl.ttys0.simplec25k.MyPreferenceActivity,52,6,9
ba2aeaed9abffc2c77f8077cff00318903b71412,nl.ttys0.simplec25k.ProgramService,705,38,18
ba2aeaed9abffc2c77f8077cff00318903b71412,nl.ttys0.simplec25k.ServiceReceiver,20,0,5
ba2aeaed9abffc2c77f8077cff00318903b71412,nl.ttys0.simplec25k.Simplec25kMainActivity,173,0,17
ba2aeaed9abffc2c77f8077cff00318903b71412,nl.ttys0.simplec25k.TimerActivity,385,75,21
ba2aeaed9abffc2c77f8077cff00318903b71412,nl.ttys0.simplec25k.WorkoutFileEditor,71,0,7
922df85f7b531d3bce85800287ca862d1b38243b,nl.ttys0.simplec25k.R,73,0,0
922df85f7b531d3bce85800287ca862d1b38243b,nl.ttys0.simplec25k.CountdownChronometer,482,367,9
922df85f7b531d3bce85800287ca862d1b38243b,nl.ttys0.simplec25k.MyAlarmService,105,10,8
922df85f7b531d3bce85800287ca862d1b38243b,nl.ttys0.simplec25k.MyPhoneStateListener,44,0,4
922df85f7b531d3bce85800287ca862d1b38243b,nl.ttys0.simplec25k.MyPreferenceActivity,52,6,9
922df85f7b531d3bce85800287ca862d1b38243b,nl.ttys0.simplec25k.ProgramService,705,38,18
922df85f7b531d3bce85800287ca862d1b38243b,nl.ttys0.simplec25k.ServiceReceiver,20,0,5
922df85f7b531d3bce85800287ca862d1b38243b,nl.ttys0.simplec25k.Simplec25kMainActivity,173,0,17
922df85f7b531d3bce85800287ca862d1b38243b,nl.ttys0.simplec25k.TimerActivity,385,75,21
922df85f7b531d3bce85800287ca862d1b38243b,nl.ttys0.simplec25k.WorkoutFileEditor,71,0,7
69841c0ebf4c76c82aa3730805b7a8531a5c39a9,nl.ttys0.simplec25k.R,73,0,0
69841c0ebf4c76c82aa3730805b7a8531a5c39a9,nl.ttys0.simplec25k.CountdownChronometer,482,367,9
69841c0ebf4c76c82aa3730805b7a8531a5c39a9,nl.ttys0.simplec25k.MyAlarmService,105,10,8
69841c0ebf4c76c82aa3730805b7a8531a5c39a9,nl.ttys0.simplec25k.MyPhoneStateListener,44,0,4
69841c0ebf4c76c82aa3730805b7a8531a5c39a9,nl.ttys0.simplec25k.MyPreferenceActivity,52,6,9
69841c0ebf4c76c82aa3730805b7a8531a5c39a9,nl.ttys0.simplec25k.ProgramService,705,38,18
69841c0ebf4c76c82aa3730805b7a8531a5c39a9,nl.ttys0.simplec25k.ServiceReceiver,20,0,5
69841c0ebf4c76c82aa3730805b7a8531a5c39a9,nl.ttys0.simplec25k.Simplec25kMainActivity,173,0,17
69841c0ebf4c76c82aa3730805b7a8531a5c39a9,nl.ttys0.simplec25k.TimerActivity,385,75,21
69841c0ebf4c76c82aa3730805b7a8531a5c39a9,nl.ttys0.simplec25k.WorkoutFileEditor,71,0,7
46b314656c60c35fb331a65b8e8ec8ff827e8947,nl.ttys0.simplec25k.R,73,0,0
46b314656c60c35fb331a65b8e8ec8ff827e8947,nl.ttys0.simplec25k.CountdownChronometer,482,367,9
46b314656c60c35fb331a65b8e8ec8ff827e8947,nl.ttys0.simplec25k.MyAlarmService,105,10,8
46b314656c60c35fb331a65b8e8ec8ff827e8947,nl.ttys0.simplec25k.MyPhoneStateListener,44,0,4
46b314656c60c35fb331a65b8e8ec8ff827e8947,nl.ttys0.simplec25k.MyPreferenceActivity,52,6,9
46b314656c60c35fb331a65b8e8ec8ff827e8947,nl.ttys0.simplec25k.ProgramService,705,38,18
46b314656c60c35fb331a65b8e8ec8ff827e8947,nl.ttys0.simplec25k.ServiceReceiver,20,0,5
46b314656c60c35fb331a65b8e8ec8ff827e8947,nl.ttys0.simplec25k.Simplec25kMainActivity,173,0,17
46b314656c60c35fb331a65b8e8ec8ff827e8947,nl.ttys0.simplec25k.TimerActivity,385,75,21
46b314656c60c35fb331a65b8e8ec8ff827e8947,nl.ttys0.simplec25k.WorkoutFileEditor,71,0,7
3ff3f7bb98a1dc06d154ba9936bdf7eb553ae51c,nl.ttys0.simplec25k.R,73,0,0
3ff3f7bb98a1dc06d154ba9936bdf7eb553ae51c,nl.ttys0.simplec25k.CountdownChronometer,482,367,9
3ff3f7bb98a1dc06d154ba9936bdf7eb553ae51c,nl.ttys0.simplec25k.MyAlarmService,105,10,8
3ff3f7bb98a1dc06d154ba9936bdf7eb553ae51c,nl.ttys0.simplec25k.MyPhoneStateListener,44,0,4
3ff3f7bb98a1dc06d154ba9936bdf7eb553ae51c,nl.ttys0.simplec25k.MyPreferenceActivity,52,6,9
3ff3f7bb98a1dc06d154ba9936bdf7eb553ae51c,nl.ttys0.simplec25k.ProgramService,705,38,18
3ff3f7bb98a1dc06d154ba9936bdf7eb553ae51c,nl.ttys0.simplec25k.ServiceReceiver,20,0,5
3ff3f7bb98a1dc06d154ba9936bdf7eb553ae51c,nl.ttys0.simplec25k.Simplec25kMainActivity,173,0,17
3ff3f7bb98a1dc06d154ba9936bdf7eb553ae51c,nl.ttys0.simplec25k.TimerActivity,385,75,21
3ff3f7bb98a1dc06d154ba9936bdf7eb553ae51c,nl.ttys0.simplec25k.WorkoutFileEditor,71,0,7
e3986084411fb552c88305bf89859adf015ed715,nl.ttys0.simplec25k.R,73,0,0
e3986084411fb552c88305bf89859adf015ed715,nl.ttys0.simplec25k.CountdownChronometer,482,367,9
e3986084411fb552c88305bf89859adf015ed715,nl.ttys0.simplec25k.MyAlarmService,105,10,8
e3986084411fb552c88305bf89859adf015ed715,nl.ttys0.simplec25k.MyPhoneStateListener,44,0,4
e3986084411fb552c88305bf89859adf015ed715,nl.ttys0.simplec25k.MyPreferenceActivity,52,6,9
e3986084411fb552c88305bf89859adf015ed715,nl.ttys0.simplec25k.ProgramService,705,38,18
e3986084411fb552c88305bf89859adf015ed715,nl.ttys0.simplec25k.ServiceReceiver,20,0,5
e3986084411fb552c88305bf89859adf015ed715,nl.ttys0.simplec25k.Simplec25kMainActivity,173,0,17
e3986084411fb552c88305bf89859adf015ed715,nl.ttys0.simplec25k.TimerActivity,385,75,21
e3986084411fb552c88305bf89859adf015ed715,nl.ttys0.simplec25k.WorkoutFileEditor,71,0,7
ae3f4ced9cdc6536e0fff3931da828b1c637be10,nl.ttys0.simplec25k.R,73,0,0
ae3f4ced9cdc6536e0fff3931da828b1c637be10,nl.ttys0.simplec25k.CountdownChronometer,482,367,9
ae3f4ced9cdc6536e0fff3931da828b1c637be10,nl.ttys0.simplec25k.MyAlarmService,105,10,8
ae3f4ced9cdc6536e0fff3931da828b1c637be10,nl.ttys0.simplec25k.MyPhoneStateListener,44,0,4
ae3f4ced9cdc6536e0fff3931da828b1c637be10,nl.ttys0.simplec25k.MyPreferenceActivity,52,6,9
ae3f4ced9cdc6536e0fff3931da828b1c637be10,nl.ttys0.simplec25k.ProgramService,705,38,18
ae3f4ced9cdc6536e0fff3931da828b1c637be10,nl.ttys0.simplec25k.ServiceReceiver,20,0,5
ae3f4ced9cdc6536e0fff3931da828b1c637be10,nl.ttys0.simplec25k.Simplec25kMainActivity,173,0,17
ae3f4ced9cdc6536e0fff3931da828b1c637be10,nl.ttys0.simplec25k.TimerActivity,385,75,21
ae3f4ced9cdc6536e0fff3931da828b1c637be10,nl.ttys0.simplec25k.WorkoutFileEditor,71,0,7
326398d03d530c77ff025de1ac4824581f63dad8,nl.ttys0.simplec25k.R,73,0,0
326398d03d530c77ff025de1ac4824581f63dad8,nl.ttys0.simplec25k.CountdownChronometer,482,367,9
326398d03d530c77ff025de1ac4824581f63dad8,nl.ttys0.simplec25k.MyAlarmService,105,10,8
326398d03d530c77ff025de1ac4824581f63dad8,nl.ttys0.simplec25k.MyPhoneStateListener,44,0,4
326398d03d530c77ff025de1ac4824581f63dad8,nl.ttys0.simplec25k.MyPreferenceActivity,52,6,9
326398d03d530c77ff025de1ac4824581f63dad8,nl.ttys0.simplec25k.ProgramService,705,38,18
326398d03d530c77ff025de1ac4824581f63dad8,nl.ttys0.simplec25k.ServiceReceiver,20,0,5
326398d03d530c77ff025de1ac4824581f63dad8,nl.ttys0.simplec25k.Simplec25kMainActivity,173,0,17
326398d03d530c77ff025de1ac4824581f63dad8,nl.ttys0.simplec25k.TimerActivity,385,75,21
326398d03d530c77ff025de1ac4824581f63dad8,nl.ttys0.simplec25k.WorkoutFileEditor,71,0,7
9dbc2a401d60ccaeb4c9900e85d7c4f061be415f,nl.ttys0.simplec25k.R,73,0,0
9dbc2a401d60ccaeb4c9900e85d7c4f061be415f,nl.ttys0.simplec25k.CountdownChronometer,482,367,9
9dbc2a401d60ccaeb4c9900e85d7c4f061be415f,nl.ttys0.simplec25k.MyAlarmService,105,10,8
9dbc2a401d60ccaeb4c9900e85d7c4f061be415f,nl.ttys0.simplec25k.MyPhoneStateListener,44,0,4
9dbc2a401d60ccaeb4c9900e85d7c4f061be415f,nl.ttys0.simplec25k.MyPreferenceActivity,52,6,9
9dbc2a401d60ccaeb4c9900e85d7c4f061be415f,nl.ttys0.simplec25k.ProgramService,705,38,18
9dbc2a401d60ccaeb4c9900e85d7c4f061be415f,nl.ttys0.simplec25k.ServiceReceiver,20,0,5
9dbc2a401d60ccaeb4c9900e85d7c4f061be415f,nl.ttys0.simplec25k.Simplec25kMainActivity,173,0,17
9dbc2a401d60ccaeb4c9900e85d7c4f061be415f,nl.ttys0.simplec25k.TimerActivity,385,75,21
9dbc2a401d60ccaeb4c9900e85d7c4f061be415f,nl.ttys0.simplec25k.WorkoutFileEditor,71,0,7
809ac11f17d52878508de7dcdb63088db6c9fdb9,nl.ttys0.simplec25k.R,73,0,0
809ac11f17d52878508de7dcdb63088db6c9fdb9,nl.ttys0.simplec25k.CountdownChronometer,482,367,9
809ac11f17d52878508de7dcdb63088db6c9fdb9,nl.ttys0.simplec25k.MyAlarmService,105,10,8
809ac11f17d52878508de7dcdb63088db6c9fdb9,nl.ttys0.simplec25k.MyPhoneStateListener,44,0,4
809ac11f17d52878508de7dcdb63088db6c9fdb9,nl.ttys0.simplec25k.MyPreferenceActivity,52,6,9
809ac11f17d52878508de7dcdb63088db6c9fdb9,nl.ttys0.simplec25k.ProgramService,705,38,18
809ac11f17d52878508de7dcdb63088db6c9fdb9,nl.ttys0.simplec25k.ServiceReceiver,20,0,5
809ac11f17d52878508de7dcdb63088db6c9fdb9,nl.ttys0.simplec25k.Simplec25kMainActivity,173,0,17
809ac11f17d52878508de7dcdb63088db6c9fdb9,nl.ttys0.simplec25k.TimerActivity,385,75,21
809ac11f17d52878508de7dcdb63088db6c9fdb9,nl.ttys0.simplec25k.WorkoutFileEditor,71,0,7
b1c598abc2a6dc8ab802aedbd4bb90b0ea8fcac5,nl.ttys0.simplec25k.R,73,0,0
b1c598abc2a6dc8ab802aedbd4bb90b0ea8fcac5,nl.ttys0.simplec25k.CountdownChronometer,482,367,9
b1c598abc2a6dc8ab802aedbd4bb90b0ea8fcac5,nl.ttys0.simplec25k.MyAlarmService,105,10,8
b1c598abc2a6dc8ab802aedbd4bb90b0ea8fcac5,nl.ttys0.simplec25k.MyPhoneStateListener,44,0,4
b1c598abc2a6dc8ab802aedbd4bb90b0ea8fcac5,nl.ttys0.simplec25k.MyPreferenceActivity,52,6,9
b1c598abc2a6dc8ab802aedbd4bb90b0ea8fcac5,nl.ttys0.simplec25k.ProgramService,705,38,18
b1c598abc2a6dc8ab802aedbd4bb90b0ea8fcac5,nl.ttys0.simplec25k.ServiceReceiver,20,0,5
b1c598abc2a6dc8ab802aedbd4bb90b0ea8fcac5,nl.ttys0.simplec25k.Simplec25kMainActivity,173,0,17
b1c598abc2a6dc8ab802aedbd4bb90b0ea8fcac5,nl.ttys0.simplec25k.TimerActivity,385,75,21
b1c598abc2a6dc8ab802aedbd4bb90b0ea8fcac5,nl.ttys0.simplec25k.WorkoutFileEditor,71,0,7
0b2b4305ea1a3cd504b6503aca079571385b7d44,nl.ttys0.simplec25k.R,73,0,0
0b2b4305ea1a3cd504b6503aca079571385b7d44,nl.ttys0.simplec25k.CountdownChronometer,482,367,9
0b2b4305ea1a3cd504b6503aca079571385b7d44,nl.ttys0.simplec25k.MyAlarmService,105,10,8
0b2b4305ea1a3cd504b6503aca079571385b7d44,nl.ttys0.simplec25k.MyPhoneStateListener,44,0,4
0b2b4305ea1a3cd504b6503aca079571385b7d44,nl.ttys0.simplec25k.MyPreferenceActivity,52,6,9
0b2b4305ea1a3cd504b6503aca079571385b7d44,nl.ttys0.simplec25k.ProgramService,705,38,18
0b2b4305ea1a3cd504b6503aca079571385b7d44,nl.ttys0.simplec25k.ServiceReceiver,20,0,5
0b2b4305ea1a3cd504b6503aca079571385b7d44,nl.ttys0.simplec25k.Simplec25kMainActivity,173,0,17
0b2b4305ea1a3cd504b6503aca079571385b7d44,nl.ttys0.simplec25k.TimerActivity,385,75,21
0b2b4305ea1a3cd504b6503aca079571385b7d44,nl.ttys0.simplec25k.WorkoutFileEditor,71,0,7
f1d43b15599ed4c3af00c5af8fda3b3c87c282d6,nl.ttys0.simplec25k.R,73,0,0
f1d43b15599ed4c3af00c5af8fda3b3c87c282d6,nl.ttys0.simplec25k.CountdownChronometer,482,367,9
f1d43b15599ed4c3af00c5af8fda3b3c87c282d6,nl.ttys0.simplec25k.MyAlarmService,105,10,8
f1d43b15599ed4c3af00c5af8fda3b3c87c282d6,nl.ttys0.simplec25k.MyPhoneStateListener,44,0,4
f1d43b15599ed4c3af00c5af8fda3b3c87c282d6,nl.ttys0.simplec25k.MyPreferenceActivity,52,6,9
f1d43b15599ed4c3af00c5af8fda3b3c87c282d6,nl.ttys0.simplec25k.ProgramService,705,38,18
f1d43b15599ed4c3af00c5af8fda3b3c87c282d6,nl.ttys0.simplec25k.ServiceReceiver,20,0,5
f1d43b15599ed4c3af00c5af8fda3b3c87c282d6,nl.ttys0.simplec25k.Simplec25kMainActivity,173,0,17
f1d43b15599ed4c3af00c5af8fda3b3c87c282d6,nl.ttys0.simplec25k.TimerActivity,385,75,21
f1d43b15599ed4c3af00c5af8fda3b3c87c282d6,nl.ttys0.simplec25k.WorkoutFileEditor,71,0,7
764c472bd0725ad0702703cf26cf5f47a7f66c83,nl.ttys0.simplec25k.R,73,0,0
764c472bd0725ad0702703cf26cf5f47a7f66c83,nl.ttys0.simplec25k.CountdownChronometer,482,367,9
764c472bd0725ad0702703cf26cf5f47a7f66c83,nl.ttys0.simplec25k.MyAlarmService,105,10,8
764c472bd0725ad0702703cf26cf5f47a7f66c83,nl.ttys0.simplec25k.MyPhoneStateListener,44,0,4
764c472bd0725ad0702703cf26cf5f47a7f66c83,nl.ttys0.simplec25k.MyPreferenceActivity,52,6,9
764c472bd0725ad0702703cf26cf5f47a7f66c83,nl.ttys0.simplec25k.ProgramService,705,38,18
764c472bd0725ad0702703cf26cf5f47a7f66c83,nl.ttys0.simplec25k.ServiceReceiver,20,0,5
764c472bd0725ad0702703cf26cf5f47a7f66c83,nl.ttys0.simplec25k.Simplec25kMainActivity,173,0,17
764c472bd0725ad0702703cf26cf5f47a7f66c83,nl.ttys0.simplec25k.TimerActivity,385,75,21
764c472bd0725ad0702703cf26cf5f47a7f66c83,nl.ttys0.simplec25k.WorkoutFileEditor,71,0,7
4e163a742b5022c999c1903ffaefbf6a33cecfb0,nl.ttys0.simplec25k.R,73,0,0
4e163a742b5022c999c1903ffaefbf6a33cecfb0,nl.ttys0.simplec25k.CountdownChronometer,482,367,9
4e163a742b5022c999c1903ffaefbf6a33cecfb0,nl.ttys0.simplec25k.MyAlarmService,105,10,8
4e163a742b5022c999c1903ffaefbf6a33cecfb0,nl.ttys0.simplec25k.MyPhoneStateListener,44,0,4
4e163a742b5022c999c1903ffaefbf6a33cecfb0,nl.ttys0.simplec25k.MyPreferenceActivity,52,6,9
4e163a742b5022c999c1903ffaefbf6a33cecfb0,nl.ttys0.simplec25k.ProgramService,705,38,18
4e163a742b5022c999c1903ffaefbf6a33cecfb0,nl.ttys0.simplec25k.ServiceReceiver,20,0,5
4e163a742b5022c999c1903ffaefbf6a33cecfb0,nl.ttys0.simplec25k.Simplec25kMainActivity,173,0,17
4e163a742b5022c999c1903ffaefbf6a33cecfb0,nl.ttys0.simplec25k.TimerActivity,385,75,21
4e163a742b5022c999c1903ffaefbf6a33cecfb0,nl.ttys0.simplec25k.WorkoutFileEditor,71,0,7
aa36e4a2a5424e6e50ed1f80435bd7f9f0f55021,nl.ttys0.simplec25k.R,73,0,0
aa36e4a2a5424e6e50ed1f80435bd7f9f0f55021,nl.ttys0.simplec25k.CountdownChronometer,482,367,9
aa36e4a2a5424e6e50ed1f80435bd7f9f0f55021,nl.ttys0.simplec25k.MyAlarmService,105,10,8
aa36e4a2a5424e6e50ed1f80435bd7f9f0f55021,nl.ttys0.simplec25k.MyPhoneStateListener,44,0,4
aa36e4a2a5424e6e50ed1f80435bd7f9f0f55021,nl.ttys0.simplec25k.MyPreferenceActivity,52,6,9
aa36e4a2a5424e6e50ed1f80435bd7f9f0f55021,nl.ttys0.simplec25k.ProgramService,705,38,18
aa36e4a2a5424e6e50ed1f80435bd7f9f0f55021,nl.ttys0.simplec25k.ServiceReceiver,20,0,5
aa36e4a2a5424e6e50ed1f80435bd7f9f0f55021,nl.ttys0.simplec25k.Simplec25kMainActivity,173,0,17
aa36e4a2a5424e6e50ed1f80435bd7f9f0f55021,nl.ttys0.simplec25k.TimerActivity,385,75,21
aa36e4a2a5424e6e50ed1f80435bd7f9f0f55021,nl.ttys0.simplec25k.WorkoutFileEditor,71,0,7
